id,fecha,angulo,ultrasonico,infrarrojo,kalman
1,2026-03-04T18:17:38.026065,"[0, 3, 6, 9, 12, 15, 18, 21, 24, 27, 30, 33, 36, 39, 42, 45, 48, 51, 54, 57, 60, 63, 66, 69, 72, 75, 78, 81, 84, 87, 90, 93, 96, 99, 102, 105, 108, 111, 114, 117, 120, 123, 126, 129, 132, 135, 138, 141, 144, 147, 150, 153, 156, 159, 162, 165, 168, 171, 174, 177, 180]","[271.0, 270.0, 270.0, 270.0, 270.0, 271.0, 271.0, 271.0, 277.0, 277.0, 274.0, 272.0, 271.0, 266.0, 265.0, 264.0, 259.0, 258.0, 258.0, 261.0, 261.0, 253.0, 253.0, 261.0, 262.0, 250.0, 249.0, 249.0, 248.0, 248.0, 248.0, 248.0, 248.0, 248.0, 249.0, 249.0, 250.0, 250.0, 251.0, 251.0, 257.0, 263.0, 245.0, 240.0, 234.0, 225.0, 228.0, 223.0, 217.0, 217.0, 216.0, 216.0, 211.0, 215.0, 215.0, 210.0, 215.0, 215.0, 210.0, 215.0, 215.0]","[266.93, 268.93, 269.93, 270.93, 268.93, 267.93, 267.93, 267.93, 258.93, 263.93, 260.93, 259.93, 248.93, 268.93, 273.93, 274.93, 272.93, 269.93, 267.93, 264.93, 260.93, 257.93, 255.93, 255.93, 254.93, 255.93, 247.93, 246.93, 237.93, 244.93, 246.93, 246.93, 247.93, 246.93, 246.93, 246.93, 247.93, 247.93, 249.93, 253.93, 261.93, 263.93, 251.93, 245.93, 246.93, 247.93, 241.93, 237.93, 228.93, 223.93, 215.93, 216.93, 213.93, 221.93, 220.93, 218.93, 217.93, 217.93, 216.93, 214.93, 215.93]","[256.27797169811316, 263.3395617879053, 266.1473931926068, 267.80604041748563, 268.4177821055062, 268.797450832262, 269.03778217205405, 269.1911460047795, 268.75150389242395, 269.3655874585122, 268.6845914135215, 267.7102205138818, 264.9353701482135, 265.841638133842, 267.1397402249727, 267.9727835346975, 267.2534793896727, 266.0753564217542, 264.96104755955923, 264.2459483778442, 263.07052376305035, 260.3457872827087, 258.23895071699957, 258.31993458382567, 258.3719053672718, 256.4348405914453, 253.57958487161065, 251.5681173417006, 248.48598543272706, 247.7619521036074, 247.65556676471212, 247.58729477875966, 247.7226105333071, 247.630319609768, 247.75022139293037, 247.8271674546788, 248.23480457685855, 248.49640261441002, 249.20166752908685, 250.37078108857222, 253.62885385224112, 257.15272766434055, 254.04028346687437, 250.07247933055734, 246.6305271366128, 242.9886500920085, 240.1141167115625, 236.6572476106989, 231.7518962607582, 227.70828023923016, 223.50116120281805, 220.98040319171733, 217.92969554097775, 218.1214724154072, 218.06541498817032, 216.77553906533294, 216.66428609455332, 216.59289034268437, 215.47229995086556, 215.29055590346323, 215.35305182150134]"
