id,fecha,angulo,ultrasonico,infrarrojo,kalman
10,2026-03-04T18:26:30.101685,"[0, 3, 6, 9, 12, 15, 18, 21, 24, 27, 30, 33, 36, 39, 42, 45, 48, 51, 54, 57, 60, 63, 66, 69, 72, 75, 78, 81, 84, 87, 90, 93, 96, 99, 102, 105, 108, 111, 114, 117, 120, 123, 126, 129, 132, 135, 138, 141, 144, 147, 150, 153, 156, 159, 162, 165, 168, 171, 174, 177, 180]","[587.0, 516.0, 689.0, 690.0, 698.0, 882.0, 715.0, 717.0, 750.0, 554.0, 738.0, 600.0, 607.0, 748.0, 1555.0, 1109.0, 765.0, 595.0, 775.0, 638.0, 495.0, 474.0, 482.0, 482.0, 478.0, 416.0, 424.0, 410.0, 414.0, 406.0, 401.0, 401.0, 401.0, 397.0, 362.0, 340.0, 326.0, 317.0, 315.0, 319.0, 313.0, 313.0, 312.0, 312.0, 311.0, 306.0, 306.0, 306.0, 306.0, 306.0, 311.0, 307.0, 307.0, 308.0, 309.0, 318.0, 327.0, 312.0, 308.0, 328.0, 247.0]","[212.93, 212.93, 220.93, 229.93, 228.93, 227.93, 226.93, 227.93, 225.93, 225.93, 226.93, 221.93, 217.93, 220.93, 214.93, 225.93, 229.93, 230.93, 231.93, 232.93, 248.93, 295.93, 372.93, 400.93, 392.93, 385.93, 378.93, 371.93, 364.93, 361.93, 355.93, 350.93, 342.93, 340.93, 341.93, 337.93, 334.93, 330.93, 303.93, 289.93, 308.93, 303.93, 299.93, 286.93, 297.93, 283.93, 281.93, 278.93, 297.93, 297.93, 299.93, 298.93, 297.93, 296.93, 301.93, 297.93, 276.93, 266.93, 273.93, 276.93, 274.93]","[381.0987264150943, 372.19144609991235, 407.27051206948795, 427.5135703356306, 440.7706674351875, 482.17180952373326, 478.1371291169553, 476.1009325816366, 480.35486615937225, 447.9609020855893, 460.3240028260732, 442.6397375537813, 431.8291503813459, 450.6865280218157, 606.2707101796028, 628.1940644111286, 581.3593552499594, 521.0307856956422, 514.737709270326, 486.3376597524352, 445.3627878403124, 423.72482298903583, 425.0647697189734, 430.9402763667596, 432.56129285916813, 421.2416817717128, 414.1565358268059, 405.84799256829365, 399.97866146961627, 394.2416460327477, 388.5895431702476, 384.06670501807747, 379.7311775915465, 375.8741129748405, 367.3084922716781, 357.1542216194095, 347.5926059503107, 339.12783726955297, 328.5009012850199, 319.88985771001285, 316.6924598787297, 313.7449100994536, 310.9576984163292, 306.8403522147494, 305.9893643035973, 302.03980234295665, 299.1469432814118, 296.75308652190586, 298.62029397698916, 299.81856022747024, 301.84144001667994, 302.24396388548666, 302.32315174664296, 302.3739699571278, 303.48135486752506, 305.0876546751662, 303.9689400008671, 298.77279370804666, 295.97559251107896, 298.3004718655263, 284.9247564590121]"
