id,fecha,angulo,ultrasonico,infrarrojo,kalman
14,2026-03-04T18:36:42.349153,"[0, 3, 6, 9, 12, 15, 18, 21, 24, 27, 30, 33, 36, 39, 42, 45, 48, 51, 54, 57, 60, 63, 66, 69, 72, 75, 78, 81, 84, 87, 90, 93, 96, 99, 102, 105, 108, 111, 114, 117, 120, 123, 126, 129, 132, 135, 138, 141, 144, 147, 150, 153, 156, 159, 162, 165, 168, 171, 174, 177, 180]","[335.0, 339.0, 340.0, 339.0, 339.0, 339.0, 339.0, 339.0, 340.0, 341.0, 341.0, 347.0, 353.0, 353.0, 360.0, 365.0, 363.0, 367.0, 366.0, 367.0, 361.0, 361.0, 361.0, 364.0, 378.0, 358.0, 358.0, 358.0, 358.0, 362.0, 363.0, 367.0, 363.0, 368.0, 369.0, 370.0, 370.0, 338.0, 324.0, 314.0, 309.0, 307.0, 306.0, 305.0, 299.0, 299.0, 293.0, 297.0, 297.0, 292.0, 297.0, 296.0, 295.0, 296.0, 300.0, 300.0, 296.0, 305.0, 310.0, 312.0, 317.0]","[248.93, 257.93, 258.93, 268.93, 270.93, 315.93, 347.93, 331.93, 321.93, 315.93, 312.93, 312.93, 315.93, 324.93, 319.93, 313.93, 278.93, 294.93, 286.93, 317.93, 335.93, 335.93, 335.93, 334.93, 334.93, 331.93, 330.93, 332.93, 331.93, 329.93, 329.93, 330.93, 330.93, 330.93, 330.93, 320.93, 288.93, 281.93, 274.93, 291.93, 299.93, 305.93, 305.93, 311.93, 308.93, 311.93, 305.93, 302.93, 299.93, 296.93, 293.93, 290.93, 283.93, 274.93, 233.93, 187.93, 176.93, 184.93, 206.93, 231.93, 248.93]","[278.19306603773583, 289.0485889570552, 293.4630178769821, 297.4974481252955, 300.2511094184109, 310.1175023071389, 322.1232828347301, 326.9127292149118, 328.36569556708224, 328.4012843379145, 327.8866519019162, 328.6312791632121, 330.7213038911271, 333.6746995673545, 335.9282564703296, 337.1953237319089, 331.3806833916016, 331.2317616277718, 329.5240329929932, 334.16023260306457, 339.2850239045072, 342.57381985536244, 344.68437974253885, 346.39707313903034, 350.003984148158, 348.1987299340881, 346.8610929226194, 346.36093206535185, 345.86082883642973, 345.8981489443022, 346.10122762578305, 347.1271957561598, 347.0690878987755, 347.9274415448854, 348.65741228472, 347.5137064187683, 341.047620724641, 329.91203657027796, 319.004155250267, 313.258006473544, 310.10784534577317, 308.8027684261482, 307.786116407005, 308.0293315930018, 306.57325403486885, 306.1762136379531, 303.7718705516544, 302.4080303604344, 300.99540988705786, 298.65584111311057, 297.512698131281, 296.06257963671646, 293.69894679151287, 290.7490730266295, 282.22824883140373, 268.5201503040603, 257.036150066312, 252.71156918253863, 254.77277932346334, 260.9320225172711, 268.8255034789845]"
