id,fecha,angulo,ultrasonico,infrarrojo,kalman
18,2026-03-04T18:51:39.706093,"[0, 3, 6, 9, 12, 15, 18, 21, 24, 27, 30, 33, 36, 39, 42, 45, 48, 51, 54, 57, 60, 63, 66, 69, 72, 75, 78, 81, 84, 87, 90, 93, 96, 99, 102, 105, 108, 111, 114, 117, 120, 123, 126, 129, 132, 135, 138, 141, 144, 147, 150, 153, 156, 159, 162, 165, 168, 171, 174, 177, 180]","[557.0, 567.0, 753.0, 615.0, 767.0, 599.0, 608.0, 817.0, 797.0, 801.0, 811.0, 752.0, 685.0, 655.0, 489.0, 848.0, 673.0, 681.0, 549.0, 699.0, 527.0, 709.0, 629.0, 1366.0, 553.0, 562.0, 590.0, 748.0, 755.0, 413.0, 588.0, 629.0, 436.0, 614.0, 414.0, 414.0, 401.0, 893.0, 944.0, 656.0, 490.0, 663.0, 528.0, 675.0, 682.0, 681.0, 493.0, 276.0, 209.0, 199.0, 195.0, 188.0, 192.0, 186.0, 186.0, 185.0, 180.0, 179.0, 175.0, 179.0, 175.0]","[234.93, 227.93, 219.93, 217.93, 230.93, 229.93, 227.93, 225.93, 225.93, 226.93, 227.93, 228.93, 231.93, 227.93, 228.93, 226.93, 230.93, 229.93, 230.93, 233.93, 233.93, 234.93, 236.93, 239.93, 239.93, 237.93, 234.93, 223.93, 228.93, 224.93, 234.93, 233.93, 240.93, 270.93, 311.93, 318.93, 327.93, 327.93, 327.93, 316.93, 303.93, 282.93, 275.93, 266.93, 277.93, 268.93, 255.93, 243.93, 236.93, 228.93, 222.93, 216.93, 209.93, 200.93, 196.93, 192.93, 186.93, 181.93, 181.93, 178.93, 180.93]","[377.2874056603773, 388.09241016652055, 429.7822785577214, 424.6663270345582, 452.06397800606544, 438.4324728704692, 431.06376444441287, 463.51624901084745, 480.7085654947821, 492.62702262231755, 502.2432896180282, 498.02338268852543, 483.8509530628278, 468.66571468731377, 429.36444354899254, 468.09235098375683, 462.31460143535537, 459.86067917650763, 434.82002010901937, 446.1570742373425, 422.62239091929143, 440.29975426547077, 437.6720230206387, 568.5409972883264, 506.8934686961184, 468.5855353821636, 448.47992877541367, 461.90923928523785, 472.67694306842606, 417.608475941916, 415.4075291827045, 421.1602396499616, 391.53404408409756, 409.78044456261904, 393.00845717875853, 383.4990627238861, 376.6799656748001, 460.4352238565883, 523.320094831831, 510.11647813384997, 469.5791045927841, 470.7921272519395, 446.1342879272964, 455.0300784833078, 463.9632028614411, 467.9046799643847, 434.42920732589903, 371.9260844453488, 318.5596483825317, 281.08782387076064, 255.24927628566385, 236.33890975597853, 223.66593882324554, 212.84622388394476, 205.18623858244177, 199.3748570736882, 193.67503034744652, 188.94243698220743, 185.18881587441865, 182.9590867262614, 181.16991735386082]"
