id,fecha,angulo,ultrasonico,infrarrojo,kalman
24,2026-03-04T18:55:12.354403,"[0, 3, 6, 9, 12, 15, 18, 21, 24, 27, 30, 33, 36, 39, 42, 45, 48, 51, 54, 57, 60, 63, 66, 69, 72, 75, 78, 81, 84, 87, 90, 93, 96, 99, 102, 105, 108, 111, 114, 117, 120, 123, 126, 129, 132, 135, 138, 141, 144, 147, 150, 153, 156, 159, 162, 165, 168, 171, 174, 177, 180]","[483.0, 496.0, 713.0, 694.0, 708.0, 717.0, 1176.0, 754.0, 743.0, 754.0, 580.0, 629.0, 770.0, 373.0, 369.0, 367.0, 375.0, 388.0, 367.0, 328.0, 322.0, 322.0, 321.0, 320.0, 315.0, 319.0, 319.0, 319.0, 319.0, 319.0, 315.0, 315.0, 315.0, 315.0, 320.0, 313.0, 313.0, 313.0, 318.0, 297.0, 301.0, 248.0, 240.0, 234.0, 233.0, 237.0, 236.0, 226.0, 220.0, 220.0, 219.0, 219.0, 214.0, 210.0, 219.0, 219.0, 219.0, 220.0, 220.0, 224.0, 91.0]","[215.93, 207.93, 223.93, 226.93, 224.93, 222.93, 222.93, 222.93, 211.93, 203.93, 212.93, 220.93, 228.93, 227.93, 225.93, 224.93, 226.93, 231.93, 239.93, 269.93, 304.93, 333.93, 334.93, 325.93, 318.93, 312.93, 309.93, 308.93, 307.93, 304.93, 303.93, 303.93, 277.93, 271.93, 280.93, 269.93, 272.93, 276.93, 277.93, 276.93, 271.93, 264.93, 258.93, 252.93, 243.93, 234.93, 228.93, 231.93, 227.93, 232.93, 231.93, 229.93, 228.93, 226.93, 224.93, 223.93, 217.93, 212.93, 208.93, 218.93, 223.93]","[332.9808018867924, 343.14674846625763, 396.2560690839309, 420.9225034831936, 437.7163084616339, 449.4080678560137, 539.4336726067456, 521.1367981118722, 505.4780091116819, 495.97626404728067, 460.320563519153, 447.65342827885604, 466.2157608139446, 406.8337101106913, 367.6513826084457, 341.9691504244586, 327.2790930284166, 321.0761863811939, 314.7668448147171, 309.1057140252844, 310.66746125428926, 316.864435494188, 320.8412967674435, 321.60212952692285, 319.9408427722237, 318.5164670036156, 317.0649982818683, 315.95440043192144, 315.0625538836654, 313.95283175791434, 312.3450320600144, 311.3132387741231, 305.99374483961316, 301.50522716454213, 301.13255790884995, 297.66908210946747, 295.983809086222, 295.6188130192121, 296.45935226453133, 293.05792869830543, 290.69596208699284, 278.4324608082113, 268.0546487046029, 259.24522092494163, 251.80054948279076, 246.1273440134591, 241.2327058535847, 236.8377073711927, 232.22596251556132, 230.16205408678115, 228.47929890586164, 227.04114593661888, 225.04344944621312, 222.68667013656324, 222.42812634746053, 222.08307904310217, 220.78687483887748, 219.23853046343712, 217.528377041693, 218.9387020147566, 196.9152829430541]"
