id,fecha,angulo,ultrasonico,infrarrojo,kalman
25,2026-03-04T18:55:48.398293,"[0, 3, 6, 9, 12, 15, 18, 21, 24, 27, 30, 33, 36, 39, 42, 45, 48, 51, 54, 57, 60, 63, 66, 69, 72, 75, 78, 81, 84, 87, 90, 93, 96, 99, 102, 105, 108, 111, 114, 117, 120, 123, 126, 129, 132, 135, 138, 141, 144, 147, 150, 153, 156, 159, 162, 165, 168, 171, 174, 177, 180]","[603.0, 652.0, 799.0, 663.0, 818.0, 674.0, 659.0, 694.0, 500.0, 865.0, 692.0, 703.0, 1246.0, 373.0, 377.0, 372.0, 367.0, 400.0, 379.0, 358.0, 332.0, 322.0, 322.0, 321.0, 320.0, 316.0, 315.0, 315.0, 315.0, 319.0, 315.0, 315.0, 315.0, 315.0, 317.0, 317.0, 305.0, 313.0, 337.0, 338.0, 322.0, 244.0, 235.0, 234.0, 233.0, 236.0, 252.0, 225.0, 225.0, 225.0, 220.0, 223.0, 219.0, 223.0, 219.0, 219.0, 219.0, 224.0, 224.0, 225.0, 221.0]","[219.93, 227.93, 227.93, 227.93, 224.93, 214.93, 207.93, 200.93, 214.93, 224.93, 228.93, 229.93, 227.93, 226.93, 225.93, 216.93, 210.93, 203.93, 222.93, 254.93, 317.93, 367.93, 344.93, 331.93, 324.93, 317.93, 308.93, 289.93, 290.93, 288.93, 302.93, 301.93, 304.93, 306.93, 286.93, 269.93, 272.93, 279.93, 278.93, 274.93, 259.93, 246.93, 234.93, 238.93, 242.93, 244.93, 240.93, 237.93, 234.93, 233.93, 232.93, 230.93, 228.93, 225.93, 218.93, 217.93, 211.93, 221.93, 221.93, 223.93, 224.93]","[392.0562735849056, 417.7111656441718, 458.2912170487829, 453.3639111910034, 478.47620172728716, 466.1454444673818, 454.3798167302365, 451.8975167722924, 418.0381631659596, 463.52626451076384, 462.4293883764066, 463.87526091032, 561.7140714406422, 467.93955990603183, 408.29854630690824, 367.51674842279743, 339.37497055530537, 325.97256162466965, 317.0134123306025, 313.23436358505415, 317.43695295904007, 327.299084265429, 329.5080702576399, 328.41786730182355, 326.2852075295261, 322.9461726320193, 319.01208441428, 313.0839661695456, 309.45876994377664, 307.49058527633804, 308.01880551166715, 308.1786580645798, 308.8186285846518, 309.5875823911494, 306.85673455041615, 302.05904427905386, 297.3680038007724, 297.0444958538624, 300.9568491269241, 302.93018587112726, 298.64356746237434, 279.59194313404714, 263.6040029528258, 253.88124971641295, 248.17913277752606, 245.41548631788336, 245.79148253879083, 240.6589117250227, 236.82773690201574, 234.18998067466413, 231.4224478737586, 229.8255334323526, 227.72595296893033, 226.55769188404193, 223.83755254373622, 221.91279492742996, 219.60282358812296, 220.8073487376574, 221.58034363472333, 222.61379361297733, 222.7396159595834]"
