id,fecha,angulo,ultrasonico,infrarrojo,kalman
26,2026-03-04T19:08:43.421219,"[0, 3, 6, 9, 12, 15, 18, 21, 24, 27, 30, 33, 36, 39, 42, 45, 48, 51, 54, 57, 60, 63, 66, 69, 72, 75, 78, 81, 84, 87, 90, 93, 96, 99, 102, 105, 108, 111, 114, 117, 120, 123, 126, 129, 132, 135, 138, 141, 144, 147, 150, 153, 156, 159, 162, 165, 168, 171, 174, 177, 180]","[580.0, 576.0, 568.0, 744.0, 724.0, 622.0, 800.0, 638.0, 654.0, 629.0, 814.0, 647.0, 672.0, 671.0, 369.0, 363.0, 1049.0, 357.0, 362.0, 358.0, 327.0, 327.0, 322.0, 321.0, 316.0, 316.0, 320.0, 315.0, 319.0, 315.0, 311.0, 316.0, 311.0, 321.0, 321.0, 309.0, 309.0, 314.0, 337.0, 330.0, 270.0, 244.0, 235.0, 230.0, 233.0, 232.0, 231.0, 225.0, 224.0, 220.0, 219.0, 219.0, 219.0, 219.0, 219.0, 219.0, 220.0, 219.0, 215.0, 220.0, 225.0]","[220.93, 220.93, 221.93, 211.93, 208.93, 209.93, 220.93, 219.93, 219.93, 219.93, 222.93, 220.93, 211.93, 209.93, 216.93, 222.93, 223.93, 225.93, 232.93, 261.93, 289.93, 308.93, 298.93, 325.93, 318.93, 312.93, 306.93, 304.93, 302.93, 301.93, 300.93, 299.93, 288.93, 284.93, 261.93, 266.93, 271.93, 277.93, 276.93, 271.93, 267.93, 262.93, 256.93, 236.93, 232.93, 224.93, 235.93, 236.93, 233.93, 232.93, 230.93, 229.93, 228.93, 226.93, 224.93, 218.93, 216.93, 221.93, 221.93, 221.93, 222.93]","[381.57514150943393, 390.61957931638915, 392.4611493788506, 425.30821741347995, 440.48478947608135, 431.59514263214265, 459.9899027584361, 448.85249770246, 444.5901630537645, 437.3776973577405, 466.4319416920538, 454.7997372999703, 450.20148532944904, 446.71328133771095, 391.6315718964592, 356.2834664956939, 456.6606908957447, 397.47806738390443, 361.64762475626026, 343.1319323344573, 330.712241168183, 326.1454454922031, 320.5278071826661, 321.5800787440014, 320.1058206340516, 318.08495394326104, 316.4298204722067, 314.11374960251635, 312.98568622295016, 311.3661161642529, 309.43112541467895, 308.9058748870398, 305.7027387808433, 304.72192313930435, 299.972530076427, 295.670741535601, 293.8057452256343, 294.5793145930203, 299.0165801434618, 299.7146163056221, 288.69833350504814, 276.07572507830224, 265.28832989599994, 253.88738107420284, 246.3917796824985, 239.9693751645638, 237.63913352701974, 235.24807467114067, 232.99711561049855, 230.6569357482172, 228.61775668133586, 227.13000016597394, 225.996114899059, 224.91019504246026, 223.855056624858, 222.1031568237406, 220.7997596026235, 220.6798294410223, 219.88635002863438, 220.2727845457123, 221.59554868041945]"
