id,fecha,angulo,ultrasonico,infrarrojo,kalman
27,2026-03-04T19:09:35.581582,"[0, 3, 6, 9, 12, 15, 18, 21, 24, 27, 30, 33, 36, 39, 42, 45, 48, 51, 54, 57, 60, 63, 66, 69, 72, 75, 78, 81, 84, 87, 90, 93, 96, 99, 102, 105, 108, 111, 114, 117, 120, 123, 126, 129, 132, 135, 138, 141, 144, 147, 150, 153, 156, 159, 162, 165, 168, 171, 174, 177, 180]","[320.0, 325.0, 333.0, 333.0, 330.0, 326.0, 320.0, 315.0, 315.0, 314.0, 314.0, 314.0, 314.0, 310.0, 306.0, 310.0, 310.0, 310.0, 305.0, 317.0, 317.0, 243.0, 238.0, 240.0, 240.0, 228.0, 228.0, 222.0, 221.0, 220.0, 214.0, 209.0, 208.0, 208.0, 203.0, 203.0, 202.0, 202.0, 202.0, 202.0, 202.0, 203.0, 203.0, 203.0, 209.0, 209.0, 209.0, 211.0, 216.0, 247.0, 206.0, 196.0, 191.0, 185.0, 185.0, 184.0, 179.0, 178.0, 173.0, 178.0, 177.0]","[256.93, 266.93, 293.93, 319.93, 334.93, 336.93, 325.93, 299.93, 278.93, 290.93, 288.93, 303.93, 301.93, 300.93, 294.93, 274.93, 264.93, 266.93, 264.93, 260.93, 246.93, 265.93, 259.93, 253.93, 248.93, 244.93, 239.93, 236.93, 226.93, 209.93, 212.93, 216.93, 222.93, 219.93, 216.93, 213.93, 211.93, 209.93, 207.93, 200.93, 200.93, 196.93, 201.93, 205.93, 205.93, 206.93, 208.93, 212.93, 219.93, 220.93, 206.93, 195.93, 199.93, 195.93, 199.93, 196.93, 195.93, 191.93, 186.93, 183.93, 179.93]","[274.85816037735844, 286.16077125328655, 297.7321826078174, 308.770151083522, 317.507631505793, 322.5678738421006, 322.7108473730509, 317.2378510856061, 309.9688969480047, 307.2796467203471, 305.1962112005345, 306.54648687607516, 307.05469211743315, 306.48516726302876, 304.3283880061503, 300.0782323395316, 295.5594432633212, 293.0178045413752, 290.1328260214802, 289.7144434892872, 286.938146644822, 275.3043959589728, 265.86810794899475, 259.09592642989566, 253.85428628466272, 247.62444284359313, 242.73084404931018, 237.9782550027075, 232.9579003246333, 226.5118075861103, 221.83769001062086, 218.65898165252443, 217.514713548677, 216.2430018003222, 213.99386013404967, 212.01310414034396, 210.20458262046373, 208.68572005518067, 207.35274393143817, 205.24341510074876, 203.8897692902091, 202.48369098346788, 202.4769947971592, 203.1892127092735, 204.7210458717293, 205.88321699327872, 206.9872890829795, 208.77059169776288, 212.06455806907238, 219.91055716612567, 215.09358453527557, 208.24062433177693, 203.66366020988588, 198.9351402824941, 196.6171635505923, 194.4131043898178, 191.92389339852008, 189.4308171631874, 186.0396165130143, 184.22159673493965, 182.15925238011397]"
