id,fecha,angulo,ultrasonico,infrarrojo,kalman
3,2026-03-04T18:18:35.994559,"[0, 3, 6, 9, 12, 15, 18, 21, 24, 27, 30, 33, 36, 39, 42, 45, 48, 51, 54, 57, 60, 63, 66, 69, 72, 75, 78, 81, 84, 87, 90, 93, 96, 99, 102, 105, 108, 111, 114, 117, 120, 123, 126, 129, 132, 135, 138, 141, 144, 147, 150, 153, 156, 159, 162, 165, 168, 171, 174, 177, 180]","[271.0, 271.0, 270.0, 271.0, 270.0, 271.0, 271.0, 276.0, 281.0, 288.0, 275.0, 272.0, 266.0, 270.0, 264.0, 264.0, 263.0, 258.0, 257.0, 261.0, 253.0, 253.0, 257.0, 261.0, 250.0, 249.0, 249.0, 248.0, 248.0, 248.0, 248.0, 248.0, 248.0, 248.0, 248.0, 249.0, 249.0, 250.0, 255.0, 252.0, 253.0, 262.0, 246.0, 240.0, 235.0, 230.0, 233.0, 223.0, 222.0, 217.0, 216.0, 216.0, 211.0, 215.0, 210.0, 214.0, 214.0, 215.0, 215.0, 215.0, 216.0]","[266.93, 266.93, 265.93, 246.93, 247.93, 256.93, 256.93, 269.93, 270.93, 274.93, 285.93, 280.93, 259.93, 262.93, 275.93, 274.93, 271.93, 269.93, 265.93, 262.93, 241.93, 239.93, 231.93, 238.93, 245.93, 254.93, 255.93, 254.93, 253.93, 251.93, 250.93, 249.93, 248.93, 247.93, 246.93, 246.93, 248.93, 248.93, 249.93, 251.93, 250.93, 250.93, 238.93, 233.93, 238.93, 234.93, 240.93, 243.93, 238.93, 235.93, 230.93, 226.93, 224.93, 222.93, 220.93, 218.93, 217.93, 216.93, 215.93, 216.93, 217.93]","[256.27797169811316, 263.0718141980718, 265.1455246944753, 262.7712209215535, 261.3676761721382, 262.30933562608914, 262.9054086293352, 266.51662845055546, 269.90439957253113, 274.04749316068285, 276.34693839626124, 276.3892373204584, 271.5797874447928, 269.74735804361507, 269.8253302388131, 269.6962389871781, 268.896880179676, 267.12999627189004, 265.1004682390518, 263.97716295441484, 258.0615554699536, 253.90700165884107, 250.52433308199534, 250.3239477712237, 249.47883687565601, 250.36952363416228, 251.12024390399537, 251.2437553850237, 251.14388915829966, 250.72154319373968, 250.27137708318304, 249.8033576045166, 249.32388086200632, 248.83705150714977, 248.3455036689755, 248.20918534934418, 248.47996166907728, 248.83285910737365, 250.1341010756315, 250.79003447426783, 251.21097476775773, 253.09326907752933, 249.2856112298686, 244.8716589959559, 242.03903856123435, 238.60906677602952, 238.02006740876075, 236.38818003000958, 234.26615594877356, 231.47133277930993, 228.60300345722155, 226.04575968758627, 223.15076636223372, 221.6511838788235, 219.43493667794343, 218.37093438214762, 217.50899017803357, 216.9558440095262, 216.4217378581763, 216.25810806320945, 216.51135745038005]"
