id,fecha,angulo,ultrasonico,infrarrojo,kalman
30,2026-03-04T19:15:09.902434,"[0, 3, 6, 9, 12, 15, 18, 21, 24, 27, 30, 33, 36, 39, 42, 45, 48, 51, 54, 57, 60, 63, 66, 69, 72, 75, 78, 81, 84, 87, 90, 93, 96, 99, 102, 105, 108, 111, 114, 117, 120, 123, 126, 129, 132, 135, 138, 141, 144, 147, 150, 153, 156, 159, 162, 165, 168, 171, 174, 177, 180]","[333.0, 333.0, 333.0, 333.0, 326.0, 326.0, 320.0, 320.0, 315.0, 315.0, 314.0, 314.0, 314.0, 315.0, 306.0, 311.0, 310.0, 292.0, 296.0, 261.0, 265.0, 243.0, 238.0, 241.0, 245.0, 236.0, 232.0, 222.0, 222.0, 215.0, 210.0, 209.0, 208.0, 208.0, 203.0, 203.0, 202.0, 202.0, 202.0, 203.0, 202.0, 202.0, 203.0, 204.0, 204.0, 205.0, 213.0, 210.0, 216.0, 238.0, 201.0, 191.0, 190.0, 185.0, 185.0, 184.0, 178.0, 178.0, 178.0, 177.0, 177.0]","[290.93, 292.93, 309.93, 347.93, 344.93, 331.93, 286.93, 302.93, 295.93, 309.93, 304.93, 303.93, 301.93, 301.93, 298.93, 278.93, 267.93, 257.93, 248.93, 252.93, 261.93, 267.93, 260.93, 253.93, 248.93, 244.93, 240.93, 228.93, 219.93, 210.93, 220.93, 225.93, 222.93, 219.93, 216.93, 213.93, 210.93, 209.93, 207.93, 204.93, 200.93, 195.93, 200.93, 206.93, 206.93, 206.93, 209.93, 213.93, 219.93, 220.93, 211.93, 200.93, 199.93, 192.93, 196.93, 195.93, 193.93, 189.93, 186.93, 183.93, 181.93]","[297.2496698113207, 305.6651533742331, 312.3610584789415, 323.1574386709128, 327.6958544480235, 328.1559830213798, 319.26672464597175, 316.46604004128744, 312.52155018199915, 312.50128370034713, 311.4133583948604, 310.53616443109814, 309.61500323897474, 309.2030018079686, 306.78905184656423, 302.552988680459, 297.6849855259869, 289.5453764218515, 283.42620156350483, 273.94627534900195, 270.1912790427986, 264.91547806212947, 259.38022732543084, 255.11150693792237, 252.19295916079867, 247.99132901572048, 243.86193439694256, 237.27109339346163, 231.42931200625623, 224.81433246444203, 221.46486333931554, 220.03188202105622, 218.39576196801877, 216.80840795434258, 214.35670525355286, 212.24595724923057, 210.17488555576332, 208.666662188701, 207.34051368988327, 206.13121035954663, 204.45950517738035, 202.49105710695116, 202.30259316639896, 203.4355493523611, 204.16261540879546, 204.8083333317367, 207.19313455325099, 208.90269147016323, 212.14933209808166, 218.3528011948156, 214.09390643211427, 207.59908847613215, 203.07283064588088, 198.01859352783228, 195.4915902543413, 193.511647462223, 190.80800388456697, 188.35644594483318, 186.24579083982263, 184.17477876378544, 182.48746487100976]"
