id,fecha,angulo,ultrasonico,infrarrojo,kalman
31,2026-03-04T19:18:13.988086,"[0, 3, 6, 9, 12, 15, 18, 21, 24, 27, 30, 33, 36, 39, 42, 45, 48, 51, 54, 57, 60, 63, 66, 69, 72, 75, 78, 81, 84, 87, 90, 93, 96, 99, 102, 105, 108, 111, 114, 117, 120, 123, 126, 129, 132, 135, 138, 141, 144, 147, 150, 153, 156, 159, 162, 165, 168, 171, 174, 177, 180]","[329.0, 329.0, 329.0, 337.0, 326.0, 321.0, 321.0, 320.0, 315.0, 315.0, 314.0, 314.0, 314.0, 315.0, 306.0, 310.0, 301.0, 306.0, 289.0, 279.0, 256.0, 247.0, 237.0, 237.0, 249.0, 245.0, 223.0, 221.0, 220.0, 215.0, 214.0, 209.0, 209.0, 209.0, 203.0, 203.0, 202.0, 202.0, 202.0, 204.0, 202.0, 203.0, 203.0, 204.0, 209.0, 205.0, 218.0, 206.0, 208.0, 208.0, 201.0, 201.0, 195.0, 190.0, 185.0, 184.0, 178.0, 178.0, 178.0, 177.0, 177.0]","[272.93, 269.93, 287.93, 331.93, 344.93, 342.93, 333.93, 322.93, 315.93, 310.93, 306.93, 278.93, 277.93, 284.93, 297.93, 275.93, 267.93, 271.93, 274.93, 276.93, 273.93, 259.93, 246.93, 231.93, 240.93, 244.93, 240.93, 237.93, 234.93, 231.93, 227.93, 224.93, 220.93, 210.93, 210.93, 209.93, 208.93, 208.93, 207.93, 206.93, 205.93, 205.93, 205.93, 205.93, 196.93, 197.93, 198.93, 212.93, 218.93, 220.93, 206.93, 210.93, 210.93, 206.93, 202.93, 194.93, 187.93, 188.93, 184.93, 183.93, 181.93]","[286.768537735849, 293.5674320771253, 299.8809554590445, 313.16672511382575, 321.38921857454045, 325.223466909451, 326.0304646211931, 324.3915415550723, 321.1908757534435, 318.242882411329, 315.45600347198024, 308.6519368588656, 304.10663678394377, 302.6228494137327, 302.38716892385634, 299.011599936076, 293.8001668063518, 292.0679312064664, 288.44847920451144, 284.6926932440163, 277.6250976705208, 268.9695597296227, 259.29497176305364, 250.39944641625763, 248.45251485050466, 247.2030862562896, 241.7439265098191, 237.34490814222116, 233.8053562642913, 230.10084536130285, 226.82785960686587, 223.2944154958299, 220.3103393449736, 216.6040432156356, 213.15078302093883, 210.75555064568238, 208.8601708300669, 207.64382518046483, 206.68411578220793, 206.2473583251404, 205.4296861788576, 205.08408005309408, 204.8622899379494, 204.8990865951424, 204.20618543237268, 203.22413500183413, 205.1017145581315, 206.66489459555078, 209.10108383006255, 211.0227474000824, 208.4942559704151, 207.588130873822, 205.93185924350652, 203.25680039916224, 199.92794257192028, 196.17951419633226, 191.44531445828937, 188.58630639665216, 186.0350444753542, 184.0395338796315, 182.40067249033953]"
