id,fecha,angulo,ultrasonico,infrarrojo,kalman
33,2026-03-04T19:18:59.072944,"[0, 3, 6, 9, 12, 15, 18, 21, 24, 27, 30, 33, 36, 39, 42, 45, 48, 51, 54, 57, 60, 63, 66, 69, 72, 75, 78, 81, 84, 87, 90, 93, 96, 99, 102, 105, 108, 111, 114, 117, 120, 123, 126, 129, 132, 135, 138, 141, 144, 147, 150, 153, 156, 159, 162, 165, 168, 171, 174, 177, 180]","[344.0, 344.0, 349.0, 348.0, 348.0, 341.0, 340.0, 335.0, 335.0, 334.0, 334.0, 334.0, 334.0, 339.0, 335.0, 335.0, 336.0, 340.0, 341.0, 350.0, 373.0, 361.0, 323.0, 318.0, 316.0, 316.0, 328.0, 328.0, 311.0, 311.0, 310.0, 304.0, 308.0, 304.0, 303.0, 303.0, 307.0, 303.0, 303.0, 303.0, 299.0, 304.0, 304.0, 304.0, 309.0, 305.0, 306.0, 325.0, 313.0, 309.0, 250.0, 245.0, 252.0, 242.0, 236.0, 241.0, 231.0, 230.0, 225.0, 230.0, 157.0]","[228.93, 228.93, 221.93, 228.93, 227.93, 224.93, 227.93, 239.93, 291.93, 375.93, 356.93, 332.93, 290.93, 284.93, 282.93, 312.93, 312.93, 312.93, 314.93, 321.93, 315.93, 302.93, 305.93, 310.93, 300.93, 299.93, 283.93, 297.93, 309.93, 306.93, 303.93, 302.93, 299.93, 298.93, 299.93, 298.93, 284.93, 269.93, 277.93, 290.93, 294.93, 294.93, 293.93, 293.93, 295.93, 299.93, 300.93, 271.93, 248.93, 249.93, 272.93, 275.93, 272.93, 264.93, 258.93, 253.93, 248.93, 244.93, 240.93, 230.93, 233.93]","[272.9525, 280.1883786152498, 282.4245874154126, 284.7450658696788, 285.9324172439734, 284.85658046473554, 284.5355932806029, 285.5871997743171, 295.5829547099206, 316.86432090160105, 327.11217835368876, 329.3882572205329, 323.32522694237264, 319.2552994863553, 315.56870682047776, 318.5767474423505, 320.686259946301, 322.7565379003833, 324.62250909115, 328.6860425118268, 334.33897358280296, 333.4884795700361, 326.6731739930059, 322.2995032442348, 317.34318773394943, 313.98338098932214, 311.11073530452006, 311.77503966755063, 311.30570804030344, 310.4671316668799, 309.2124664878465, 307.1533931131509, 306.0111271458365, 304.3824426839509, 303.3372467588559, 302.48737140078435, 300.1506824753918, 295.2476831348696, 293.5342506993037, 294.76334260531985, 295.55210303239994, 296.95392798969897, 297.67440976019003, 298.1367734827191, 299.6873933950265, 300.6824919863392, 301.6793465444153, 300.52778256389655, 293.51926762998437, 288.4842198678257, 278.80437982831165, 272.2341581849644, 268.7342833176011, 263.2639469882979, 257.6038546396807, 253.9715332189997, 248.9535866709017, 244.8377135332451, 240.58422403950738, 236.95893542993218, 222.09341897399798]"
