id,fecha,angulo,ultrasonico,infrarrojo,kalman
34,2026-03-04T19:19:18.779753,"[0, 3, 6, 9, 12, 15, 18, 21, 24, 27, 30, 33, 36, 39, 42, 45, 48, 51, 54, 57, 60, 63, 66, 69, 72, 75, 78, 81, 84, 87, 90, 93, 96, 99, 102, 105, 108, 111, 114, 117, 120, 123, 126, 129, 132, 135, 138, 141, 144, 147, 150, 153, 156, 159, 162, 165, 168, 171, 174, 177, 180]","[344.0, 348.0, 344.0, 348.0, 341.0, 341.0, 340.0, 340.0, 335.0, 335.0, 334.0, 334.0, 334.0, 334.0, 339.0, 339.0, 340.0, 344.0, 341.0, 350.0, 339.0, 328.0, 324.0, 318.0, 317.0, 316.0, 320.0, 324.0, 316.0, 311.0, 310.0, 314.0, 309.0, 308.0, 303.0, 308.0, 303.0, 303.0, 303.0, 303.0, 303.0, 299.0, 304.0, 304.0, 305.0, 305.0, 324.0, 313.0, 309.0, 319.0, 257.0, 248.0, 238.0, 241.0, 236.0, 232.0, 235.0, 235.0, 221.0, 229.0, 78.0]","[223.93, 223.93, 226.93, 212.93, 212.93, 220.93, 231.93, 235.93, 264.93, 334.93, 360.93, 339.93, 325.93, 316.93, 296.93, 294.93, 294.93, 309.93, 310.93, 316.93, 315.93, 303.93, 303.93, 308.93, 313.93, 306.93, 280.93, 282.93, 291.93, 302.93, 303.93, 303.93, 300.93, 299.93, 298.93, 298.93, 285.93, 260.93, 280.93, 292.93, 292.93, 294.93, 293.93, 293.93, 297.93, 300.93, 286.93, 256.93, 257.93, 251.93, 263.93, 274.93, 271.93, 258.93, 252.93, 250.93, 248.93, 240.93, 230.93, 220.93, 229.93]","[270.5704245283019, 278.81414548641544, 281.6327482072518, 281.184147301769, 279.6283358645309, 280.112943292538, 282.2198032768134, 284.28222982269506, 289.905382515328, 306.0538700836495, 320.8918169328347, 326.6504914776072, 327.837967698444, 326.9878256689642, 323.75531693772643, 321.32263042388627, 319.94060417159244, 322.45714786263306, 323.71386259043686, 327.20728154680165, 327.2996111352894, 323.2389008656231, 319.91645567058845, 317.6051728391338, 316.8384397190479, 314.9133642650186, 309.7371283997454, 307.49009092359887, 306.22720041703866, 306.49152270240705, 306.6611495282545, 307.48652139874423, 306.5831672709986, 305.6451890279576, 303.9684758820215, 303.7881018362288, 300.4480300322216, 293.826344615964, 293.159503817855, 294.8811092002906, 295.9859364227843, 296.3366933603392, 297.2783041089532, 297.8825756793578, 299.16600630937296, 300.52702455550605, 302.29609163647933, 296.087096870089, 291.5651351234731, 289.379715540543, 279.02079982833186, 272.7313016512827, 266.3663896027688, 260.4904676273307, 254.74922254513305, 249.99004926347524, 247.11501461926028, 243.83695262091504, 237.43419031280578, 232.9670084977621, 204.6639409480844]"
