id,fecha,angulo,ultrasonico,infrarrojo,kalman
35,2026-03-04T19:20:39.272629,"[0, 3, 6, 9, 12, 15, 18, 21, 24, 27, 30, 33, 36, 39, 42, 45, 48, 51, 54, 57, 60, 63, 66, 69, 72, 75, 78, 81, 84, 87, 90, 93, 96, 99, 102, 105, 108, 111, 114, 117, 120, 123, 126, 129, 132, 135, 138, 141, 144, 147, 150, 153, 156, 159, 162, 165, 168, 171, 174, 177, 180]","[266.0, 261.0, 669.0, 261.0, 257.0, 261.0, 608.0, 627.0, 267.0, 276.0, 372.0, 363.0, 367.0, 363.0, 368.0, 493.0, 493.0, 364.0, 365.0, 366.0, 366.0, 376.0, 373.0, 373.0, 413.0, 417.0, 430.0, 426.0, 426.0, 440.0, 490.0, 481.0, 459.0, 481.0, 485.0, 414.0, 405.0, 359.0, 405.0, 400.0, 347.0, 354.0, 358.0, 349.0, 341.0, 340.0, 340.0, 341.0, 353.0, 345.0, 350.0, 760.0, 338.0, 114.0, 131.0, 319.0, 320.0, 785.0, 640.0, 350.0, 196.0]","[306.93, 306.93, 306.93, 304.93, 260.93, 230.93, 229.93, 230.93, 233.93, 238.93, 244.93, 251.93, 249.93, 239.93, 284.93, 312.93, 306.93, 305.93, 308.93, 309.93, 310.93, 312.93, 315.93, 308.93, 301.93, 306.93, 328.93, 332.93, 330.93, 329.93, 332.93, 332.93, 335.93, 347.93, 334.93, 280.93, 246.93, 269.93, 301.93, 325.93, 328.93, 332.93, 327.93, 322.93, 317.93, 309.93, 286.93, 237.93, 197.93, 196.93, 204.93, 219.93, 230.93, 232.93, 234.93, 234.93, 235.93, 228.93, 236.93, 234.93, 235.93]","[272.9525, 278.8496406660824, 367.47180486819514, 335.00776086632004, 306.9669771218477, 284.85071735851466, 333.1345993408709, 367.5360605518004, 325.55951929482865, 301.15577244372787, 303.7747285120032, 305.09687312968254, 306.3035589898161, 304.5700915001165, 312.41414008225547, 344.8547253684382, 364.59841202134777, 353.98201484100315, 347.88553975126445, 344.3314311207729, 342.22973772415816, 343.0305373608258, 343.54444446119686, 342.6203389565997, 347.9385511450276, 352.96363262164454, 362.4579480878422, 368.5508531704198, 372.10267131726584, 376.7106979292267, 389.1616897186519, 395.53986038903076, 396.2295562269966, 402.76254199178743, 405.3428770922039, 384.6076895175861, 363.5985021023313, 345.9960530583438, 348.67185983635306, 353.7924854918409, 348.12216900830737, 346.453702958661, 345.2038487159991, 341.8939612300679, 337.4411917884289, 332.9715016417456, 325.9831497742122, 312.90024619362725, 299.48878587882956, 289.2699236770676, 285.04072041244046, 358.45639474811304, 331.94841750206575, 275.17053354242177, 242.1372032014702, 254.61452503339757, 262.98000944150004, 350.38947915239123, 381.9432011833132, 349.88695830454253, 301.90840302026817]"
