id,fecha,angulo,ultrasonico,infrarrojo,kalman
36,2026-03-04T19:21:02.551051,"[0, 3, 6, 9, 12, 15, 18, 21, 24, 27, 30, 33, 36, 39, 42, 45, 48, 51, 54, 57, 60, 63, 66, 69, 72, 75, 78, 81, 84, 87, 90, 93, 96, 99, 102, 105, 108, 111, 114, 117, 120, 123, 126, 129, 132, 135, 138, 141, 144, 147, 150, 153, 156, 159, 162, 165, 168, 171, 174, 177, 180]","[270.0, 262.0, 669.0, 522.0, 261.0, 669.0, 669.0, 380.0, 263.0, 377.0, 377.0, 380.0, 363.0, 367.0, 489.0, 493.0, 493.0, 422.0, 425.0, 365.0, 361.0, 366.0, 367.0, 373.0, 413.0, 422.0, 434.0, 431.0, 426.0, 500.0, 485.0, 490.0, 485.0, 485.0, 402.0, 402.0, 384.0, 397.0, 392.0, 401.0, 392.0, 371.0, 350.0, 341.0, 337.0, 341.0, 340.0, 671.0, 341.0, 297.0, 325.0, 347.0, 1068.0, 1045.0, 567.0, 359.0, 726.0, 400.0, 933.0, 752.0, 623.0]","[306.93, 307.93, 319.93, 325.93, 290.93, 232.93, 230.93, 230.93, 232.93, 237.93, 243.93, 251.93, 261.93, 269.93, 289.93, 274.93, 300.93, 307.93, 307.93, 308.93, 311.93, 313.93, 316.93, 316.93, 303.93, 299.93, 286.93, 300.93, 314.93, 330.93, 329.93, 336.93, 346.93, 358.93, 335.93, 295.93, 279.93, 290.93, 296.93, 307.93, 294.93, 323.93, 327.93, 321.93, 312.93, 300.93, 275.93, 230.93, 201.93, 192.93, 193.93, 219.93, 231.93, 231.93, 234.93, 237.93, 237.93, 235.93, 237.93, 231.93, 231.93]","[274.85816037735844, 280.27032427695, 371.04508029491967, 391.37474019107805, 348.81737470571886, 385.85098446403, 408.9333400385596, 371.78999030910524, 327.39178643314017, 320.2504150466293, 316.7442207299711, 316.46504276231576, 315.0319628258818, 316.261886516962, 342.4875626154868, 357.3471933925649, 371.54058227988503, 369.18482948553907, 368.21042987069166, 357.01651756842097, 349.65378068892073, 346.18270163958726, 344.67167809624954, 344.77676288871254, 349.6806774496788, 353.7233714209107, 356.1386108903309, 359.65898916981905, 363.53032434584617, 382.1363150183705, 391.2105081384336, 399.18334830312676, 405.19550205217286, 411.20330162862376, 396.07111034753046, 379.1949897460329, 362.27448841231757, 355.7149755950131, 351.68458668145905, 352.68069079915267, 349.37909981222543, 348.6933590657256, 345.2081007916584, 340.28453090470606, 334.79619299697356, 329.8410634106535, 322.0037981030215, 368.2051248538623, 333.54724285101827, 301.8119838267449, 286.64085632550643, 285.5030817572633, 416.07432276060445, 495.74746626686715, 461.79093027130216, 403.27817945670023, 431.46832853587796, 390.8049019249556, 460.543355539093, 471.8003975132119, 455.91690575750806]"
