id,fecha,angulo,ultrasonico,infrarrojo,kalman
37,2026-03-04T19:22:21.342784,"[0, 3, 6, 9, 12, 15, 18, 21, 24, 27, 30, 33, 36, 39, 42, 45, 48, 51, 54, 57, 60, 63, 66, 69, 72, 75, 78, 81, 84, 87, 90, 93, 96, 99, 102, 105, 108, 111, 114, 117, 120, 123, 126, 129, 132, 135, 138, 141, 144, 147, 150, 153, 156, 159, 162, 165, 168, 171, 174, 177, 180]","[547.0, 601.0, 1095.0, 586.0, 625.0, 1551.0, 611.0, 648.0, 628.0, 808.0, 670.0, 296.0, 296.0, 296.0, 709.0, 692.0, 449.0, 447.0, 438.0, 431.0, 430.0, 425.0, 429.0, 424.0, 419.0, 422.0, 418.0, 418.0, 417.0, 422.0, 421.0, 422.0, 422.0, 418.0, 427.0, 427.0, 424.0, 350.0, 426.0, 340.0, 348.0, 330.0, 343.0, 338.0, 338.0, 333.0, 333.0, 338.0, 498.0, 278.0, 623.0, 270.0, 265.0, 261.0, 228.0, 214.0, 210.0, 205.0, 209.0, 201.0, 195.0]","[227.93, 228.93, 221.93, 221.93, 219.93, 227.93, 225.93, 222.93, 222.93, 221.93, 222.93, 217.93, 211.93, 203.93, 221.93, 234.93, 234.93, 233.93, 231.93, 225.93, 225.93, 217.93, 213.93, 214.93, 232.93, 235.93, 250.93, 288.93, 356.93, 394.93, 375.93, 362.93, 348.93, 324.93, 303.93, 309.93, 331.93, 349.93, 314.93, 278.93, 279.93, 295.93, 306.93, 310.93, 281.93, 279.93, 259.93, 276.93, 283.93, 274.93, 266.93, 260.93, 250.93, 243.93, 238.93, 233.93, 224.93, 220.93, 218.93, 217.93, 214.93]","[369.1883490566037, 393.70152497808937, 505.9071144328856, 466.7451405095415, 450.4168295689949, 609.5936930741382, 540.7834584140226, 502.97594809365603, 475.18392592195363, 489.4406865440858, 474.0421462473958, 396.2680904724434, 345.2857095414609, 311.136006823566, 366.42576152224325, 401.1908614318798, 379.97273363851923, 365.81878499097144, 354.7651816781049, 345.3429420591633, 339.11716265076456, 332.79314171151873, 328.73474918139993, 325.41379136523835, 325.6112660311257, 326.81276661183165, 329.554237146955, 338.1204489318135, 355.61937908089203, 374.5517227899846, 383.1188353619427, 386.4671695892825, 386.1081347480036, 380.86212088338647, 375.3459857784743, 372.88082053774434, 374.70226631477146, 365.8399534088764, 367.4969113594162, 346.70653984260855, 334.97663535705277, 327.090800373412, 326.3292162984006, 325.66134669832155, 320.03801168022085, 315.17537750492977, 308.4722431356688, 308.111390657993, 337.79432336479704, 315.8226290373161, 362.0888609773043, 327.47263138829607, 302.57099630573015, 284.62014385208454, 266.29342634843977, 251.1289472042749, 239.06858329924373, 229.71677699133116, 224.0735836511804, 218.83994797853558, 213.86914283886776]"
