id,fecha,angulo,ultrasonico,infrarrojo,kalman
38,2026-03-04T19:22:49.840432,"[0, 3, 6, 9, 12, 15, 18, 21, 24, 27, 30, 33, 36, 39, 42, 45, 48, 51, 54, 57, 60, 63, 66, 69, 72, 75, 78, 81, 84, 87, 90, 93, 96, 99, 102, 105, 108, 111, 114, 117, 120, 123, 126, 129, 132, 135, 138, 141, 144, 147, 150, 153, 156, 159, 162, 165, 168, 171, 174, 177, 180]","[649.0, 549.0, 733.0, 572.0, 616.0, 765.0, 635.0, 611.0, 647.0, 667.0, 709.0, 305.0, 301.0, 301.0, 708.0, 461.0, 455.0, 450.0, 435.0, 438.0, 428.0, 432.0, 426.0, 426.0, 429.0, 424.0, 423.0, 423.0, 423.0, 423.0, 423.0, 423.0, 423.0, 423.0, 424.0, 424.0, 429.0, 430.0, 426.0, 427.0, 428.0, 346.0, 346.0, 337.0, 341.0, 346.0, 333.0, 341.0, 286.0, 347.0, 348.0, 652.0, 261.0, 245.0, 245.0, 241.0, 215.0, 206.0, 207.0, 201.0, 196.0]","[225.93, 225.93, 220.93, 205.93, 209.93, 216.93, 223.93, 222.93, 221.93, 220.93, 220.93, 221.93, 214.93, 221.93, 226.93, 232.93, 233.93, 232.93, 229.93, 225.93, 215.93, 217.93, 225.93, 229.93, 229.93, 233.93, 249.93, 297.93, 340.93, 331.93, 315.93, 328.93, 344.93, 341.93, 334.93, 334.93, 340.93, 335.93, 296.93, 245.93, 253.93, 280.93, 311.93, 315.93, 313.93, 308.93, 297.93, 287.93, 281.93, 274.93, 256.93, 249.93, 251.93, 243.93, 239.93, 236.93, 232.93, 229.93, 217.93, 219.93, 216.93]","[416.82985849056604, 401.1051183172656, 433.2542005857994, 416.2401085388003, 415.03241159000567, 442.561762752236, 437.84666056755435, 430.3505045346715, 431.8257819246424, 436.17624078607724, 446.49148888322026, 380.91704864032874, 336.8674910431254, 309.85371129160717, 366.3193779889009, 359.38551396618146, 354.0401232124955, 349.53498885539045, 343.4195354217922, 339.31586120430075, 333.0997837173373, 330.18543585059314, 328.67343275546267, 328.41963135798807, 328.7941425871158, 328.85535354860036, 331.58156699126323, 341.9292755000741, 356.2723768526477, 363.8647945127053, 365.8711105192649, 369.48732283139424, 374.6740602657631, 377.46522339903794, 378.18165850363283, 378.6414253089542, 380.90689380829207, 381.6442259302972, 374.41486549420665, 360.81903891956784, 353.70617919157274, 339.2894721407636, 335.5906518452888, 332.32131799513274, 330.58150531349884, 329.46499369456467, 324.44938998059644, 320.8724066932519, 307.6500488749424, 308.83765520800216, 306.5546032419499, 358.2907209943819, 321.8108856787992, 294.1011366650293, 275.6020998452741, 262.4765815013392, 248.6795159152383, 237.6758080952116, 228.6438452620015, 222.13113634220053, 216.51862441285732]"
