id,fecha,angulo,ultrasonico,infrarrojo,kalman
39,2026-03-04T19:23:21.947812,"[0, 3, 6, 9, 12, 15, 18, 21, 24, 27, 30, 33, 36, 39, 42, 45, 48, 51, 54, 57, 60, 63, 66, 69, 72, 75, 78, 81, 84, 87, 90, 93, 96, 99, 102, 105, 108, 111, 114, 117, 120, 123, 126, 129, 132, 135, 138, 141, 144, 147, 150, 153, 156, 159, 162, 165, 168, 171, 174, 177, 180]","[512.0, 656.0, 667.0, 692.0, 1385.0, 692.0, 567.0, 1569.0, 589.0, 718.0, 748.0, 755.0, 588.0, 598.0, 605.0, 647.0, 407.0, 392.0, 391.0, 380.0, 375.0, 374.0, 373.0, 373.0, 367.0, 367.0, 371.0, 366.0, 365.0, 361.0, 365.0, 365.0, 365.0, 366.0, 366.0, 366.0, 367.0, 373.0, 374.0, 374.0, 375.0, 376.0, 382.0, 382.0, 401.0, 268.0, 405.0, 397.0, 216.0, 216.0, 587.0, 499.0, 185.0, 175.0, 175.0, 165.0, 164.0, 145.0, 163.0, 162.0, 157.0]","[228.93, 226.93, 213.93, 219.93, 224.93, 224.93, 223.93, 222.93, 220.93, 219.93, 206.93, 208.93, 218.93, 228.93, 228.93, 228.93, 228.93, 224.93, 225.93, 219.93, 217.93, 228.93, 232.93, 250.93, 294.93, 354.93, 372.93, 351.93, 343.93, 300.93, 293.93, 308.93, 328.93, 328.93, 326.93, 328.93, 331.93, 294.93, 246.93, 233.93, 257.93, 268.93, 283.93, 276.93, 269.93, 261.93, 249.93, 237.93, 231.93, 217.93, 204.93, 207.93, 199.93, 194.93, 190.93, 184.93, 179.93, 171.93, 168.93, 168.93, 165.93]","[352.9902358490566, 400.3680455740578, 417.3609574790425, 432.1910452690767, 569.6515179175808, 529.3408586821606, 481.1428141966545, 630.0568251597018, 549.3487813366719, 520.540802794655, 505.10639002581354, 496.81532949875844, 463.37106597125586, 445.4916636363756, 435.2717289218159, 436.23661528722437, 393.86488464759697, 363.26972085338497, 343.63551246815865, 327.99022005941754, 316.6960711191712, 311.2394245546434, 308.27504931475295, 309.5970020806391, 317.25224908458256, 332.91267298718464, 346.90346474729614, 351.2246010514873, 352.38549850299654, 344.71144277187733, 339.2492892409558, 338.43092532946514, 341.48832217882625, 343.6295122486985, 344.64534719881436, 345.6555091581886, 347.02028808819165, 342.34313230865143, 330.9225501076953, 321.264803726557, 319.54523770942484, 320.59126465115116, 325.02424900281136, 326.6151816617992, 329.7856960701205, 306.5631910430272, 314.0514223180133, 315.27436236164624, 282.5620921297713, 259.06143733738156, 308.1081749521776, 324.35760085384686, 277.1060782374965, 244.09583949742856, 222.19525351785515, 205.27465768588812, 193.34122068261195, 180.84655062766777, 175.51512246947402, 171.9145900204273, 168.1709452974837]"
