id,fecha,angulo,ultrasonico,infrarrojo,kalman
4,2026-03-04T18:19:01.922877,"[0, 3, 6, 9, 12, 15, 18, 21, 24, 27, 30, 33, 36, 39, 42, 45, 48, 51, 54, 57, 60, 63, 66, 69, 72, 75, 78, 81, 84, 87, 90, 93, 96, 99, 102, 105, 108, 111, 114, 117, 120, 123, 126, 129, 132, 135, 138, 141, 144, 147, 150, 153, 156, 159, 162, 165, 168, 171, 174, 177, 180]","[271.0, 271.0, 271.0, 270.0, 270.0, 276.0, 276.0, 281.0, 277.0, 275.0, 272.0, 276.0, 270.0, 265.0, 264.0, 263.0, 263.0, 263.0, 258.0, 257.0, 262.0, 253.0, 253.0, 257.0, 262.0, 249.0, 249.0, 253.0, 248.0, 248.0, 248.0, 248.0, 248.0, 248.0, 248.0, 249.0, 249.0, 246.0, 255.0, 256.0, 257.0, 262.0, 250.0, 245.0, 234.0, 234.0, 228.0, 223.0, 222.0, 217.0, 216.0, 216.0, 215.0, 215.0, 215.0, 210.0, 214.0, 216.0, 215.0, 215.0, 216.0]","[266.93, 266.93, 268.93, 270.93, 268.93, 267.93, 267.93, 269.93, 272.93, 279.93, 265.93, 257.93, 240.93, 252.93, 263.93, 274.93, 271.93, 269.93, 267.93, 264.93, 261.93, 259.93, 258.93, 255.93, 255.93, 255.93, 254.93, 254.93, 253.93, 245.93, 237.93, 230.93, 234.93, 227.93, 233.93, 228.93, 238.93, 246.93, 249.93, 251.93, 260.93, 267.93, 256.93, 243.93, 246.93, 249.93, 246.93, 241.93, 237.93, 233.93, 230.93, 225.93, 219.93, 207.93, 209.93, 207.93, 215.93, 217.93, 216.93, 215.93, 216.93]","[256.27797169811316, 263.0718141980718, 265.9931158468841, 267.7110300923046, 268.35780685732055, 269.66559431477725, 270.4934273430584, 272.27813619055087, 273.24152756171986, 274.7551376625583, 272.6804839387877, 270.63274941527635, 265.1986581668853, 262.9653809045972, 263.32350346756726, 265.34461568636164, 266.10425994057925, 266.2334978341743, 265.06253360730557, 263.5945611055475, 263.0107584929536, 260.66569094561305, 258.98163282682424, 258.08003006572466, 258.39707724363564, 256.27186566777146, 254.7288984413424, 254.4552260423947, 253.20482614343567, 250.9693611951983, 248.10173820803382, 245.00756136925042, 243.73841194331322, 241.67004341280466, 241.41745627334438, 240.5388452495618, 241.76629112316957, 243.44963914515017, 246.6794604131343, 249.28956011798869, 252.7558596939187, 257.12987662560596, 255.8169068332152, 251.75000028200722, 247.70706350921833, 245.64992579251648, 242.71761417158783, 239.0445375374988, 235.79172448717057, 232.09209727154632, 229.00137437124016, 226.12228242144306, 223.02074546270003, 218.8808121795235, 216.58229890174724, 213.8533439110859, 214.25160311961523, 215.22369809105876, 215.4892751112185, 215.48057836887412, 215.83325486980016]"
