id,fecha,angulo,ultrasonico,infrarrojo,kalman
40,2026-03-04T19:23:41.891180,"[0, 3, 6, 9, 12, 15, 18, 21, 24, 27, 30, 33, 36, 39, 42, 45, 48, 51, 54, 57, 60, 63, 66, 69, 72, 75, 78, 81, 84, 87, 90, 93, 96, 99, 102, 105, 108, 111, 114, 117, 120, 123, 126, 129, 132, 135, 138, 141, 144, 147, 150, 153, 156, 159, 162, 165, 168, 171, 174, 177, 180]","[611.0, 622.0, 811.0, 524.0, 976.0, 1036.0, 679.0, 645.0, 522.0, 706.0, 717.0, 730.0, 585.0, 746.0, 584.0, 775.0, 403.0, 393.0, 391.0, 381.0, 380.0, 374.0, 369.0, 373.0, 367.0, 367.0, 366.0, 366.0, 371.0, 365.0, 365.0, 365.0, 366.0, 366.0, 366.0, 366.0, 367.0, 372.0, 373.0, 379.0, 375.0, 376.0, 386.0, 383.0, 406.0, 386.0, 268.0, 359.0, 199.0, 211.0, 262.0, 349.0, 181.0, 175.0, 171.0, 170.0, 119.0, 159.0, 158.0, 162.0, 161.0]","[225.93, 225.93, 226.93, 227.93, 217.93, 208.93, 221.93, 219.93, 219.93, 221.93, 222.93, 224.93, 222.93, 217.93, 222.93, 223.93, 230.93, 226.93, 225.93, 226.93, 226.93, 228.93, 223.93, 225.93, 255.93, 326.93, 356.93, 346.93, 341.93, 335.93, 323.93, 301.93, 272.93, 303.93, 322.93, 326.93, 324.93, 295.93, 259.93, 260.93, 261.93, 246.93, 257.93, 257.93, 258.93, 259.93, 249.93, 238.93, 231.93, 219.93, 211.93, 200.93, 199.93, 193.93, 189.93, 183.93, 179.93, 176.93, 169.93, 165.93, 164.93]","[398.7260849056603, 412.2414022787028, 457.4703908696091, 426.15936686736495, 489.1439792939136, 537.4794999600542, 506.15250208872243, 479.6999596032499, 440.7123780750087, 449.04566399813785, 456.54123333765784, 464.0377672821592, 442.5157279856875, 456.6488677640918, 437.59526712767854, 459.7606043503301, 408.6029629385571, 373.2651560447221, 350.0500069231538, 333.53970355775795, 322.7652131442135, 315.134250491115, 308.4458501633705, 305.2283926073811, 307.4627044150334, 321.6147008241241, 335.8913721519264, 343.2620300607776, 347.9920939814043, 348.8780312812234, 347.2970294202999, 342.3416001789862, 334.1458850005365, 334.43933914938174, 338.0311080383116, 341.0526136738945, 342.8125132595084, 339.64282466307696, 331.3391935330882, 327.2643026029516, 324.11188583916197, 319.5810432567357, 320.4351138053602, 320.4458207608133, 324.75178270237615, 324.1116542742061, 300.7723722531599, 300.1248674625691, 269.79482911161085, 250.33075658297471, 245.5423731150886, 256.0832519110524, 232.5750164668498, 215.33923889904366, 202.84527883306393, 193.57347304046243, 177.77127869482487, 174.2581051238206, 170.57052229959808, 168.2040439352952, 166.32711678855577]"
