id,fecha,angulo,ultrasonico,infrarrojo,kalman
41,2026-03-04T19:25:28.439263,"[0, 3, 6, 9, 12, 15, 18, 21, 24, 27, 30, 33, 36, 39, 42, 45, 48, 51, 54, 57, 60, 63, 66, 69, 72, 75, 78, 81, 84, 87, 90, 93, 96, 99, 102, 105, 108, 111, 114, 117, 120, 123, 126, 129, 132, 135, 138, 141, 144, 147, 150, 153, 156, 159, 162, 165, 168, 171, 174, 177, 180]","[200.0, 205.0, 205.0, 202.0, 207.0, 212.0, 246.0, 250.0, 271.0, 271.0, 262.0, 271.0, 292.0, 292.0, 367.0, 521.0, 1331.0, 534.0, 369.0, 347.0, 350.0, 349.0, 321.0, 320.0, 315.0, 315.0, 310.0, 315.0, 310.0, 315.0, 310.0, 315.0, 315.0, 315.0, 316.0, 312.0, 322.0, 332.0, 332.0, 308.0, 304.0, 341.0, 332.0, 425.0, 408.0, 249.0, 618.0, 625.0, 317.0, 399.0, 597.0, 201.0, 191.0, 191.0, 185.0, 189.0, 184.0, 184.0, 178.0, 178.0, 178.0]","[191.93, 197.93, 203.93, 204.93, 208.93, 211.93, 202.93, 204.93, 224.93, 232.93, 233.93, 233.93, 219.93, 191.93, 180.93, 194.93, 243.93, 322.93, 371.93, 351.93, 338.93, 329.93, 323.93, 318.93, 301.93, 294.93, 285.93, 293.93, 298.93, 303.93, 302.93, 299.93, 297.93, 291.93, 259.93, 219.93, 219.93, 207.93, 201.93, 213.93, 225.93, 235.93, 243.93, 259.93, 310.93, 305.93, 284.93, 263.93, 249.93, 238.93, 231.93, 226.93, 212.93, 206.93, 206.93, 195.93, 195.93, 193.93, 190.93, 188.93, 182.93]","[186.7213679245283, 194.61651183172654, 198.79025754974245, 200.586101622173, 203.30707192004033, 206.4460027459408, 212.9332099226824, 218.14987195510383, 228.84026757089066, 237.12772039445855, 241.01080639335788, 245.11459671776552, 249.00192897142998, 246.48087102319104, 256.32730828658543, 292.73984163320307, 469.9789966076027, 455.1062888609453, 424.78290288958345, 397.7996927616995, 378.6921349842253, 364.63871683174085, 349.52966349219395, 338.7587702068601, 327.9057977155022, 319.6870832817259, 311.90498252008126, 309.2395524652411, 307.5290329035866, 308.2226077701758, 307.5929314823043, 307.547099060392, 307.1594288810623, 305.8358717694584, 299.4334966845645, 287.443154407681, 281.53973085981215, 277.3929959144103, 273.6570874434038, 269.1100510441045, 267.6250551316085, 275.0911231285804, 279.70328696652064, 302.18814573527425, 322.7080123325077, 306.49936069760474, 358.43439829445435, 389.2555125637258, 351.35526065695336, 339.7512045986648, 366.5179873469375, 311.8647248807331, 272.49231655672827, 246.1505988355824, 228.17122817306625, 215.37920165192878, 206.27437153743813, 200.0731581609395, 194.48141735389865, 190.53470244814196, 186.92715532352688]"
