id,fecha,angulo,ultrasonico,infrarrojo,kalman
42,2026-03-04T19:26:00.387449,"[0, 3, 6, 9, 12, 15, 18, 21, 24, 27, 30, 33, 36, 39, 42, 45, 48, 51, 54, 57, 60, 63, 66, 69, 72, 75, 78, 81, 84, 87, 90, 93, 96, 99, 102, 105, 108, 111, 114, 117, 120, 123, 126, 129, 132, 135, 138, 141, 144, 147, 150, 153, 156, 159, 162, 165, 168, 171, 174, 177, 180]","[198.0, 194.0, 194.0, 194.0, 199.0, 205.0, 219.0, 256.0, 457.0, 603.0, 415.0, 267.0, 598.0, 434.0, 399.0, 384.0, 387.0, 377.0, 381.0, 371.0, 370.0, 364.0, 364.0, 363.0, 363.0, 362.0, 362.0, 362.0, 362.0, 362.0, 362.0, 362.0, 362.0, 363.0, 368.0, 368.0, 369.0, 374.0, 367.0, 372.0, 382.0, 379.0, 401.0, 407.0, 392.0, 267.0, 253.0, 261.0, 236.0, 205.0, 619.0, 207.0, 211.0, 196.0, 195.0, 203.0, 198.0, 184.0, 184.0, 179.0, 178.0]","[198.93, 198.93, 192.93, 184.93, 196.93, 205.93, 208.93, 213.93, 218.93, 217.93, 208.93, 222.93, 236.93, 246.93, 234.93, 206.93, 199.93, 215.93, 267.93, 321.93, 332.93, 348.93, 345.93, 337.93, 333.93, 334.93, 331.93, 291.93, 308.93, 324.93, 323.93, 322.93, 317.93, 306.93, 257.93, 225.93, 217.93, 208.93, 216.93, 227.93, 247.93, 283.93, 302.93, 300.93, 281.93, 283.93, 272.93, 261.93, 249.93, 238.93, 232.93, 219.93, 200.93, 206.93, 206.93, 204.93, 201.93, 198.93, 195.93, 188.93, 188.93]","[189.1034433962264, 193.04552147239264, 193.22329461670537, 191.77951216629762, 194.06041208001622, 198.19514411383742, 203.87261444353896, 215.0342446602437, 259.1118151456221, 313.35384294086936, 312.85620914579755, 288.5322543766641, 334.7244932804234, 336.78109356032746, 329.6817991925868, 317.42335136077577, 308.84008471676304, 304.40661568528856, 311.592684537999, 324.0859561196108, 333.8947060298047, 341.9806847563981, 346.63241399277933, 348.0054669425107, 348.1700981388836, 348.2757489629117, 347.80616322519467, 340.3396587423782, 338.59327534918475, 340.3386075818493, 341.2795325461202, 341.7042352348638, 341.0811410468401, 338.8899872207066, 329.6021643098114, 317.90965314895, 309.1521711246445, 302.81560818627685, 298.9282956699124, 299.29970284349514, 304.91191412821064, 314.42475813524544, 327.87383394398876, 337.22119168052103, 337.1294090717326, 315.03766775331223, 296.38224036685955, 283.8728746995354, 269.21731893644994, 252.28881800124722, 314.50962484339306, 278.30962313640595, 252.39161428548317, 234.14676922892687, 222.25914923340818, 215.70513179305786, 210.06611043333677, 203.4021218195706, 198.58817121547514, 193.34930943750123, 189.8081807622798]"
