id,fecha,angulo,ultrasonico,infrarrojo,kalman
47,2026-03-04T19:29:07.994299,"[0, 3, 6, 9, 12, 15, 18, 21, 24, 27, 30, 33, 36, 39, 42, 45, 48, 51, 54, 57, 60, 63, 66, 69, 72, 75, 78, 81, 84, 87, 90, 93, 96, 99, 102, 105, 108, 111, 114, 117, 120, 123, 126, 129, 132, 135, 138, 141, 144, 147, 150, 153, 156, 159, 162, 165, 168, 171, 174, 177, 180]","[223.0, 222.0, 222.0, 222.0, 228.0, 228.0, 229.0, 229.0, 240.0, 240.0, 624.0, 620.0, 728.0, 740.0, 284.0, 353.0, 285.0, 280.0, 274.0, 273.0, 272.0, 267.0, 266.0, 266.0, 266.0, 266.0, 265.0, 260.0, 260.0, 261.0, 260.0, 261.0, 267.0, 266.0, 267.0, 267.0, 272.0, 269.0, 275.0, 284.0, 286.0, 291.0, 296.0, 294.0, 243.0, 252.0, 242.0, 242.0, 811.0, 246.0, 207.0, 202.0, 156.0, 192.0, 190.0, 185.0, 185.0, 180.0, 181.0, 179.0, 179.0]","[214.93, 214.93, 223.93, 223.93, 224.93, 223.93, 217.93, 216.93, 214.93, 180.93, 178.93, 202.93, 215.93, 233.93, 258.93, 316.93, 338.93, 321.93, 305.93, 294.93, 287.93, 265.93, 252.93, 274.93, 272.93, 269.93, 268.93, 266.93, 251.93, 237.93, 257.93, 258.93, 258.93, 258.93, 259.93, 246.93, 223.93, 227.93, 198.93, 183.93, 199.93, 219.93, 223.93, 217.93, 224.93, 233.93, 242.93, 290.93, 374.93, 325.93, 242.93, 210.93, 203.93, 201.93, 202.93, 198.93, 195.93, 192.93, 187.93, 180.93, 185.93]","[208.6364622641509, 213.8995968448729, 217.74147459852537, 219.74813854402507, 222.22498259049095, 223.5809254705532, 223.53918993255758, 223.33306564885717, 224.8145958574701, 219.67198073443626, 284.80990773290466, 330.18769337477295, 380.9817037489591, 418.9513965622651, 366.11306385833177, 354.95401552887836, 339.55286469459907, 325.72846615270515, 312.91593219420344, 302.54404109230245, 294.45492854863835, 284.42732469456234, 275.48438289045333, 273.68615097326125, 272.17389168424415, 270.66602437882244, 269.34010438009335, 267.2353037642644, 263.19763213013584, 258.27781272038317, 258.5240027649677, 259.0402509320408, 260.4463219940086, 261.1695286700294, 261.99189864955156, 260.19097415726253, 255.81092637096577, 253.17919264361004, 247.37033539577712, 242.56777251861288, 242.7100822706315, 247.2796280954712, 251.82425860213525, 253.307710551244, 246.37803808169875, 245.1552913539535, 244.19147411225111, 252.171133360893, 374.26311572202167, 342.6296473924104, 300.47539680205057, 266.79546053643253, 235.68779078646799, 221.81505787522198, 212.73320775427257, 205.29284012144754, 199.98065415866864, 195.13856874964114, 191.31468195155068, 187.24857248104024, 185.5348214304768]"
