id,fecha,angulo,ultrasonico,infrarrojo,kalman
49,2026-03-04T19:29:56.238548,"[0, 3, 6, 9, 12, 15, 18, 21, 24, 27, 30, 33, 36, 39, 42, 45, 48, 51, 54, 57, 60, 63, 66, 69, 72, 75, 78, 81, 84, 87, 90, 93, 96, 99, 102, 105, 108, 111, 114, 117, 120, 123, 126, 129, 132, 135, 138, 141, 144, 147, 150, 153, 156, 159, 162, 165, 168, 171, 174, 177, 180]","[207.0, 207.0, 207.0, 207.0, 208.0, 209.0, 213.0, 214.0, 210.0, 224.0, 229.0, 253.0, 642.0, 308.0, 304.0, 233.0, 228.0, 218.0, 216.0, 216.0, 210.0, 210.0, 204.0, 204.0, 203.0, 203.0, 202.0, 202.0, 198.0, 202.0, 203.0, 203.0, 204.0, 204.0, 205.0, 210.0, 210.0, 216.0, 217.0, 223.0, 228.0, 242.0, 627.0, 609.0, 1036.0, 442.0, 677.0, 633.0, 661.0, 205.0, 200.0, 199.0, 194.0, 188.0, 192.0, 191.0, 191.0, 191.0, 190.0, 185.0, 186.0]","[201.93, 201.93, 195.93, 189.93, 183.93, 157.93, 170.93, 184.93, 204.93, 203.93, 210.93, 224.93, 251.93, 294.93, 324.93, 296.93, 254.93, 235.93, 230.93, 241.93, 234.93, 230.93, 225.93, 219.93, 203.93, 208.93, 212.93, 210.93, 209.93, 208.93, 207.93, 198.93, 196.93, 202.93, 209.93, 210.93, 212.93, 213.93, 211.93, 195.93, 170.93, 167.93, 191.93, 217.93, 233.93, 233.93, 236.93, 235.93, 245.93, 254.93, 246.93, 270.93, 351.93, 415.93, 414.93, 249.93, 194.93, 187.93, 189.93, 191.93, 191.93]","[194.82042452830186, 199.9850482033304, 200.61224522775476, 199.7873617918543, 198.37786509318838, 192.97120757522453, 192.6089522892475, 195.0701551826872, 199.51440222713487, 204.69321446559445, 210.16522024059734, 220.4835596698499, 301.62419425743997, 301.5671611468796, 306.1879283251948, 291.41947749773203, 273.5228954679957, 256.8431722618683, 244.88518799513471, 239.1816598634779, 233.19278981195367, 228.63296273163678, 223.7363116069767, 219.51915011504525, 213.76762931123125, 210.97227829785788, 209.71576929920116, 208.55115659103208, 206.90813127737582, 206.3911185734766, 206.05932958427724, 204.23424744920254, 202.88388601922318, 203.09207450157623, 204.65870816222693, 206.73885616380963, 208.43203296764975, 210.77251785825433, 212.095377535762, 211.15302487294412, 206.96570148975923, 206.2489350367519, 279.0526285529419, 327.20687805770257, 437.46355481727556, 401.8174444001153, 421.57447363295256, 426.19260227872974, 435.9631452006689, 362.1627503804789, 312.4732314346633, 284.7053208249796, 280.499262021124, 288.1895251368652, 293.6620796342228, 267.43867179029144, 240.75791514328978, 222.38184003171153, 210.7682617112234, 202.7779493787366, 197.82935570674488]"
