id,fecha,angulo,ultrasonico,infrarrojo,kalman
6,2026-03-04T18:21:15.972247,"[0, 3, 6, 9, 12, 15, 18, 21, 24, 27, 30, 33, 36, 39, 42, 45, 48, 51, 54, 57, 60, 63, 66, 69, 72, 75, 78, 81, 84, 87, 90, 93, 96, 99, 102, 105, 108, 111, 114, 117, 120, 123, 126, 129, 132, 135, 138, 141, 144, 147, 150, 153, 156, 159, 162, 165, 168, 171, 174, 177, 180]","[493.0, 520.0, 690.0, 691.0, 704.0, 727.0, 575.0, 405.0, 394.0, 393.0, 386.0, 379.0, 375.0, 377.0, 372.0, 372.0, 376.0, 371.0, 366.0, 374.0, 379.0, 366.0, 362.0, 357.0, 351.0, 351.0, 322.0, 317.0, 317.0, 317.0, 316.0, 320.0, 328.0, 362.0, 318.0, 318.0, 319.0, 314.0, 319.0, 319.0, 319.0, 325.0, 320.0, 326.0, 326.0, 332.0, 366.0, 348.0, 298.0, 291.0, 287.0, 285.0, 280.0, 279.0, 279.0, 278.0, 273.0, 268.0, 273.0, 267.0, 267.0]","[219.93, 228.93, 229.93, 229.93, 229.93, 227.93, 226.93, 226.93, 228.93, 237.93, 289.93, 358.93, 324.93, 330.93, 336.93, 317.93, 330.93, 344.93, 341.93, 339.93, 335.93, 328.93, 320.93, 320.93, 324.93, 324.93, 323.93, 322.93, 321.93, 316.93, 313.93, 311.93, 308.93, 304.93, 295.93, 280.93, 297.93, 297.93, 296.93, 283.93, 292.93, 295.93, 306.93, 308.93, 311.93, 316.93, 309.93, 288.93, 288.93, 297.93, 302.93, 304.93, 299.93, 292.93, 288.93, 285.93, 282.93, 279.93, 267.93, 272.93, 260.93]","[339.65061320754717, 358.2935495179667, 401.38146045853955, 424.07892997536885, 439.8931771372391, 453.5148371787651, 434.5958220928456, 392.0094027877216, 363.129716973814, 346.04761258708606, 343.15154633117874, 352.39994958361063, 351.52758956101917, 352.40081891792494, 353.14033042080314, 350.21145151231235, 351.37706068919283, 353.7372404846599, 353.81883706459445, 354.94597380533804, 355.8484340252278, 352.845005302797, 348.76803224845906, 345.2560217365751, 342.64395800860035, 340.9676858842735, 334.5180873943573, 329.30433367559027, 325.7793179074594, 322.62152179715025, 319.8785149073056, 318.47646856842795, 318.47235986697734, 323.843586681357, 317.79670524037306, 311.22923307624734, 310.23892565283165, 308.70775943624335, 308.4416602458949, 305.9422189030041, 305.9503804034443, 307.5677770473035, 309.6805018091101, 312.4693572107211, 314.7964704087197, 318.26029432068793, 325.3196542849841, 322.8639225011132, 312.3315359800754, 305.9307142245482, 302.0021640986784, 299.4810467925443, 296.0718509974411, 292.4509951238438, 289.41082313602413, 286.74330063641816, 283.59840798611344, 280.1471666550491, 276.67845716176004, 274.27331031607514, 270.5802801166318]"
