id,fecha,angulo,ultrasonico,infrarrojo,kalman
8,2026-03-04T18:25:45.057717,"[0, 3, 6, 9, 12, 15, 18, 21, 24, 27, 30, 33, 36, 39, 42, 45, 48, 51, 54, 57, 60, 63, 66, 69, 72, 75, 78, 81, 84, 87, 90, 93, 96, 99, 102, 105, 108, 111, 114, 117, 120, 123, 126, 129, 132, 135, 138, 141, 144, 147, 150, 153, 156, 159, 162, 165, 168, 171, 174, 177, 180]","[634.0, 549.0, 733.0, 734.0, 574.0, 752.0, 756.0, 614.0, 593.0, 774.0, 1125.0, 782.0, 640.0, 946.0, 842.0, 659.0, 511.0, 668.0, 505.0, 500.0, 491.0, 491.0, 491.0, 486.0, 429.0, 424.0, 414.0, 410.0, 410.0, 397.0, 397.0, 397.0, 397.0, 401.0, 406.0, 335.0, 321.0, 320.0, 319.0, 319.0, 317.0, 312.0, 312.0, 312.0, 311.0, 307.0, 306.0, 306.0, 306.0, 306.0, 307.0, 307.0, 307.0, 313.0, 300.0, 309.0, 323.0, 304.0, 304.0, 253.0, 260.0]","[225.93, 224.93, 225.93, 223.93, 216.93, 211.93, 210.93, 224.93, 223.93, 223.93, 223.93, 225.93, 229.93, 234.93, 233.93, 233.93, 232.93, 229.93, 229.93, 230.93, 229.93, 230.93, 284.93, 314.93, 321.93, 354.93, 369.93, 364.93, 359.93, 357.93, 354.93, 344.93, 338.93, 340.93, 336.93, 334.93, 332.93, 326.93, 323.93, 321.93, 316.93, 313.93, 312.93, 309.93, 308.93, 306.93, 303.93, 302.93, 299.93, 298.93, 280.93, 282.93, 273.93, 279.93, 271.93, 283.93, 265.93, 260.93, 268.93, 275.93, 276.93]","[409.6836320754717, 397.51791411042944, 432.2467265932734, 450.19396866369766, 430.01265018744476, 448.84796861450127, 461.3108072106339, 446.28888406625316, 432.7269002376068, 456.46534255629956, 534.576404409095, 523.6089989727378, 491.85085438241435, 527.1804671477804, 531.0441233776721, 500.7429614907902, 454.6072502015111, 452.5858707840154, 422.0906709384339, 401.8040947202385, 386.9940508269573, 377.66894626526545, 381.35758546407243, 388.20296136453936, 383.63949028314784, 385.72652323587045, 387.96150475895837, 387.78362817076385, 386.77383329297766, 383.43887330257337, 380.76130161846805, 377.251702410586, 373.9246709763391, 372.86434644584904, 372.36301998927684, 358.9648962439708, 347.5006911914948, 338.8897228840834, 332.6471840144976, 328.28282437831575, 324.2281281245625, 320.19302721773937, 317.42440296971637, 315.1102729613932, 313.2669399758531, 311.0092222769969, 308.84383389454894, 307.27508350626294, 305.7309634649862, 304.56090733195884, 300.7648433246108, 298.68700555168056, 295.7414098263563, 296.00064148327675, 292.40529695714895, 293.8597163021546, 294.0765637686, 289.9166331548184, 288.68005944998276, 280.0048311062409, 275.87059926172947]"
