id,fecha,angulo,ultrasonico,infrarrojo,kalman
9,2026-03-04T18:26:15.271147,"[0, 3, 6, 9, 12, 15, 18, 21, 24, 27, 30, 33, 36, 39, 42, 45, 48, 51, 54, 57, 60, 63, 66, 69, 72, 75, 78, 81, 84, 87, 90, 93, 96, 99, 102, 105, 108, 111, 114, 117, 120, 123, 126, 129, 132, 135, 138, 141, 144, 147, 150, 153, 156, 159, 162, 165, 168, 171, 174, 177, 180]","[635.0, 648.0, 660.0, 635.0, 844.0, 711.0, 756.0, 693.0, 702.0, 1572.0, 728.0, 717.0, 722.0, 724.0, 732.0, 741.0, 572.0, 748.0, 756.0, 496.0, 544.0, 457.0, 487.0, 426.0, 433.0, 420.0, 419.0, 410.0, 406.0, 393.0, 397.0, 401.0, 401.0, 406.0, 366.0, 327.0, 321.0, 320.0, 315.0, 315.0, 313.0, 313.0, 312.0, 307.0, 307.0, 307.0, 306.0, 306.0, 302.0, 306.0, 307.0, 308.0, 308.0, 304.0, 309.0, 324.0, 320.0, 320.0, 312.0, 291.0, 260.0]","[225.93, 225.93, 211.93, 212.93, 203.93, 216.93, 223.93, 223.93, 222.93, 223.93, 223.93, 224.93, 227.93, 231.93, 233.93, 233.93, 231.93, 222.93, 214.93, 215.93, 223.93, 248.93, 296.93, 385.93, 387.93, 381.93, 377.93, 370.93, 362.93, 360.93, 357.93, 347.93, 339.93, 339.93, 340.93, 337.93, 332.93, 330.93, 327.93, 321.93, 317.93, 314.93, 310.93, 302.93, 296.93, 285.93, 292.93, 291.93, 289.93, 278.93, 288.93, 278.93, 277.93, 268.93, 280.93, 291.93, 265.93, 264.93, 266.93, 270.93, 274.93]","[410.16004716981126, 424.51397020157754, 429.366865973134, 427.2916909038887, 462.9399935607589, 463.31160952697695, 472.9073746810085, 467.7228112338651, 465.83759101684956, 620.7036214324246, 568.8425885126081, 533.7751612882706, 512.705470985292, 500.25931146618615, 494.0634682939651, 491.69951312398666, 459.5514223928847, 468.83516035875357, 474.79292698624226, 432.22192062629125, 414.9335131885718, 392.73282408708747, 392.45774529492223, 397.29682154282335, 402.0144211542665, 401.6384580820734, 400.50154270258366, 396.90587530767414, 392.44883755747605, 386.90163554763274, 383.52088943211277, 380.2765484945396, 376.76148697789614, 375.4013667805732, 367.54249733420073, 354.97571839526177, 344.9406665031499, 337.96336155742483, 332.05269864520244, 327.18480275353375, 322.9860947040851, 319.7542192412101, 316.7845437028381, 312.5501027033125, 308.75790953596265, 304.3538816435796, 302.6024027883992, 301.29927570615087, 299.3882310566459, 296.9079311252356, 297.28663405109813, 295.91750472445017, 294.85974755794444, 291.8522657013063, 292.96742632564184, 298.34042061854836, 296.4146354927308, 294.9996486807116, 293.0168188963479, 288.69916355054136, 281.0918637266527]"
