id,fecha,imagen_path,angulo,ultrasonico,infrarrojo,kalman
10,2025-12-06T13:11:08.837964,,"[0, 3, 6, 9, 12, 15, 18, 21, 24, 27, 30, 33, 36, 39, 42, 45, 48, 51, 54, 57, 60, 63, 66, 69, 72, 75, 78, 81, 84, 87, 90, 93, 96, 99, 102, 105, 108, 111, 114, 117, 120, 123, 126, 129, 132, 135, 138, 141, 144, 147, 150, 153, 156, 159, 162, 165, 168, 171, 174, 177, 180]","[216.0, 216.0, 216.0, 216.0, 214.0, 214.0, 211.0, 206.0, 212.0, 212.0, 215.0, 258.0, 258.0, 293.0, 297.0, 293.0, 293.0, 272.0, 264.0, 276.0, 240.0, 235.0, 225.0, 223.0, 223.0, 225.0, 227.0, 233.0, 231.0, 218.0, 218.0, 213.0, 213.0, 213.0, 212.0, 212.0, 213.0, 218.0, 213.0, 214.0, 219.0, 214.0, 215.0, 220.0, 226.0, 230.0, 236.0, 237.0, 239.0, 284.0, 267.0, 267.0, 280.0, 222.0, 212.0, 216.0, 210.0, 210.0, 204.0, 204.0, 198.0]","[208.93, 205.93, 208.93, 211.93, 211.93, 208.93, 209.93, 210.93, 214.93, 216.93, 221.93, 227.93, 231.93, 236.93, 249.93, 266.93, 276.93, 270.93, 252.93, 240.93, 249.93, 255.93, 254.93, 251.93, 247.93, 243.93, 239.93, 235.93, 232.93, 229.93, 227.93, 219.93, 215.93, 215.93, 212.93, 215.93, 218.93, 217.93, 217.93, 218.93, 219.93, 219.93, 220.93, 222.93, 225.93, 225.93, 219.93, 228.93, 241.93, 264.93, 272.93, 244.93, 229.93, 234.93, 237.93, 234.93, 231.93, 227.93, 223.93, 218.93, 209.93]","[202.44306603773583, 207.00652059596845, 209.31980002019998, 211.10429508869703, 211.790430408295, 211.672445651336, 211.23774054624988, 210.2423745069376, 211.3978664904193, 212.4970672851596, 214.63542643163032, 224.78530113228612, 232.01500423522424, 243.8197061235747, 254.44040021780688, 263.5847966032426, 271.244421587207, 271.32344549569024, 266.7168095263572, 263.7605361591686, 257.0268929239005, 252.8847572323909, 248.25615639227536, 244.39014292577758, 241.19264291196396, 238.78241391332338, 236.87741012854985, 236.01314593923462, 234.56286701405722, 230.766100935738, 227.971297475103, 223.8490793077747, 220.48716186301596, 218.32967679086244, 216.22861193789072, 215.41765582674077, 215.6137460199302, 216.45610055609683, 216.10103127974386, 216.23142582883526, 217.38987825218044, 217.23766240222275, 217.4982366022052, 218.91935961586321, 221.443513615424, 223.77988547706073, 225.2792344341096, 228.03271812545836, 232.48667721311566, 247.52572910624593, 255.56476775789525, 255.70815398818547, 255.4419134466172, 245.7772300027394, 238.32109106617492, 233.7152991275932, 229.1474079518, 225.49948322737563, 221.36716730094847, 217.81964091097203, 212.8561109319731]"
