id,fecha,imagen_path,angulo,ultrasonico,infrarrojo,kalman
100,2025-12-06T14:28:41.415743,,"[0, 3, 6, 9, 12, 15, 18, 21, 24, 27, 30, 33, 36, 39, 42, 45, 48, 51, 54, 57, 60, 63, 66, 69, 72, 75, 78, 81, 84, 87, 90, 93, 96, 99, 102, 105, 108, 111, 114, 117, 120, 123, 126, 129, 132, 135, 138, 141, 144, 147, 150, 153, 156, 159, 162, 165, 168, 171, 174, 177, 180]","[179.0, 179.0, 179.0, 179.0, 185.0, 185.0, 196.0, 196.0, 207.0, 207.0, 245.0, 236.0, 250.0, 456.0, 259.0, 573.0, 435.0, 553.0, 354.0, 346.0, 329.0, 546.0, 267.0, 343.0, 365.0, 249.0, 223.0, 218.0, 217.0, 211.0, 207.0, 206.0, 206.0, 205.0, 205.0, 200.0, 200.0, 200.0, 200.0, 201.0, 206.0, 207.0, 207.0, 207.0, 212.0, 217.0, 214.0, 224.0, 234.0, 251.0, 254.0, 246.0, 251.0, 251.0, 256.0, 257.0, 257.0, 259.0, 260.0, 266.0, 340.0]","[183.93, 183.93, 183.93, 181.93, 183.93, 185.93, 189.93, 192.93, 199.93, 203.93, 210.93, 215.93, 216.93, 211.93, 187.93, 193.93, 245.93, 315.93, 482.93, 522.93, 496.93, 488.93, 474.93, 502.93, 498.93, 521.93, 378.93, 270.93, 246.93, 235.93, 229.93, 223.93, 216.93, 211.93, 210.93, 210.93, 209.93, 207.93, 202.93, 202.93, 204.93, 205.93, 206.93, 206.93, 206.93, 208.93, 214.93, 218.93, 224.93, 236.93, 257.93, 262.93, 218.93, 197.93, 206.93, 206.93, 194.93, 186.93, 176.93, 166.93, 158.93]","[172.90533018867922, 177.48899211218227, 179.17400666599332, 179.66995328788593, 181.4381277514013, 182.89806982026042, 186.5223703731145, 189.37363743599568, 194.4261812435505, 198.3822784633753, 208.98200976028374, 215.06664857631023, 221.65815518147616, 261.8933294913061, 248.12603361693178, 296.61232392363905, 312.3228878998048, 356.0812365357198, 378.43069462326514, 398.5054096424424, 403.68566744255946, 444.44797491628424, 418.1221428349363, 419.8571330747093, 424.19486805361413, 410.31959965458225, 371.1424865653789, 325.7593181168486, 292.15679367525945, 267.5474386287026, 249.9632834606185, 237.42488349148545, 228.12455872743294, 221.08137300038575, 216.38233308866967, 212.47111587094903, 209.78199304267056, 207.69801125343068, 205.464987791138, 204.21109067182067, 204.66031318010204, 205.3068558938994, 205.90089857122445, 206.28212096279435, 207.4224114706621, 209.4080857658968, 211.21976356855424, 214.8901970713916, 220.11173054447198, 228.6573448841327, 238.44051903456696, 244.18141063767126, 240.87956176314592, 234.99892076154612, 233.7328668987246, 233.09951520039584, 230.54352112517273, 227.8284585664974, 224.47392865839143, 221.60466934297258, 231.58584368950252]"
