id,fecha,imagen_path,angulo,ultrasonico,infrarrojo,kalman
101,2025-12-06T14:30:08.270929,,"[0, 3, 6, 9, 12, 15, 18, 21, 24, 27, 30, 33, 36, 39, 42, 45, 48, 51, 54, 57, 60, 63, 66, 69, 72, 75, 78, 81, 84, 87, 90, 93, 96, 99, 102, 105, 108, 111, 114, 117, 120, 123, 126, 129, 132, 135, 138, 141, 144, 147, 150, 153, 156, 159, 162, 165, 168, 171, 174, 177, 180]","[179.0, 179.0, 179.0, 179.0, 185.0, 185.0, 196.0, 196.0, 207.0, 202.0, 228.0, 212.0, 233.0, 259.0, 272.0, 431.0, 436.0, 555.0, 553.0, 333.0, 359.0, 338.0, 266.0, 253.0, 563.0, 236.0, 232.0, 218.0, 217.0, 212.0, 207.0, 206.0, 206.0, 206.0, 201.0, 200.0, 201.0, 201.0, 200.0, 201.0, 206.0, 201.0, 207.0, 207.0, 212.0, 217.0, 218.0, 224.0, 230.0, 251.0, 250.0, 246.0, 251.0, 251.0, 251.0, 257.0, 253.0, 267.0, 260.0, 266.0, 319.0]","[183.93, 183.93, 183.93, 182.93, 183.93, 187.93, 189.93, 191.93, 199.93, 204.93, 210.93, 215.93, 219.93, 197.93, 174.93, 196.93, 251.93, 361.93, 469.93, 520.93, 499.93, 471.93, 466.93, 493.93, 515.93, 509.93, 418.93, 276.93, 245.93, 236.93, 230.93, 224.93, 217.93, 211.93, 212.93, 210.93, 209.93, 208.93, 202.93, 203.93, 205.93, 205.93, 206.93, 205.93, 205.93, 211.93, 215.93, 219.93, 222.93, 233.93, 257.93, 264.93, 219.93, 198.93, 206.93, 209.93, 199.93, 190.93, 178.93, 165.93, 158.93]","[172.90533018867922, 177.48899211218227, 179.17400666599332, 179.86203275445973, 181.55937787508188, 183.33791061015592, 186.80385949179308, 189.37458543809672, 194.42678933372866, 197.66590765588936, 205.4767008947061, 208.51787523968866, 214.94772260356757, 219.7904373385298, 221.1068825766928, 254.37406171250197, 286.4707156361878, 348.08898741130287, 406.61968743795427, 413.90855001799673, 419.4817660890373, 414.28102471057343, 397.1505718572121, 388.6650364397817, 442.6902648957039, 417.71066095586536, 384.66295466210624, 335.51074888313644, 298.2355717713045, 271.8067060280388, 252.87576485838076, 239.47307516723112, 229.6180990163124, 222.21896996017526, 216.75411975708377, 212.70970715116624, 210.1142359754821, 208.26948321014666, 205.831725593606, 204.62557066528214, 205.10543136324924, 204.51773441012725, 205.39448583226525, 205.77800563610847, 206.91977049091238, 209.62290607612448, 212.25326680030042, 215.73256873201436, 219.5775434728613, 227.77714802020984, 237.1591442207996, 243.7173556197926, 240.76088675283248, 235.10189075673523, 232.90330318996735, 233.10453532392307, 230.72587153619432, 230.0950259794434, 226.2867387083731, 222.58889768574286, 228.45576029865964]"
