id,fecha,imagen_path,angulo,ultrasonico,infrarrojo,kalman
103,2025-12-06T14:31:13.697398,,"[0, 3, 6, 9, 12, 15, 18, 21, 24, 27, 30, 33, 36, 39, 42, 45, 48, 51, 54, 57, 60, 63, 66, 69, 72, 75, 78, 81, 84, 87, 90, 93, 96, 99, 102, 105, 108, 111, 114, 117, 120, 123, 126, 129, 132, 135, 138, 141, 144, 147, 150, 153, 156, 159, 162, 165, 168, 171, 174, 177, 180]","[171.0, 167.0, 167.0, 162.0, 299.0, 215.0, 288.0, 283.0, 282.0, 281.0, 276.0, 280.0, 280.0, 277.0, 276.0, 277.0, 277.0, 228.0, 214.0, 213.0, 211.0, 210.0, 210.0, 220.0, 207.0, 193.0, 193.0, 188.0, 187.0, 187.0, 187.0, 187.0, 187.0, 187.0, 187.0, 187.0, 192.0, 193.0, 189.0, 189.0, 195.0, 199.0, 205.0, 206.0, 216.0, 222.0, 239.0, 234.0, 230.0, 244.0, 240.0, 245.0, 246.0, 175.0, 170.0, 160.0, 159.0, 158.0, 153.0, 152.0, 147.0]","[160.93, 159.93, 159.93, 162.93, 167.93, 170.93, 179.93, 185.93, 199.93, 212.93, 227.93, 270.93, 345.93, 254.93, 223.93, 237.93, 245.93, 244.93, 242.93, 235.93, 228.93, 223.93, 221.93, 217.93, 210.93, 206.93, 205.93, 203.93, 201.93, 197.93, 195.93, 193.93, 190.93, 188.93, 189.93, 186.93, 187.93, 189.93, 190.93, 192.93, 193.93, 196.93, 199.93, 203.93, 203.93, 214.93, 242.93, 247.93, 214.93, 200.93, 205.93, 203.93, 197.93, 188.93, 180.93, 172.93, 168.93, 166.93, 161.93, 157.93, 155.93]","[158.1364622641509, 160.9898685363716, 162.0388183011817, 162.20253980792674, 188.4805866933869, 190.10641022000965, 205.89639866225912, 216.1520338679038, 225.04887388662834, 232.90318579258138, 239.73318986709097, 252.5351261476137, 274.1851046415817, 271.2401608704917, 263.6181424701021, 261.4137289144417, 261.43209718160034, 252.4874430888086, 243.88122000832416, 236.92521188444033, 230.84908747611024, 225.87500800163642, 222.32467260934843, 221.12104446435532, 216.76604951739108, 210.74694635090168, 206.70510367165704, 202.8573802339653, 199.85074648901278, 197.20474690293065, 195.14843912796118, 193.47056160909537, 191.8564100578075, 190.46228294858645, 189.74674121383083, 188.75016136759808, 189.18538650337175, 190.00207529406313, 189.98879278932375, 190.33852641194468, 191.8168668101891, 194.01948206370588, 197.04515279269398, 199.88249800395982, 203.49463066349554, 208.85787879644286, 220.36049800232936, 227.74221680868175, 225.8516139411022, 224.63833386174306, 224.03884933948032, 224.19152103935704, 223.3938530233662, 208.55165283222524, 196.69810900580805, 185.8668688550922, 178.02035855165585, 172.44753360430727, 167.07992753034225, 162.7396630387067, 158.70042966157794]"
