id,fecha,imagen_path,angulo,ultrasonico,infrarrojo,kalman
104,2025-12-06T14:32:17.287833,,"[0, 3, 6, 9, 12, 15, 18, 21, 24, 27, 30, 33, 36, 39, 42, 45, 48, 51, 54, 57, 60, 63, 66, 69, 72, 75, 78, 81, 84, 87, 90, 93, 96, 99, 102, 105, 108, 111, 114, 117, 120, 123, 126, 129, 132, 135, 138, 141, 144, 147, 150, 153, 156, 159, 162, 165, 168, 171, 174, 177, 180]","[167.0, 171.0, 162.0, 167.0, 299.0, 299.0, 283.0, 283.0, 281.0, 281.0, 276.0, 280.0, 280.0, 281.0, 276.0, 278.0, 278.0, 278.0, 213.0, 213.0, 207.0, 203.0, 199.0, 203.0, 194.0, 193.0, 193.0, 192.0, 187.0, 187.0, 187.0, 187.0, 187.0, 187.0, 187.0, 188.0, 188.0, 189.0, 193.0, 194.0, 195.0, 200.0, 206.0, 206.0, 212.0, 221.0, 239.0, 243.0, 235.0, 239.0, 244.0, 240.0, 185.0, 196.0, 169.0, 164.0, 163.0, 158.0, 148.0, 152.0, 147.0]","[158.93, 159.93, 160.93, 160.93, 168.93, 171.93, 176.93, 186.93, 201.93, 214.93, 230.93, 262.93, 333.93, 272.93, 223.93, 228.93, 242.93, 241.93, 234.93, 230.93, 229.93, 224.93, 220.93, 213.93, 204.93, 205.93, 202.93, 201.93, 200.93, 196.93, 191.93, 191.93, 191.93, 190.93, 190.93, 186.93, 186.93, 189.93, 191.93, 192.93, 194.93, 194.93, 197.93, 203.93, 208.93, 219.93, 234.93, 240.93, 215.93, 201.93, 206.93, 203.93, 195.93, 189.93, 183.93, 175.93, 171.93, 166.93, 160.93, 157.93, 154.93]","[155.2779716981132, 160.73307624890447, 161.0432622967377, 162.16567393575997, 188.64169022224806, 205.6174757767935, 214.38308196728747, 221.7716355993174, 228.8328112592753, 235.68941433939403, 242.0585521962452, 252.5942476905372, 272.07344801248604, 273.8259008320915, 265.27751775291483, 261.0455867700829, 260.83758702157905, 260.52497602731273, 247.42708634369433, 238.30510073672053, 231.19723432729722, 225.0236558898077, 219.62877841271163, 215.6292702866469, 209.83829809777995, 206.12198553274317, 203.19968372108926, 200.96606108450914, 198.45787795644162, 196.1317552807197, 193.74333973742057, 192.21059214161414, 191.22696297413282, 190.41659761673083, 189.8965517826752, 189.0254299509113, 188.4663941093297, 188.82415222860521, 190.12851350208854, 191.32383504548514, 192.62830995222214, 194.3610907731425, 197.0852488114215, 199.90822932047158, 203.69027232584168, 209.69994549133594, 219.46785765177455, 227.52762919004599, 226.78867666964948, 224.52317163570493, 224.86058877637927, 223.82322217909496, 211.87238657851873, 205.09867221738517, 194.84044240305153, 185.9286268676069, 179.3138927819447, 173.2776494051935, 166.53787535351634, 162.39180515729024, 158.29806571453983]"
