id,fecha,imagen_path,angulo,ultrasonico,infrarrojo,kalman
105,2025-12-06T14:33:12.887600,,"[0, 3, 6, 9, 12, 15, 18, 21, 24, 27, 30, 33, 36, 39, 42, 45, 48, 51, 54, 57, 60, 63, 66, 69, 72, 75, 78, 81, 84, 87, 90, 93, 96, 99, 102, 105, 108, 111, 114, 117, 120, 123, 126, 129, 132, 135, 138, 141, 144, 147, 150, 153, 156, 159, 162, 165, 168, 171, 174, 177, 180]","[162.0, 167.0, 162.0, 163.0, 294.0, 277.0, 283.0, 283.0, 281.0, 281.0, 276.0, 280.0, 280.0, 277.0, 277.0, 277.0, 283.0, 279.0, 214.0, 207.0, 208.0, 206.0, 210.0, 228.0, 220.0, 189.0, 193.0, 192.0, 192.0, 187.0, 187.0, 187.0, 187.0, 187.0, 193.0, 188.0, 188.0, 188.0, 194.0, 194.0, 199.0, 200.0, 206.0, 211.0, 221.0, 221.0, 238.0, 238.0, 235.0, 239.0, 240.0, 244.0, 250.0, 179.0, 174.0, 160.0, 164.0, 158.0, 153.0, 152.0, 143.0]","[160.93, 161.93, 161.93, 161.93, 169.93, 173.93, 180.93, 187.93, 202.93, 217.93, 233.93, 266.93, 337.93, 276.93, 223.93, 228.93, 244.93, 242.93, 233.93, 227.93, 225.93, 223.93, 220.93, 215.93, 212.93, 208.93, 204.93, 202.93, 200.93, 195.93, 191.93, 191.93, 190.93, 187.93, 188.93, 190.93, 190.93, 191.93, 192.93, 193.93, 192.93, 193.93, 197.93, 203.93, 209.93, 219.93, 237.93, 241.93, 212.93, 201.93, 206.93, 199.93, 193.93, 188.93, 183.93, 176.93, 169.93, 163.93, 159.93, 157.93, 155.93]","[153.84872641509432, 159.53368974583697, 160.5640682759317, 161.29432817903614, 187.35415298066187, 201.17123616792887, 212.2576203275855, 220.58866941134852, 228.2532828405586, 235.85514832395984, 242.7023646167213, 253.72395284672754, 273.5149503552453, 274.7509689528524, 266.0503013829694, 261.36238526715084, 262.2947923383758, 261.8183840320557, 248.25712108611958, 237.2256100950598, 229.96709302198053, 224.59247959468985, 221.3224909284786, 221.55267466713954, 219.7299767054662, 212.29076661858593, 207.5167098576841, 203.9156087146519, 201.2463717452343, 197.74212127743021, 194.77677992614963, 192.87379456010964, 191.47343932134655, 190.03738559261012, 190.36971047563074, 190.04559109953408, 189.83758994334423, 189.88323556057102, 191.16642978314655, 192.1690387470992, 193.52897059946284, 194.75995414121465, 197.34121635868732, 200.96813848012314, 206.1617488535483, 211.285996845161, 220.84395167197863, 227.69421197218315, 226.358193554895, 224.24691235535127, 223.96678633536456, 223.2496312282074, 222.7894023666917, 208.88026633768212, 198.16289572873106, 187.5233997858226, 180.15819744583524, 173.28208917804147, 167.25723968312585, 162.85345177059202, 158.05693757995087]"
