id,fecha,imagen_path,angulo,ultrasonico,infrarrojo,kalman
106,2025-12-06T14:33:33.631523,,"[0, 3, 6, 9, 12, 15, 18, 21, 24, 27, 30, 33, 36, 39, 42, 45, 48, 51, 54, 57, 60, 63, 66, 69, 72, 75, 78, 81, 84, 87, 90, 93, 96, 99, 102, 105, 108, 111, 114, 117, 120, 123, 126, 129, 132, 135, 138, 141, 144, 147, 150, 153, 156, 159, 162, 165, 168, 171, 174, 177, 180]","[167.0, 167.0, 163.0, 163.0, 290.0, 290.0, 283.0, 283.0, 281.0, 281.0, 277.0, 280.0, 280.0, 276.0, 278.0, 277.0, 274.0, 214.0, 213.0, 207.0, 207.0, 214.0, 218.0, 203.0, 194.0, 193.0, 188.0, 192.0, 187.0, 187.0, 187.0, 187.0, 187.0, 187.0, 187.0, 193.0, 188.0, 188.0, 194.0, 194.0, 195.0, 200.0, 205.0, 206.0, 212.0, 221.0, 243.0, 234.0, 235.0, 244.0, 240.0, 245.0, 250.0, 175.0, 174.0, 155.0, 159.0, 153.0, 158.0, 148.0, 147.0]","[161.93, 161.93, 161.93, 161.93, 166.93, 171.93, 179.93, 191.93, 203.93, 215.93, 233.93, 275.93, 294.93, 224.93, 226.93, 243.93, 247.93, 241.93, 236.93, 232.93, 227.93, 222.93, 216.93, 211.93, 208.93, 207.93, 204.93, 201.93, 197.93, 195.93, 195.93, 193.93, 192.93, 189.93, 188.93, 188.93, 189.93, 190.93, 191.93, 190.93, 192.93, 196.93, 199.93, 203.93, 209.93, 213.93, 235.93, 242.93, 213.93, 199.93, 202.93, 199.93, 194.93, 189.93, 180.93, 175.93, 166.93, 162.93, 159.93, 158.93, 155.93]","[156.70721698113206, 160.86147239263803, 161.5410402989597, 161.89598767198268, 186.44332469009188, 202.58465293402594, 212.98216796283643, 221.77108244996322, 229.19101253100263, 236.09843350813287, 243.0376328209262, 255.5513545554182, 266.9849335701133, 261.0664839168052, 257.9849246710899, 258.87343191769975, 259.62275253180013, 248.28111983447414, 239.927942435949, 232.77606685452517, 227.29076114807324, 224.12886538439582, 221.74148516030755, 216.6268262787521, 211.1949872439138, 207.35088809228762, 203.45093628216645, 201.1273005137217, 198.0239657853845, 195.67416664469206, 194.1662008329586, 192.8402176183263, 191.81014914261337, 190.61172414118025, 189.66351518323566, 190.12978197042509, 189.71249001270832, 189.623824842281, 190.82082613354444, 191.40986386676897, 192.32526072759066, 194.52486879666063, 197.36948090304503, 200.09063311377741, 203.9864573642388, 208.8152472892692, 219.7957532010563, 226.48415218355908, 225.7607756298355, 224.40091027834006, 223.34909819776485, 223.0323633262382, 222.82910111995918, 208.36835635784863, 197.29699501982986, 185.89294185183007, 177.67883313045735, 170.61620318769818, 166.44207145197421, 161.7929373744194, 158.0928756327573]"
