id,fecha,imagen_path,angulo,ultrasonico,infrarrojo,kalman
107,2025-12-06T14:34:40.798404,,"[0, 3, 6, 9, 12, 15, 18, 21, 24, 27, 30, 33, 36, 39, 42, 45, 48, 51, 54, 57, 60, 63, 66, 69, 72, 75, 78, 81, 84, 87, 90, 93, 96, 99, 102, 105, 108, 111, 114, 117, 120, 123, 126, 129, 132, 135, 138, 141, 144, 147, 150, 153, 156, 159, 162, 165, 168, 171, 174, 177, 180]","[162.0, 167.0, 167.0, 167.0, 294.0, 294.0, 283.0, 283.0, 281.0, 281.0, 276.0, 280.0, 276.0, 276.0, 276.0, 278.0, 277.0, 232.0, 214.0, 208.0, 197.0, 201.0, 206.0, 198.0, 215.0, 193.0, 193.0, 188.0, 187.0, 187.0, 187.0, 187.0, 187.0, 187.0, 187.0, 188.0, 194.0, 194.0, 195.0, 195.0, 200.0, 200.0, 206.0, 202.0, 208.0, 213.0, 574.0, 229.0, 453.0, 457.0, 204.0, 194.0, 185.0, 188.0, 182.0, 177.0, 177.0, 176.0, 171.0, 171.0, 171.0]","[161.93, 161.93, 160.93, 159.93, 168.93, 174.93, 181.93, 186.93, 201.93, 214.93, 229.93, 265.93, 307.93, 264.93, 221.93, 234.93, 249.93, 244.93, 241.93, 234.93, 228.93, 218.93, 217.93, 214.93, 209.93, 207.93, 204.93, 202.93, 199.93, 196.93, 194.93, 193.93, 191.93, 188.93, 190.93, 188.93, 191.93, 192.93, 193.93, 194.93, 195.93, 198.93, 200.93, 204.93, 209.93, 218.93, 236.93, 239.93, 216.93, 207.93, 214.93, 212.93, 207.93, 201.93, 195.93, 190.93, 187.93, 184.93, 181.93, 178.93, 173.93]","[154.32514150943393, 159.75498685363715, 161.5391718008282, 162.27899590724752, 187.79134917805442, 204.7128758954492, 214.7042076062251, 221.97748267179006, 228.96485061112472, 235.77413336428782, 241.9337616078875, 253.0515844980203, 266.9929442103149, 268.23684675371885, 261.33253371653433, 259.58869999912906, 260.97741477330726, 252.91216948363515, 243.97465613376104, 235.91040104882973, 227.69003727497716, 221.33990844976984, 217.98127652301645, 213.85548328052724, 213.35733211973715, 208.7385565483053, 205.23710593364305, 201.73617501286324, 198.77296395583363, 196.33395933578666, 194.41048901342177, 192.99698770900014, 191.7316263768849, 190.3822039659039, 189.87447991759961, 189.36952306806754, 190.6576298948791, 191.66339148541428, 192.6670889425279, 193.4903329728949, 195.0934163063276, 196.65956925526922, 199.097666333247, 200.66229667787417, 203.63680299030187, 208.05347288725906, 278.7776467810812, 262.90230564737476, 288.7193113774494, 304.391535459275, 270.3833855849988, 246.4093674107488, 228.5164197321795, 216.4963696458027, 206.63304807161293, 198.51204826426783, 192.7630717555329, 188.3571944589134, 184.09672577609425, 180.82521589425056, 177.830105267518]"
