id,fecha,imagen_path,angulo,ultrasonico,infrarrojo,kalman
109,2025-12-06T14:36:55.818389,,"[0, 3, 6, 9, 12, 15, 18, 21, 24, 27, 30, 33, 36, 39, 42, 45, 48, 51, 54, 57, 60, 63, 66, 69, 72, 75, 78, 81, 84, 87, 90, 93, 96, 99, 102, 105, 108, 111, 114, 117, 120, 123, 126, 129, 132, 135, 138, 141, 144, 147, 150, 153, 156, 159, 162, 165, 168, 171, 174, 177, 180]","[178.0, 174.0, 187.0, 174.0, 294.0, 267.0, 292.0, 296.0, 296.0, 264.0, 268.0, 259.0, 286.0, 227.0, 218.0, 207.0, 208.0, 197.0, 197.0, 195.0, 195.0, 194.0, 194.0, 192.0, 200.0, 191.0, 196.0, 187.0, 187.0, 187.0, 188.0, 188.0, 189.0, 194.0, 199.0, 200.0, 206.0, 206.0, 211.0, 216.0, 272.0, 272.0, 263.0, 263.0, 263.0, 263.0, 276.0, 249.0, 225.0, 216.0, 202.0, 206.0, 200.0, 199.0, 194.0, 194.0, 193.0, 193.0, 193.0, 193.0, 193.0]","[166.93, 165.93, 163.93, 167.93, 177.93, 182.93, 192.93, 203.93, 220.93, 237.93, 292.93, 267.93, 220.93, 225.93, 229.93, 232.93, 227.93, 225.93, 219.93, 213.93, 209.93, 205.93, 202.93, 200.93, 196.93, 191.93, 192.93, 192.93, 189.93, 188.93, 190.93, 190.93, 191.93, 192.93, 194.93, 196.93, 196.93, 202.93, 202.93, 205.93, 212.93, 218.93, 225.93, 239.93, 266.93, 264.93, 236.93, 217.93, 223.93, 231.93, 231.93, 227.93, 221.93, 216.93, 211.93, 207.93, 204.93, 197.93, 195.93, 195.93, 192.93]","[164.32985849056604, 167.3474496056091, 170.78763155236845, 170.85576922598463, 194.86481149514466, 205.77763136275271, 218.9858336707752, 230.10682013740367, 240.27481811541972, 244.1059706840132, 257.13370853053755, 259.4020735997571, 257.27502107494416, 246.2369888833796, 238.25784785052176, 231.7042856716415, 226.78207918747444, 221.29461806825287, 216.6983097442158, 212.31563371735422, 208.78656955380762, 205.62617546051638, 203.06063013667233, 200.69769571134358, 199.89781557191816, 196.87669556040856, 196.01268737048972, 193.8460575919826, 191.91825297773153, 190.50197017431867, 190.13046776002682, 189.89205889774166, 190.09731938450096, 191.30381645664727, 193.33197831335738, 195.17092218698215, 197.42582320649004, 199.94766157578266, 202.46167618397075, 205.50805630693532, 218.74816113039782, 228.31967088842666, 234.10385725464522, 240.32361805826193, 249.15157966172137, 254.45859962802953, 255.17740774872672, 247.3987733207708, 239.18257543150878, 233.73076384380073, 227.72430203838374, 223.8697006406435, 219.24649395405845, 215.20481334979834, 210.81980756802, 207.28924816085447, 204.30702324686865, 201.13930148902205, 198.74818245948424, 197.2136999218433, 195.69157101432765]"
