id,fecha,imagen_path,angulo,ultrasonico,infrarrojo,kalman
11,2025-12-06T13:11:36.622535,,"[0, 3, 6, 9, 12, 15, 18, 21, 24, 27, 30, 33, 36, 39, 42, 45, 48, 51, 54, 57, 60, 63, 66, 69, 72, 75, 78, 81, 84, 87, 90, 93, 96, 99, 102, 105, 108, 111, 114, 117, 120, 123, 126, 129, 132, 135, 138, 141, 144, 147, 150, 153, 156, 159, 162, 165, 168, 171, 174, 177, 180]","[216.0, 216.0, 216.0, 216.0, 214.0, 210.0, 211.0, 211.0, 212.0, 214.0, 219.0, 250.0, 259.0, 280.0, 297.0, 297.0, 297.0, 264.0, 289.0, 249.0, 253.0, 240.0, 233.0, 227.0, 233.0, 219.0, 230.0, 245.0, 245.0, 218.0, 213.0, 213.0, 213.0, 213.0, 213.0, 212.0, 212.0, 212.0, 213.0, 213.0, 219.0, 219.0, 220.0, 220.0, 225.0, 230.0, 231.0, 237.0, 243.0, 283.0, 271.0, 267.0, 245.0, 228.0, 221.0, 211.0, 206.0, 210.0, 204.0, 199.0, 198.0]","[215.93, 215.93, 215.93, 214.93, 207.93, 205.93, 207.93, 212.93, 213.93, 215.93, 218.93, 224.93, 227.93, 230.93, 249.93, 272.93, 290.93, 284.93, 241.93, 241.93, 250.93, 243.93, 246.93, 248.93, 250.93, 244.93, 238.93, 235.93, 230.93, 223.93, 219.93, 224.93, 222.93, 221.93, 220.93, 219.93, 211.93, 210.93, 213.93, 218.93, 219.93, 219.93, 221.93, 216.93, 217.93, 221.93, 231.93, 234.93, 240.93, 261.93, 255.93, 227.93, 223.93, 233.93, 237.93, 233.93, 230.93, 225.93, 216.93, 209.93, 202.93]","[205.7779716981132, 211.23307624890447, 213.2384446015554, 214.09379574801582, 212.94005167098305, 211.13634726199828, 210.534628098607, 211.04810694398932, 211.7354206154601, 212.89283884165545, 215.0685438926695, 223.0927106765264, 230.39141242135355, 239.37430361048638, 251.58760327692332, 263.54532831685464, 274.4434134708786, 274.45114701053086, 271.23179144703755, 262.00064292507125, 258.4052978111194, 252.5154366274274, 248.0191476900557, 244.41717317027792, 243.53866356981078, 239.39231098815677, 237.62706452922006, 238.6437763934075, 238.40059961247036, 232.15416407256637, 226.53340228449565, 223.8219648770843, 221.72366287559808, 220.19796466448494, 219.03973060152137, 217.93818508936658, 215.7982463171028, 214.24582802351185, 213.96609047361446, 214.68221494217892, 216.3956838924137, 217.4952896211312, 218.73833962831836, 218.64041363743019, 219.65234308251482, 221.91390020683255, 225.3356540047425, 229.14369766633106, 233.73702627815936, 247.61161601523483, 253.291210829897, 251.20392669860925, 245.20707950360077, 240.1047467160779, 236.2929769175272, 231.33899951601288, 226.72679173971878, 223.58781352662064, 218.88646624762976, 213.71986680119133, 208.9712104370088]"
