id,fecha,imagen_path,angulo,ultrasonico,infrarrojo,kalman
113,2025-12-06T14:40:40.179069,,"[0, 3, 6, 9, 12, 15, 18, 21, 24, 27, 30, 33, 36, 39, 42, 45, 48, 51, 54, 57, 60, 63, 66, 69, 72, 75, 78, 81, 84, 87, 90, 93, 96, 99, 102, 105, 108, 111, 114, 117, 120, 123, 126, 129, 132, 135, 138, 141, 144, 147, 150, 153, 156, 159, 162, 165, 168, 171, 174, 177, 180]","[177.0, 177.0, 177.0, 177.0, 183.0, 183.0, 204.0, 195.0, 232.0, 512.0, 555.0, 573.0, 520.0, 654.0, 522.0, 637.0, 501.0, 615.0, 770.0, 577.0, 743.0, 697.0, 539.0, 693.0, 835.0, 835.0, 650.0, 666.0, 650.0, 773.0, 591.0, 738.0, 591.0, 709.0, 698.0, 642.0, 751.0, 643.0, 796.0, 278.0, 273.0, 274.0, 265.0, 269.0, 564.0, 679.0, 640.0, 210.0, 657.0, 189.0, 179.0, 174.0, 169.0, 168.0, 163.0, 167.0, 162.0, 162.0, 157.0, 157.0, 157.0]","[174.93, 176.93, 176.93, 177.93, 181.93, 184.93, 188.93, 192.93, 202.93, 210.93, 220.93, 213.93, 190.93, 189.93, 199.93, 256.93, 356.93, 419.93, 406.93, 425.93, 404.93, 457.93, 489.93, 477.93, 434.93, 487.93, 472.93, 441.93, 465.93, 434.93, 467.93, 477.93, 464.93, 477.93, 454.93, 451.93, 462.93, 477.93, 495.93, 498.93, 570.93, 726.93, 790.93, 522.93, 312.93, 251.93, 233.93, 225.93, 216.93, 205.93, 195.93, 188.93, 185.93, 181.93, 178.93, 173.93, 169.93, 167.93, 166.93, 164.93, 163.93]","[167.66476415094337, 172.64499561787903, 174.47579436420563, 175.62412441221107, 178.14669869534694, 180.25612316167232, 186.0916500042569, 188.9180468743072, 199.15373065468324, 257.32292208452503, 304.1330480649696, 336.1387581656651, 343.0626964996196, 371.3303229289331, 367.61685243762946, 396.04397450622145, 407.83818921458663, 447.11283514715797, 497.7533240905872, 499.0830601446714, 525.9100824482953, 544.3800220567404, 533.662738927243, 552.2212910992486, 581.8648511579904, 610.3822070203145, 592.8572473250089, 578.9238053255749, 571.4151546699801, 583.076383145449, 563.8696993224105, 579.6671745693588, 561.1444791704952, 572.7235504077072, 574.0639530450323, 564.3555479912438, 579.6207067054397, 572.7580297791786, 598.9849810006258, 523.564604277085, 487.16577698706334, 491.9303242998578, 504.8400196337523, 465.8347197209802, 456.0293104559665, 459.4097176585268, 451.36872766216834, 367.7500754787107, 392.5468461105281, 322.6572980702588, 274.22363394908535, 240.99215120075547, 218.23306841459436, 202.73195538761314, 191.35120316017222, 183.86856278001792, 177.4544758931371, 172.9800266153881, 169.03380995223, 166.1430977100223, 164.10887622507127]"
