id,fecha,imagen_path,angulo,ultrasonico,infrarrojo,kalman
117,2025-12-06T14:43:05.327429,,"[0, 3, 6, 9, 12, 15, 18, 21, 24, 27, 30, 33, 36, 39, 42, 45, 48, 51, 54, 57, 60, 63, 66, 69, 72, 75, 78, 81, 84, 87, 90, 93, 96, 99, 102, 105, 108, 111, 114, 117, 120, 123, 126, 129, 132, 135, 138, 141, 144, 147, 150, 153, 156, 159, 162, 165, 168, 171, 174, 177, 180]","[177.0, 177.0, 177.0, 177.0, 188.0, 188.0, 204.0, 199.0, 232.0, 223.0, 281.0, 285.0, 281.0, 285.0, 285.0, 293.0, 290.0, 273.0, 251.0, 251.0, 254.0, 250.0, 250.0, 245.0, 530.0, 686.0, 552.0, 657.0, 651.0, 804.0, 645.0, 772.0, 607.0, 844.0, 849.0, 705.0, 687.0, 848.0, 682.0, 638.0, 302.0, 289.0, 758.0, 713.0, 564.0, 547.0, 455.0, 459.0, 488.0, 446.0, 445.0, 194.0, 184.0, 183.0, 169.0, 163.0, 163.0, 162.0, 162.0, 158.0, 162.0]","[176.93, 176.93, 176.93, 176.93, 180.93, 183.93, 188.93, 192.93, 201.93, 207.93, 218.93, 235.93, 257.93, 254.93, 247.93, 251.93, 253.93, 253.93, 246.93, 237.93, 237.93, 231.93, 226.93, 198.93, 171.93, 164.93, 184.93, 203.93, 349.93, 461.93, 479.93, 468.93, 455.93, 470.93, 468.93, 454.93, 475.93, 473.93, 465.93, 439.93, 480.93, 501.93, 582.93, 925.93, 835.93, 386.93, 279.93, 243.93, 231.93, 222.93, 212.93, 204.93, 195.93, 189.93, 184.93, 180.93, 176.93, 172.93, 168.93, 165.93, 163.93]","[168.61759433962263, 173.0875898334794, 174.73081910918089, 175.58909965665663, 178.86208973789147, 181.43724903344446, 186.8475464293533, 190.12055502783267, 199.74579414827355, 205.37925076531744, 221.35468970435764, 235.36706966646742, 247.5832040276456, 255.6017309818121, 259.49359515379365, 264.1407069048826, 266.9438210643256, 265.6975067313145, 259.7029588373708, 254.24384447738123, 251.2778857178722, 247.5832163159308, 244.3165462894645, 236.30893563024225, 277.3853386027107, 330.4359981990946, 344.0601759559482, 375.0153582118971, 419.9586419737319, 496.2697820878446, 519.98471996935, 555.9825408754076, 547.1989462713713, 586.7025946780669, 612.5911483746095, 600.9025837559192, 593.9389222426566, 617.9515219528246, 602.1930175074415, 579.5411016312013, 512.1614145806027, 470.35404072410694, 542.0453066237181, 641.433011702915, 662.4025395679727, 592.3855616541538, 511.806067906355, 454.36266662789785, 420.5439880157328, 389.70553898457683, 367.94478111811054, 307.5856242255883, 265.4471452679756, 237.15119387072352, 215.5890343374081, 199.96039382409637, 189.21431693661276, 181.42245951271275, 175.70557885236408, 170.78291246925372, 167.98208614948967]"
