id,fecha,imagen_path,angulo,ultrasonico,infrarrojo,kalman
119,2025-12-06T14:44:12.964939,,"[0, 3, 6, 9, 12, 15, 18, 21, 24, 27, 30, 33, 36, 39, 42, 45, 48, 51, 54, 57, 60, 63, 66, 69, 72, 75, 78, 81, 84, 87, 90, 93, 96, 99, 102, 105, 108, 111, 114, 117, 120, 123, 126, 129, 132, 135, 138, 141, 144, 147, 150, 153, 156, 159, 162, 165, 168, 171, 174, 177, 180]","[173.0, 173.0, 173.0, 169.0, 179.0, 174.0, 190.0, 190.0, 223.0, 261.0, 265.0, 229.0, 264.0, 243.0, 269.0, 224.0, 223.0, 217.0, 212.0, 206.0, 206.0, 201.0, 205.0, 200.0, 200.0, 200.0, 200.0, 200.0, 200.0, 201.0, 206.0, 202.0, 202.0, 208.0, 209.0, 214.0, 214.0, 225.0, 272.0, 268.0, 305.0, 309.0, 1108.0, 570.0, 534.0, 542.0, 383.0, 382.0, 399.0, 407.0, 195.0, 198.0, 184.0, 183.0, 173.0, 169.0, 159.0, 159.0, 158.0, 158.0, 162.0]","[170.93, 170.93, 170.93, 170.93, 174.93, 177.93, 182.93, 185.93, 194.93, 203.93, 212.93, 227.93, 247.93, 243.93, 228.93, 231.93, 235.93, 226.93, 226.93, 225.93, 216.93, 215.93, 215.93, 212.93, 209.93, 208.93, 206.93, 205.93, 203.93, 198.93, 194.93, 179.93, 154.93, 155.93, 195.93, 314.93, 463.93, 526.93, 499.93, 446.93, 460.93, 504.93, 526.93, 880.93, 760.93, 351.93, 274.93, 242.93, 229.93, 219.93, 210.93, 203.93, 196.93, 188.93, 184.93, 181.93, 177.93, 173.93, 170.93, 166.93, 165.93]","[163.8534433962264, 168.19714285714284, 169.79394404605594, 169.85965671883164, 172.47975351841703, 173.74332922797097, 178.3233906358753, 181.78456212498014, 191.53027354559632, 206.2004806658952, 217.94027616050198, 221.71105753044046, 233.98308575957594, 237.38008683169042, 241.53048653363783, 236.6705401649032, 234.08909907915458, 229.7455475777132, 226.06246315885355, 222.44497037532048, 218.51131279752616, 214.91214516290114, 213.31892174028806, 210.86345239269866, 208.7502871734997, 207.21505060577044, 205.87156659013172, 204.83026710793257, 203.80376347787217, 202.42849740441198, 201.7250595965945, 197.8701867978865, 190.9181317400646, 187.71060452349468, 192.99647838628454, 218.60061723505768, 261.72206845826264, 302.6504634444561, 332.4985268144963, 341.44295481681155, 356.3185418046265, 374.4630188212607, 533.1718318800843, 602.062314921331, 618.3281705261884, 556.9360175524189, 475.2636748886542, 416.93981730594317, 380.22743832341195, 356.30928943606756, 301.37253700667463, 265.40077683962545, 238.55446756079778, 219.7138927313995, 205.11529346181206, 194.49285139135247, 185.16817661269428, 178.46762201758378, 173.45107668699887, 169.51523155482255, 167.52681908785414]"
