id,fecha,imagen_path,angulo,ultrasonico,infrarrojo,kalman
12,2025-12-06T13:12:04.238751,,"[0, 3, 6, 9, 12, 15, 18, 21, 24, 27, 30, 33, 36, 39, 42, 45, 48, 51, 54, 57, 60, 63, 66, 69, 72, 75, 78, 81, 84, 87, 90, 93, 96, 99, 102, 105, 108, 111, 114, 117, 120, 123, 126, 129, 132, 135, 138, 141, 144, 147, 150, 153, 156, 159, 162, 165, 168, 171, 174, 177, 180]","[216.0, 216.0, 216.0, 211.0, 214.0, 214.0, 211.0, 211.0, 212.0, 212.0, 223.0, 249.0, 250.0, 297.0, 297.0, 297.0, 289.0, 296.0, 297.0, 235.0, 258.0, 238.0, 232.0, 227.0, 222.0, 229.0, 226.0, 224.0, 235.0, 217.0, 217.0, 212.0, 212.0, 212.0, 211.0, 211.0, 212.0, 212.0, 212.0, 213.0, 213.0, 218.0, 219.0, 219.0, 225.0, 225.0, 226.0, 236.0, 255.0, 244.0, 242.0, 275.0, 235.0, 229.0, 229.0, 219.0, 218.0, 221.0, 217.0, 216.0, 211.0]","[215.93, 215.93, 215.93, 215.93, 211.93, 209.93, 209.93, 210.93, 213.93, 212.93, 212.93, 217.93, 226.93, 237.93, 245.93, 260.93, 281.93, 270.93, 247.93, 229.93, 244.93, 257.93, 257.93, 249.93, 245.93, 237.93, 228.93, 221.93, 228.93, 230.93, 227.93, 223.93, 221.93, 220.93, 211.93, 211.93, 214.93, 216.93, 217.93, 217.93, 216.93, 213.93, 211.93, 220.93, 224.93, 227.93, 230.93, 233.93, 235.93, 246.93, 263.93, 243.93, 233.93, 238.93, 240.93, 237.93, 226.93, 227.93, 228.93, 225.93, 221.93]","[205.7779716981132, 211.23307624890447, 213.2384446015554, 213.3254778817207, 213.19255158852937, 212.7475029018191, 211.925755220922, 211.58086066513997, 212.0771522475455, 212.21614931317848, 214.2760095755588, 221.15101064008667, 227.354027019081, 241.72422851687932, 252.37912832544134, 261.9037340359722, 270.34474173280586, 275.04517490509426, 274.12080760665515, 259.1972984995988, 256.42714397759016, 253.39551681870066, 250.37522034348393, 246.10829374516078, 241.7578668398671, 238.78688452096787, 234.73073368998385, 230.51557053470998, 231.03483961210858, 228.50201605593384, 226.33920935672313, 223.3390854661329, 221.0555210992779, 219.41093216753208, 216.56424182181505, 214.7373998404613, 214.28155296619107, 214.34727425465462, 214.5685791787969, 214.88972872344635, 214.9166952280373, 215.2922583477313, 215.35414435222373, 217.00601828989105, 219.8573837330145, 222.2246122769842, 224.46027841534192, 228.22367443848933, 234.4005098290382, 238.36444718539477, 243.59520575004714, 249.28067966643025, 243.9728502787098, 240.38746216198354, 238.44482404714955, 234.86947654002418, 230.42547892393011, 228.29009223161327, 226.3823376313757, 224.44153541842206, 221.58388122642273]"
