id,fecha,imagen_path,angulo,ultrasonico,infrarrojo,kalman
121,2025-12-06T14:46:38.860107,,"[0, 3, 6, 9, 12, 15, 18, 21, 24, 27, 30, 33, 36, 39, 42, 45, 48, 51, 54, 57, 60, 63, 66, 69, 72, 75, 78, 81, 84, 87, 90, 93, 96, 99, 102, 105, 108, 111, 114, 117, 120, 123, 126, 129, 132, 135, 138, 141, 144, 147, 150, 153, 156, 159, 162, 165, 168, 171, 174, 177, 180]","[173.0, 173.0, 173.0, 173.0, 179.0, 175.0, 190.0, 190.0, 257.0, 257.0, 261.0, 264.0, 246.0, 243.0, 226.0, 224.0, 224.0, 222.0, 217.0, 207.0, 206.0, 206.0, 201.0, 200.0, 200.0, 200.0, 200.0, 200.0, 200.0, 201.0, 201.0, 202.0, 202.0, 208.0, 208.0, 214.0, 229.0, 224.0, 234.0, 264.0, 322.0, 318.0, 297.0, 288.0, 292.0, 543.0, 403.0, 395.0, 407.0, 196.0, 203.0, 194.0, 179.0, 174.0, 164.0, 169.0, 163.0, 163.0, 162.0, 157.0, 157.0]","[170.93, 169.93, 170.93, 170.93, 174.93, 176.93, 181.93, 186.93, 192.93, 195.93, 208.93, 230.93, 261.93, 258.93, 230.93, 229.93, 234.93, 234.93, 232.93, 227.93, 223.93, 217.93, 212.93, 210.93, 206.93, 206.93, 206.93, 205.93, 203.93, 200.93, 197.93, 182.93, 156.93, 148.93, 171.93, 261.93, 427.93, 423.93, 457.93, 480.93, 460.93, 477.93, 545.93, 993.93, 886.93, 369.93, 267.93, 249.93, 233.93, 220.93, 211.93, 200.93, 195.93, 191.93, 184.93, 180.93, 175.93, 171.93, 170.93, 167.93, 165.93]","[163.8534433962264, 167.92939526730936, 169.6396667003333, 170.53296425994577, 172.90477876495356, 174.01426162044146, 178.3167716153175, 181.95981059599666, 197.3795829869906, 207.8032288427017, 217.5355138002922, 228.2586026617926, 237.46833477027042, 242.30366496761582, 237.3458383423755, 233.62681820392714, 232.13581430176816, 230.82071691862558, 228.7228617624472, 224.6896473755289, 221.20571877348925, 217.89516129827265, 213.97934826418975, 210.92901854499743, 208.25497740087144, 206.53893173889335, 205.43767242521554, 204.55181881196378, 203.625071391649, 202.67208068018564, 201.52311975052288, 198.2779797844969, 191.5380873719303, 186.85455486425823, 187.96889537863854, 205.88037830453501, 249.79724693068852, 276.3684058802488, 301.3019125347616, 326.79662728785956, 349.9645613189456, 367.16108181554193, 386.61587155839294, 477.7383721172032, 517.7652822704315, 495.8039921348335, 438.3613345172365, 396.8405953996442, 369.47846022298955, 311.7941693074274, 274.41745468385517, 246.84865530209817, 225.57401128580494, 210.30901046394257, 197.46762239415622, 189.4058875879489, 182.2619136671057, 176.9608073406924, 173.20060491292205, 169.35449318975375, 166.5280225350406]"
