id,fecha,imagen_path,angulo,ultrasonico,infrarrojo,kalman
122,2025-12-06T14:47:19.915997,,"[0, 3, 6, 9, 12, 15, 18, 21, 24, 27, 30, 33, 36, 39, 42, 45, 48, 51, 54, 57, 60, 63, 66, 69, 72, 75, 78, 81, 84, 87, 90, 93, 96, 99, 102, 105, 108, 111, 114, 117, 120, 123, 126, 129, 132, 135, 138, 141, 144, 147, 150, 153, 156, 159, 162, 165, 168, 171, 174, 177, 180]","[181.0, 181.0, 181.0, 181.0, 187.0, 193.0, 198.0, 205.0, 309.0, 558.0, 299.0, 299.0, 285.0, 294.0, 248.0, 245.0, 245.0, 235.0, 235.0, 229.0, 229.0, 223.0, 228.0, 223.0, 222.0, 223.0, 223.0, 222.0, 222.0, 222.0, 222.0, 223.0, 224.0, 229.0, 230.0, 230.0, 236.0, 237.0, 242.0, 247.0, 270.0, 262.0, 259.0, 287.0, 275.0, 279.0, 280.0, 280.0, 286.0, 501.0, 424.0, 484.0, 536.0, 460.0, 167.0, 162.0, 158.0, 157.0, 157.0, 156.0, 156.0]","[179.93, 179.93, 178.93, 178.93, 180.93, 186.93, 190.93, 194.93, 203.93, 209.93, 213.93, 217.93, 215.93, 226.93, 279.93, 306.93, 277.93, 262.93, 257.93, 249.93, 244.93, 242.93, 235.93, 232.93, 229.93, 230.93, 229.93, 227.93, 226.93, 225.93, 221.93, 221.93, 224.93, 225.93, 227.93, 230.93, 229.93, 230.93, 234.93, 232.93, 218.93, 196.93, 196.93, 235.93, 343.93, 364.93, 288.93, 248.93, 231.93, 219.93, 209.93, 200.93, 194.93, 189.93, 180.93, 174.93, 172.93, 170.93, 165.93, 163.93, 159.93]","[171.9525, 176.51090271691498, 177.97473386526613, 178.73931238026523, 180.6662857672356, 184.03753353886177, 187.79163451951928, 192.16166279345754, 215.21801569987946, 275.69364177658133, 268.8038620183554, 265.09967092700623, 259.85656365840697, 260.0745427343928, 261.4683341630403, 266.6618831241035, 264.8000591237685, 259.1270277188442, 254.59075991307645, 249.17184166893995, 244.79864815469426, 240.55915409390775, 237.48023332599928, 234.07132895672203, 231.1671752454986, 229.66171415509814, 228.51646711140975, 227.2441271358819, 226.2484838028453, 225.43040844564987, 224.18889963859843, 223.57129954401913, 223.8914744972361, 225.17171705838703, 226.53068938545846, 227.94018594386483, 229.7403636147831, 231.2538715781535, 233.83731291988477, 236.03260319983636, 239.05357318248534, 235.6183942591976, 232.87650783350603, 243.1185515526177, 266.88766891804096, 286.61953968576717, 285.84765953456247, 278.18715990035855, 271.3006756140006, 303.24446975424456, 308.15995357227956, 320.4499961269079, 336.57696200531615, 332.4168887202165, 275.650300185327, 237.2503550552772, 211.53270822779606, 194.49121669163077, 182.65932457005263, 174.52891100824166, 168.59476450908787]"
