id,fecha,imagen_path,angulo,ultrasonico,infrarrojo,kalman
127,2025-12-06T14:49:51.776487,,"[0, 3, 6, 9, 12, 15, 18, 21, 24, 27, 30, 33, 36, 39, 42, 45, 48, 51, 54, 57, 60, 63, 66, 69, 72, 75, 78, 81, 84, 87, 90, 93, 96, 99, 102, 105, 108, 111, 114, 117, 120, 123, 126, 129, 132, 135, 138, 141, 144, 147, 150, 153, 156, 159, 162, 165, 168, 171, 174, 177, 180]","[182.0, 182.0, 177.0, 177.0, 188.0, 188.0, 194.0, 194.0, 574.0, 351.0, 571.0, 345.0, 337.0, 289.0, 328.0, 282.0, 286.0, 270.0, 276.0, 269.0, 268.0, 264.0, 263.0, 262.0, 262.0, 262.0, 262.0, 262.0, 262.0, 263.0, 263.0, 264.0, 269.0, 270.0, 270.0, 271.0, 281.0, 278.0, 289.0, 311.0, 320.0, 320.0, 275.0, 288.0, 292.0, 330.0, 344.0, 331.0, 561.0, 508.0, 427.0, 526.0, 186.0, 176.0, 163.0, 162.0, 157.0, 157.0, 157.0, 156.0, 156.0]","[179.93, 179.93, 179.93, 180.93, 183.93, 186.93, 191.93, 194.93, 195.93, 206.93, 217.93, 221.93, 217.93, 212.93, 235.93, 372.93, 467.93, 395.93, 330.93, 298.93, 281.93, 268.93, 273.93, 274.93, 271.93, 270.93, 263.93, 257.93, 253.93, 260.93, 261.93, 260.93, 262.93, 260.93, 257.93, 259.93, 262.93, 241.93, 205.93, 207.93, 235.93, 273.93, 349.93, 566.93, 784.93, 388.93, 273.93, 247.93, 229.93, 218.93, 208.93, 198.93, 190.93, 185.93, 181.93, 177.93, 173.93, 169.93, 165.93, 162.93, 161.93]","[172.4289150943396, 176.99994741454864, 177.6208302191698, 178.13720504814273, 181.02370605021667, 183.3589964281145, 186.81735398445983, 189.5627270179541, 259.62540121665273, 266.5563360084416, 312.3870574036497, 302.02490853389133, 293.225924559981, 278.0854790340379, 279.47535243463216, 296.6680357080142, 325.43505080201805, 328.1327128659075, 319.2953169763845, 306.6379628775043, 295.2908839532903, 284.96379274529136, 279.05297533687354, 275.2597530215524, 272.28809496278984, 270.20192711398875, 267.6092431952636, 264.8706352073862, 262.3966391221243, 262.2420011393318, 262.3218921691553, 262.37316163280957, 263.65996491626083, 264.3066323982156, 264.1842400055699, 264.64308196828165, 267.266214526371, 264.6504991557875, 258.49366399766666, 258.84165247302616, 265.6927364786592, 276.89626160044014, 289.6390313694907, 339.01622790443156, 410.47026023426855, 392.19723967124975, 362.3786597829539, 336.2567892460849, 357.46857892496485, 359.61684216497906, 344.69475442594, 351.0610794146424, 292.80980319404165, 252.74055584103235, 223.98123031551708, 204.62950692936624, 190.59852586635853, 180.87773483763135, 173.9229756374393, 168.74329642574392, 165.24014771444956]"
