id,fecha,imagen_path,angulo,ultrasonico,infrarrojo,kalman
128,2025-12-06T14:50:14.528626,,"[0, 3, 6, 9, 12, 15, 18, 21, 24, 27, 30, 33, 36, 39, 42, 45, 48, 51, 54, 57, 60, 63, 66, 69, 72, 75, 78, 81, 84, 87, 90, 93, 96, 99, 102, 105, 108, 111, 114, 117, 120, 123, 126, 129, 132, 135, 138, 141, 144, 147, 150, 153, 156, 159, 162, 165, 168, 171, 174, 177, 180]","[182.0, 182.0, 182.0, 182.0, 188.0, 188.0, 194.0, 198.0, 499.0, 338.0, 533.0, 337.0, 349.0, 285.0, 331.0, 286.0, 285.0, 274.0, 275.0, 268.0, 269.0, 264.0, 268.0, 262.0, 262.0, 262.0, 262.0, 262.0, 262.0, 262.0, 263.0, 268.0, 264.0, 269.0, 270.0, 276.0, 281.0, 282.0, 329.0, 302.0, 738.0, 1033.0, 841.0, 523.0, 667.0, 667.0, 338.0, 245.0, 234.0, 229.0, 210.0, 205.0, 204.0, 199.0, 189.0, 189.0, 184.0, 188.0, 188.0, 183.0, 183.0]","[179.93, 177.93, 175.93, 176.93, 183.93, 186.93, 190.93, 193.93, 201.93, 209.93, 216.93, 221.93, 218.93, 210.93, 229.93, 382.93, 455.93, 407.93, 311.93, 290.93, 281.93, 281.93, 277.93, 275.93, 273.93, 262.93, 260.93, 261.93, 263.93, 262.93, 261.93, 257.93, 251.93, 261.93, 267.93, 267.93, 263.93, 241.93, 208.93, 195.93, 225.93, 283.93, 433.93, 637.93, 412.93, 311.93, 287.93, 276.93, 261.93, 245.93, 233.93, 227.93, 224.93, 218.93, 213.93, 209.93, 206.93, 200.93, 198.93, 195.93, 195.93]","[172.4289150943396, 176.46445223488166, 177.5241733158267, 178.26975922424302, 181.10738084655603, 183.4123349367006, 186.67147932410788, 190.0076929770372, 247.5406369555515, 257.0106129993838, 299.27463546094725, 292.177270676792, 289.23509204551607, 274.4496232709523, 276.6046862757952, 297.3336163352162, 323.53350616019424, 329.77847254870164, 316.76889461252705, 303.4044913524694, 293.3949568891169, 286.0757701293536, 281.37873747279974, 276.9314220512787, 273.7191334782837, 269.6872549706278, 266.74156988879275, 265.03032756983987, 264.2904083344447, 263.6364419812051, 263.2167640242123, 263.12656765681146, 261.2773969732943, 262.77763745565454, 264.99430692237996, 267.49161048206787, 269.2733649229171, 266.65508786864604, 267.48263137457326, 260.8485497655035, 340.06519180200553, 454.1343332148792, 519.8139323113213, 541.5426364087795, 540.9774362234224, 522.5227160232228, 447.44707801169716, 380.6384619887407, 333.1071899600897, 298.842651443753, 271.3006508889854, 251.65536387978912, 238.33163450755953, 227.8108154046161, 218.37222761137903, 211.59857020142658, 205.81859655377713, 201.7510846473875, 198.78253210097978, 195.4444556967857, 193.30227043194873]"
