id,fecha,imagen_path,angulo,ultrasonico,infrarrojo,kalman
13,2025-12-06T13:12:41.587207,,"[0, 3, 6, 9, 12, 15, 18, 21, 24, 27, 30, 33, 36, 39, 42, 45, 48, 51, 54, 57, 60, 63, 66, 69, 72, 75, 78, 81, 84, 87, 90, 93, 96, 99, 102, 105, 108, 111, 114, 117, 120, 123, 126, 129, 132, 135, 138, 141, 144, 147, 150, 153, 156, 159, 162, 165, 168, 171, 174, 177, 180]","[212.0, 208.0, 212.0, 212.0, 236.0, 236.0, 212.0, 212.0, 218.0, 214.0, 245.0, 245.0, 255.0, 293.0, 293.0, 296.0, 296.0, 276.0, 292.0, 257.0, 241.0, 227.0, 236.0, 225.0, 225.0, 223.0, 223.0, 230.0, 233.0, 219.0, 215.0, 210.0, 210.0, 210.0, 210.0, 210.0, 210.0, 210.0, 211.0, 211.0, 211.0, 212.0, 217.0, 218.0, 223.0, 223.0, 229.0, 239.0, 258.0, 247.0, 251.0, 241.0, 245.0, 239.0, 234.0, 234.0, 238.0, 233.0, 232.0, 233.0, 232.0]","[217.93, 216.93, 217.93, 216.93, 212.93, 209.93, 210.93, 212.93, 214.93, 215.93, 216.93, 226.93, 232.93, 236.93, 249.93, 269.93, 297.93, 264.93, 232.93, 239.93, 251.93, 259.93, 255.93, 252.93, 245.93, 239.93, 231.93, 226.93, 230.93, 228.93, 224.93, 221.93, 216.93, 215.93, 212.93, 213.93, 215.93, 215.93, 215.93, 215.93, 208.93, 209.93, 213.93, 220.93, 223.93, 226.93, 229.93, 231.93, 233.93, 245.93, 264.93, 248.93, 241.93, 245.93, 247.93, 244.93, 233.93, 237.93, 238.93, 236.93, 233.93]","[204.82514150943393, 208.91624890446974, 211.47968286031713, 212.62651910780482, 216.99196137711806, 219.15748584030413, 216.38803376444224, 214.9797322969708, 215.51228407125208, 215.31614814036095, 220.92325986643868, 226.31239067234438, 232.6367231248615, 244.21868731688818, 253.97992474665938, 264.3640647386658, 276.0436046192917, 274.04502671986387, 269.8963940075005, 262.21843450980134, 256.5746472392043, 251.87801684398963, 249.75963379395122, 245.89237452197915, 242.15668866738392, 238.3263102707037, 234.43516365120752, 232.2963073319498, 232.17761397244746, 229.23538285145307, 225.9141980227887, 222.34982252071006, 219.16676759903936, 216.94493741243062, 214.98170835406515, 213.9009497512607, 213.56563866820403, 213.3504553187882, 213.39149181787778, 213.41782668054293, 212.18082538608212, 211.74524673833332, 213.0778765009813, 215.36611184180788, 218.26759982897835, 220.66699413618787, 223.8189463333651, 227.99123321418884, 234.43047121755401, 238.74193224917775, 245.62874177983628, 245.39095126301945, 244.70096464456316, 243.89991338552392, 242.84845844934605, 241.63630884879404, 239.6045195247663, 238.121505320944, 237.16979218131053, 236.37990869319134, 235.15649180471928]"
