id,fecha,imagen_path,angulo,ultrasonico,infrarrojo,kalman
131,2025-12-06T14:51:24.063289,,"[0, 3, 6, 9, 12, 15, 18, 21, 24, 27, 30, 33, 36, 39, 42, 45, 48, 51, 54, 57, 60, 63, 66, 69, 72, 75, 78, 81, 84, 87, 90, 93, 96, 99, 102, 105, 108, 111, 114, 117, 120, 123, 126, 129, 132, 135, 138, 141, 144, 147, 150, 153, 156, 159, 162, 165, 168, 171, 174, 177, 180]","[182.0, 182.0, 182.0, 182.0, 188.0, 188.0, 195.0, 195.0, 210.0, 211.0, 320.0, 297.0, 314.0, 319.0, 282.0, 263.0, 262.0, 256.0, 256.0, 250.0, 250.0, 249.0, 249.0, 244.0, 244.0, 244.0, 244.0, 244.0, 244.0, 244.0, 245.0, 250.0, 246.0, 252.0, 252.0, 258.0, 258.0, 268.0, 275.0, 275.0, 272.0, 341.0, 276.0, 271.0, 265.0, 300.0, 322.0, 244.0, 234.0, 229.0, 219.0, 213.0, 204.0, 195.0, 189.0, 194.0, 188.0, 188.0, 188.0, 183.0, 183.0]","[174.93, 177.93, 179.93, 180.93, 182.93, 183.93, 190.93, 192.93, 199.93, 204.93, 212.93, 213.93, 194.93, 209.93, 291.93, 384.93, 359.93, 307.93, 283.93, 274.93, 263.93, 260.93, 260.93, 255.93, 253.93, 251.93, 250.93, 241.93, 241.93, 243.93, 244.93, 244.93, 245.93, 246.93, 245.93, 248.93, 253.93, 245.93, 225.93, 201.93, 219.93, 244.93, 281.93, 416.93, 632.93, 416.93, 310.93, 277.93, 260.93, 244.93, 236.93, 231.93, 221.93, 217.93, 212.93, 209.93, 206.93, 202.93, 198.93, 194.93, 193.93]","[170.04683962264147, 175.35796669588078, 177.73420260579738, 179.16742175254396, 181.4896550294399, 183.1121908318735, 186.65940344561298, 189.28198662130487, 194.90522651527635, 199.5855944707943, 223.5490329606878, 234.98383502777455, 241.9632770785123, 250.02476919397972, 263.25894028354566, 285.00738209192457, 294.30690160365435, 289.8853206770052, 282.7487141733577, 275.481919683394, 268.84809291153755, 263.87436974735317, 260.6825205851946, 256.84288770400593, 254.02057480079978, 251.85111929025692, 250.27975885365976, 247.6591911251969, 245.97746162190853, 245.25648201253557, 245.1520563751726, 245.98068593658454, 245.9750663310685, 247.22536148500095, 247.84860015118545, 249.86071791033717, 252.04762317529523, 253.80931064480788, 252.61118604156079, 247.54320781267887, 246.9778029175496, 263.4530643722227, 269.01033272840215, 295.863409647475, 350.71321329307915, 353.4903495579488, 340.2257378155937, 311.8299785293524, 288.7707377607912, 270.21094006468456, 255.07601225605455, 243.39287026640974, 232.49185541983883, 223.1675374555144, 215.21331035006716, 210.4670028841289, 205.80893693228631, 202.1031432279098, 199.00846303012412, 195.4103163756331, 192.92210421152092]"
