id,fecha,imagen_path,angulo,ultrasonico,infrarrojo,kalman
136,2025-12-06T15:18:14.936961,,"[0, 3, 6, 9, 12, 15, 18, 21, 24, 27, 30, 33, 36, 39, 42, 45, 48, 51, 54, 57, 60, 63, 66, 69, 72, 75, 78, 81, 84, 87, 90, 93, 96, 99, 102, 105, 108, 111, 114, 117, 120, 123, 126, 129, 132, 135, 138, 141, 144, 147, 150, 153, 156, 159, 162, 165, 168, 171, 174, 177, 180]","[178.0, 183.0, 183.0, 179.0, 185.0, 185.0, 201.0, 200.0, 376.0, 372.0, 365.0, 365.0, 367.0, 367.0, 397.0, 777.0, 388.0, 662.0, 598.0, 358.0, 366.0, 380.0, 362.0, 365.0, 364.0, 248.0, 336.0, 238.0, 237.0, 227.0, 227.0, 221.0, 221.0, 215.0, 214.0, 214.0, 214.0, 214.0, 214.0, 214.0, 214.0, 214.0, 214.0, 214.0, 215.0, 215.0, 221.0, 221.0, 227.0, 232.0, 238.0, 792.0, 611.0, 606.0, 778.0, 594.0, 506.0, 936.0, 755.0, 397.0, 1343.0]","[180.93, 180.93, 180.93, 180.93, 183.93, 186.93, 191.93, 196.93, 202.93, 209.93, 216.93, 217.93, 196.93, 193.93, 234.93, 264.93, 344.93, 426.93, 476.93, 478.93, 463.93, 564.93, 859.93, 650.93, 439.93, 360.93, 300.93, 277.93, 265.93, 258.93, 250.93, 244.93, 238.93, 234.93, 232.93, 229.93, 224.93, 217.93, 216.93, 213.93, 214.93, 215.93, 217.93, 217.93, 217.93, 218.93, 219.93, 219.93, 218.93, 204.93, 171.93, 155.93, 175.93, 268.93, 410.93, 436.93, 456.93, 427.93, 427.93, 400.93, 406.93]","[170.99966981132076, 176.87155127081508, 179.0301323098677, 179.38927008434305, 181.2609465370233, 182.96640057697996, 187.8261721734959, 191.64532789324582, 226.719166659025, 249.74361957134965, 264.51357762576293, 274.1696905016865, 276.96248605516666, 278.2173005708865, 291.7407545824674, 373.86221306318515, 371.21210366342734, 433.28128283284235, 470.60589248973315, 451.9260221756533, 438.6844559423711, 450.78659165152214, 508.17171910510774, 508.09766042084095, 470.0748314326823, 410.74385572509885, 377.68425715399303, 334.79392706247785, 304.9407081839099, 282.7374416020247, 267.0556330627523, 254.84240571911087, 245.92988681082247, 238.41905741722573, 233.0616531528326, 229.08619316476316, 225.63932788590753, 222.17342669099892, 219.77008204954234, 217.69036746375085, 216.53485515545734, 215.97244266300308, 215.96977627264502, 215.96806513681597, 216.1460958130979, 216.43947443674722, 217.8816494409805, 218.8071543334099, 220.29673401626022, 219.64050143963246, 214.38289196274079, 307.38014707270935, 338.2206972528253, 373.775719941312, 452.8393250288678, 475.27544713204605, 477.49290129878364, 550.7465784091426, 565.3342611619796, 505.73121401931274, 638.0120127604064]"
