id,fecha,imagen_path,angulo,ultrasonico,infrarrojo,kalman
138,2025-12-06T15:19:55.667536,,"[0, 3, 6, 9, 12, 15, 18, 21, 24, 27, 30, 33, 36, 39, 42, 45, 48, 51, 54, 57, 60, 63, 66, 69, 72, 75, 78, 81, 84, 87, 90, 93, 96, 99, 102, 105, 108, 111, 114, 117, 120, 123, 126, 129, 132, 135, 138, 141, 144, 147, 150, 153, 156, 159, 162, 165, 168, 171, 174, 177, 180]","[177.0, 178.0, 178.0, 177.0, 188.0, 184.0, 195.0, 195.0, 207.0, 371.0, 361.0, 360.0, 360.0, 362.0, 375.0, 392.0, 388.0, 396.0, 383.0, 660.0, 348.0, 361.0, 388.0, 355.0, 344.0, 356.0, 356.0, 239.0, 242.0, 232.0, 231.0, 225.0, 225.0, 219.0, 219.0, 214.0, 213.0, 213.0, 213.0, 213.0, 213.0, 213.0, 213.0, 213.0, 214.0, 214.0, 220.0, 220.0, 221.0, 226.0, 231.0, 232.0, 251.0, 597.0, 938.0, 583.0, 750.0, 650.0, 567.0, 380.0, 595.0]","[179.93, 179.93, 179.93, 178.93, 181.93, 183.93, 188.93, 192.93, 201.93, 207.93, 214.93, 211.93, 205.93, 204.93, 209.93, 252.93, 342.93, 423.93, 556.93, 554.93, 517.93, 528.93, 713.93, 853.93, 989.93, 461.93, 314.93, 276.93, 269.93, 262.93, 256.93, 249.93, 243.93, 239.93, 235.93, 231.93, 229.93, 226.93, 219.93, 214.93, 215.93, 214.93, 217.93, 217.93, 217.93, 217.93, 218.93, 219.93, 219.93, 218.93, 203.93, 173.93, 154.93, 168.93, 238.93, 397.93, 483.93, 460.93, 433.93, 386.93, 399.93]","[170.0468396226415, 174.82247151621385, 176.57805676194323, 177.11086339661134, 180.0070778881174, 181.44202209286982, 185.23050914558027, 188.36604073324784, 194.13842055683472, 228.30160633159682, 249.6794886999849, 262.679804156748, 269.94730325537455, 274.79016822648373, 281.1223362331841, 295.93368326074057, 320.84382096994256, 352.7721670234477, 394.75739143636497, 470.9615059625813, 457.3489698171864, 452.91231885354466, 488.0404342017367, 529.7504162319701, 578.9085795400923, 518.0250057683774, 452.62150180837136, 382.884336581213, 337.4145235348896, 305.18942585577645, 283.2553118548623, 266.8505860232757, 255.2482046878813, 246.011176442592, 239.3668683468322, 233.49077485770937, 229.18244998588526, 225.88022875699488, 222.50715178626896, 219.4468612490579, 217.66207174640618, 216.3375678082879, 216.0249637860706, 215.8243525210674, 215.87474054502547, 215.90707667798864, 217.1817296397841, 218.17885731428416, 218.9978852363888, 220.2400053447624, 219.24583867461058, 213.4131049816949, 209.66999228511818, 271.7542405547702, 385.21826746671877, 422.9237060614439, 492.4404684096492, 515.019483915806, 509.80522988286674, 464.54288619551755, 476.33748266976846]"
