id,fecha,imagen_path,angulo,ultrasonico,infrarrojo,kalman
139,2025-12-06T15:20:56.751849,,"[0, 3, 6, 9, 12, 15, 18, 21, 24, 27, 30, 33, 36, 39, 42, 45, 48, 51, 54, 57, 60, 63, 66, 69, 72, 75, 78, 81, 84, 87, 90, 93, 96, 99, 102, 105, 108, 111, 114, 117, 120, 123, 126, 129, 132, 135, 138, 141, 144, 147, 150, 153, 156, 159, 162, 165, 168, 171, 174, 177, 180]","[158.0, 158.0, 158.0, 158.0, 164.0, 164.0, 179.0, 184.0, 267.0, 258.0, 270.0, 261.0, 245.0, 234.0, 229.0, 218.0, 214.0, 217.0, 217.0, 211.0, 211.0, 211.0, 211.0, 206.0, 211.0, 211.0, 211.0, 212.0, 212.0, 217.0, 217.0, 219.0, 219.0, 234.0, 231.0, 236.0, 241.0, 789.0, 778.0, 773.0, 589.0, 764.0, 751.0, 739.0, 736.0, 733.0, 602.0, 717.0, 706.0, 904.0, 922.0, 714.0, 678.0, 675.0, 841.0, 663.0, 455.0, 791.0, 571.0, 454.0, 467.0]","[152.93, 152.93, 152.93, 153.93, 155.93, 157.93, 161.93, 164.93, 170.93, 180.93, 192.93, 209.93, 232.93, 235.93, 230.93, 223.93, 223.93, 226.93, 227.93, 225.93, 222.93, 219.93, 217.93, 215.93, 214.93, 214.93, 213.93, 213.93, 213.93, 213.93, 213.93, 213.93, 203.93, 176.93, 154.93, 160.93, 227.93, 396.93, 498.93, 481.93, 453.93, 415.93, 392.93, 357.93, 372.93, 428.93, 439.93, 450.93, 490.93, 496.93, 501.93, 474.93, 479.93, 469.93, 506.93, 512.93, 488.93, 431.93, 505.93, 525.93, 434.93]","[148.13174528301886, 152.05866783523226, 153.50225633774366, 154.448341315652, 156.48261034267756, 158.1077001954836, 162.55658061023297, 166.8314978066845, 185.52428230332654, 197.687973172897, 209.79055839084276, 218.9891566229462, 226.14582520326644, 229.3053925100394, 229.5417028465919, 226.46902898770358, 223.78065194806678, 223.1301807094508, 222.89187465734756, 221.30591322578553, 219.7507481732878, 218.21534643671743, 216.87175643301407, 214.75561622678916, 214.11411440911442, 213.70243547373602, 213.25911484846486, 213.15374597769707, 213.08612630247416, 213.9383758114925, 214.4853004828019, 215.19454282016568, 213.8584058740828, 210.85140468584336, 204.44346481607818, 202.30163454175508, 213.82440367762428, 349.6543922131857, 453.1229786034324, 515.5823274499139, 517.6898394198462, 543.5829627841952, 553.7510424544627, 551.8572777324764, 552.7915139739589, 562.8848786018661, 547.8667647804116, 560.7992307932612, 574.293277722449, 619.4952522846762, 652.6232393530379, 631.7876098762761, 612.863510047588, 598.3904380266962, 625.4655969149454, 612.0307242095635, 561.8511182846065, 579.6256669612047, 564.8795464568664, 538.0408431233654, 506.8452632042098]"
