id,fecha,imagen_path,angulo,ultrasonico,infrarrojo,kalman
14,2025-12-06T13:13:01.253460,,"[0, 3, 6, 9, 12, 15, 18, 21, 24, 27, 30, 33, 36, 39, 42, 45, 48, 51, 54, 57, 60, 63, 66, 69, 72, 75, 78, 81, 84, 87, 90, 93, 96, 99, 102, 105, 108, 111, 114, 117, 120, 123, 126, 129, 132, 135, 138, 141, 144, 147, 150, 153, 156, 159, 162, 165, 168, 171, 174, 177, 180]","[212.0, 212.0, 212.0, 72.0, 236.0, 241.0, 212.0, 212.0, 213.0, 213.0, 216.0, 255.0, 259.0, 297.0, 297.0, 297.0, 297.0, 289.0, 261.0, 247.0, 289.0, 242.0, 226.0, 230.0, 226.0, 223.0, 220.0, 222.0, 234.0, 219.0, 215.0, 210.0, 210.0, 210.0, 210.0, 210.0, 210.0, 215.0, 210.0, 216.0, 217.0, 217.0, 217.0, 217.0, 222.0, 223.0, 237.0, 239.0, 236.0, 249.0, 243.0, 250.0, 245.0, 240.0, 234.0, 234.0, 233.0, 233.0, 233.0, 228.0, 232.0]","[217.93, 216.93, 217.93, 217.93, 212.93, 209.93, 207.93, 205.93, 204.93, 209.93, 221.93, 226.93, 231.93, 237.93, 245.93, 255.93, 278.93, 282.93, 263.93, 238.93, 247.93, 254.93, 250.93, 241.93, 242.93, 241.93, 236.93, 234.93, 232.93, 228.93, 220.93, 220.93, 218.93, 219.93, 218.93, 216.93, 215.93, 211.93, 208.93, 212.93, 216.93, 217.93, 217.93, 220.93, 222.93, 216.93, 221.93, 229.93, 236.93, 247.93, 265.93, 260.93, 234.93, 235.93, 243.93, 247.93, 245.93, 242.93, 240.93, 235.93, 227.93]","[204.82514150943393, 209.98723926380367, 212.09679224320774, 186.3075145547732, 200.37809517826489, 209.4733496253014, 209.65035380562415, 209.40432360854913, 209.24680145497416, 210.04176052537915, 213.23903027663744, 223.17264674873675, 231.15924241247615, 244.16618323914528, 253.94623072864238, 262.0137637785874, 271.3109970011882, 276.5609059892343, 271.51094037930835, 261.284140667663, 263.85673792996647, 258.3425312638345, 251.22125520173148, 245.75558628598478, 241.7106482826805, 238.39832479973828, 234.83963599962956, 232.55587439989225, 232.8815755277584, 229.6871448509383, 225.48759772735428, 221.89692622551627, 219.23438239929106, 217.70484383767354, 216.5441452588433, 215.4410181622862, 214.55396591343862, 214.16383563202655, 212.48044219903747, 213.1914250533338, 214.54333684203587, 215.5900447838929, 216.2617616825285, 217.23021727191318, 219.105617808915, 219.41349798396092, 223.01452466600705, 227.1167441287325, 230.46582755619562, 236.91416732884488, 243.2018859842366, 247.59523940597123, 244.86164838171854, 242.39087189481842, 241.16352735637753, 241.09240342820334, 240.50937383142644, 239.59783264669144, 238.65460042179913, 236.25800043378874, 234.00348539354493]"
