id,fecha,imagen_path,angulo,ultrasonico,infrarrojo,kalman
140,2025-12-06T15:21:52.125912,,"[0, 3, 6, 9, 12, 15, 18, 21, 24, 27, 30, 33, 36, 39, 42, 45, 48, 51, 54, 57, 60, 63, 66, 69, 72, 75, 78, 81, 84, 87, 90, 93, 96, 99, 102, 105, 108, 111, 114, 117, 120, 123, 126, 129, 132, 135, 138, 141, 144, 147, 150, 153, 156, 159, 162, 165, 168, 171, 174, 177, 180]","[158.0, 158.0, 158.0, 158.0, 169.0, 169.0, 171.0, 171.0, 639.0, 489.0, 588.0, 306.0, 302.0, 291.0, 295.0, 293.0, 289.0, 283.0, 282.0, 277.0, 271.0, 271.0, 276.0, 276.0, 276.0, 276.0, 276.0, 277.0, 277.0, 282.0, 283.0, 284.0, 284.0, 290.0, 296.0, 293.0, 307.0, 312.0, 621.0, 786.0, 774.0, 635.0, 767.0, 761.0, 605.0, 825.0, 717.0, 573.0, 728.0, 722.0, 567.0, 706.0, 870.0, 558.0, 489.0, 550.0, 622.0, 600.0, 690.0, 488.0, 400.0]","[153.93, 153.93, 153.93, 154.93, 159.93, 162.93, 163.93, 167.93, 176.93, 181.93, 189.93, 200.93, 209.93, 217.93, 234.93, 285.93, 334.93, 287.93, 259.93, 274.93, 279.93, 282.93, 282.93, 279.93, 278.93, 274.93, 274.93, 274.93, 267.93, 261.93, 251.93, 223.93, 182.93, 169.93, 195.93, 263.93, 425.93, 532.93, 500.93, 487.93, 461.93, 415.93, 325.93, 346.93, 386.93, 508.93, 474.93, 459.93, 533.93, 484.93, 507.93, 542.93, 537.93, 487.93, 490.93, 486.93, 494.93, 454.93, 457.93, 446.93, 395.93]","[148.60816037735847, 152.5477125328659, 153.99594384405614, 154.94445382280495, 158.4551571881562, 161.17784983263857, 163.44135235233463, 165.60373797812954, 252.5038434901261, 282.2355029967564, 320.47755548296783, 296.4684033550203, 281.95740480965316, 272.1079454868466, 269.54892079767313, 276.6840188687059, 289.3237061306626, 287.9412950584636, 281.8594081407534, 279.74769170495955, 278.2133849534189, 277.76614159056, 278.3747704772899, 278.22796710184167, 277.9546283621749, 277.06270015598534, 276.49031198126397, 276.30211498762196, 274.9274394982589, 273.8661231238278, 271.57287231143687, 265.26471877314566, 253.87222881483004, 245.30728312625257, 245.54291517485757, 257.3375012670409, 296.4332537282438, 341.58508082684756, 420.179597465959, 497.8446088799264, 540.8786482494629, 535.3565920905505, 539.3362633091554, 544.5771189608082, 527.1614593738789, 577.2471360454701, 583.952952491969, 559.7748826619627, 585.2792810715933, 591.7944525344142, 572.3305149174092, 591.008088830002, 631.475757283494, 592.6009571149842, 555.830848576117, 542.4442504830973, 548.1838052665204, 540.7611364488845, 552.6566719025701, 522.1361105854901, 477.65087030556504]"
