id,fecha,imagen_path,angulo,ultrasonico,infrarrojo,kalman
141,2025-12-06T15:22:51.564959,,"[0, 3, 6, 9, 12, 15, 18, 21, 24, 27, 30, 33, 36, 39, 42, 45, 48, 51, 54, 57, 60, 63, 66, 69, 72, 75, 78, 81, 84, 87, 90, 93, 96, 99, 102, 105, 108, 111, 114, 117, 120, 123, 126, 129, 132, 135, 138, 141, 144, 147, 150, 153, 156, 159, 162, 165, 168, 171, 174, 177, 180]","[201.0, 197.0, 197.0, 197.0, 190.0, 190.0, 190.0, 190.0, 194.0, 195.0, 191.0, 191.0, 191.0, 197.0, 197.0, 207.0, 203.0, 214.0, 209.0, 310.0, 302.0, 304.0, 301.0, 265.0, 273.0, 267.0, 267.0, 252.0, 247.0, 246.0, 246.0, 244.0, 245.0, 239.0, 239.0, 239.0, 239.0, 239.0, 239.0, 239.0, 239.0, 239.0, 240.0, 240.0, 245.0, 246.0, 247.0, 252.0, 254.0, 259.0, 265.0, 675.0, 698.0, 837.0, 830.0, 627.0, 498.0, 633.0, 984.0, 660.0, 568.0]","[207.93, 207.93, 207.93, 204.93, 199.93, 194.93, 193.93, 190.93, 192.93, 191.93, 191.93, 191.93, 192.93, 193.93, 195.93, 197.93, 200.93, 202.93, 206.93, 208.93, 210.93, 219.93, 224.93, 237.93, 260.93, 284.93, 272.93, 242.93, 234.93, 246.93, 254.93, 248.93, 238.93, 241.93, 246.93, 246.93, 244.93, 244.93, 242.93, 241.93, 239.93, 236.93, 234.93, 231.93, 219.93, 178.93, 153.93, 157.93, 218.93, 365.93, 497.93, 544.93, 500.93, 490.93, 495.93, 493.93, 494.93, 467.93, 470.93, 459.93, 432.93]","[194.82042452830188, 198.9140578439965, 200.41893142106858, 200.62870854377627, 198.5402148507745, 196.33764640796142, 194.76340435891007, 193.22035132140982, 193.30807159405364, 193.36431167228784, 192.68377275194516, 192.24711278278033, 192.14604132108926, 193.33509512443385, 194.45641179499884, 197.32555394254177, 198.98767175657773, 202.38299730222147, 204.38279225543872, 224.11641107456825, 235.7055381494001, 245.11318920508123, 251.50873557307236, 251.49306697294125, 257.03600409777545, 263.8174601642913, 266.0198628444226, 259.37244277919103, 252.77783706838082, 250.5162154036258, 250.49786709760204, 249.05306193311478, 246.5137100925217, 244.34671391619105, 243.85170444683817, 243.534035866853, 242.97191689074285, 242.61118129278125, 242.02142438388034, 241.46382356700772, 240.74772989404104, 239.7507958456392, 238.9318921816174, 237.8689805996757, 235.93296364443458, 227.52538802816872, 217.8307991835896, 213.22152923845852, 221.54867858013003, 254.12013891949195, 299.7423993379476, 410.88199425373364, 478.4432835405628, 544.9078427679697, 587.2027129794749, 577.6237249135777, 548.5479973826787, 549.2347780810769, 613.0871041964089, 594.0557082605122, 560.5261285917309]"
