id,fecha,imagen_path,angulo,ultrasonico,infrarrojo,kalman
146,2025-12-06T16:11:23.735848,,"[0, 3, 6, 9, 12, 15, 18, 21, 24, 27, 30, 33, 36, 39, 42, 45, 48, 51, 54, 57, 60, 63, 66, 69, 72, 75, 78, 81, 84, 87, 90, 93, 96, 99, 102, 105, 108, 111, 114, 117, 120, 123, 126, 129, 132, 135, 138, 141, 144, 147, 150, 153, 156, 159, 162, 165, 168, 171, 174, 177, 180]","[190.0, 190.0, 190.0, 190.0, 196.0, 196.0, 197.0, 197.0, 344.0, 331.0, 211.0, 217.0, 213.0, 229.0, 229.0, 298.0, 298.0, 297.0, 297.0, 281.0, 262.0, 248.0, 247.0, 237.0, 237.0, 236.0, 231.0, 230.0, 225.0, 230.0, 225.0, 224.0, 224.0, 224.0, 224.0, 228.0, 229.0, 229.0, 238.0, 239.0, 244.0, 248.0, 678.0, 686.0, 689.0, 550.0, 687.0, 692.0, 697.0, 699.0, 878.0, 866.0, 601.0, 706.0, 713.0, 712.0, 540.0, 892.0, 547.0, 554.0, 730.0]","[189.93, 189.93, 190.93, 190.93, 191.93, 191.93, 192.93, 193.93, 198.93, 201.93, 205.93, 208.93, 213.93, 219.93, 226.93, 230.93, 237.93, 270.93, 301.93, 278.93, 246.93, 232.93, 248.93, 255.93, 259.93, 254.93, 249.93, 245.93, 242.93, 239.93, 235.93, 233.93, 232.93, 229.93, 223.93, 214.93, 195.93, 160.93, 146.93, 158.93, 179.93, 247.93, 422.93, 472.93, 457.93, 479.93, 525.93, 512.93, 486.93, 461.93, 440.93, 473.93, 496.93, 457.93, 458.93, 478.93, 536.93, 537.93, 516.93, 479.93, 436.93]","[181.0043867924528, 185.80275197195442, 187.77859206140795, 188.8105996690966, 190.71128585361564, 191.8909195417719, 192.99765131653845, 193.8833869436894, 221.70074646781956, 237.743381359594, 227.2526976395079, 222.13372398281382, 219.0280135810925, 220.97587434272648, 223.4797916896576, 238.16307737983666, 248.8398491034489, 261.42370386403763, 275.05228775146855, 276.8123041859979, 268.8062131447951, 258.65275892407107, 254.82378837570164, 251.82918916414727, 250.62394293018903, 248.77571257441892, 245.79833688644317, 242.99198465235412, 239.75799907087472, 238.04087087313695, 235.32675778730697, 233.04760990470416, 231.4058552182977, 229.81488522130826, 227.71911956009407, 225.4785338871599, 220.8163368661975, 211.55489975230194, 204.7157986651279, 202.65553151270072, 205.9907190662563, 221.02832293490417, 339.051506162947, 425.1814601389512, 478.3051607257721, 491.4388256422557, 532.6478232960364, 557.6603553310422, 569.9502539525527, 573.7172413153744, 604.4370249314222, 627.9129180134581, 599.62922878922, 593.3008851161801, 590.6727487443586, 592.3896090316168, 573.0707096639502, 623.9054132450441, 590.967064257455, 564.4552645789232, 571.2656461876323]"
