id,fecha,imagen_path,angulo,ultrasonico,infrarrojo,kalman
148,2025-12-06T16:17:34.687891,,"[0, 3, 6, 9, 12, 15, 18, 21, 24, 27, 30, 33, 36, 39, 42, 45, 48, 51, 54, 57, 60, 63, 66, 69, 72, 75, 78, 81, 84, 87, 90, 93, 96, 99, 102, 105, 108, 111, 114, 117, 120, 123, 126, 129, 132, 135, 138, 141, 144, 147, 150, 153, 156, 159, 162, 165, 168, 171, 174, 177, 180]","[189.0, 189.0, 189.0, 189.0, 190.0, 190.0, 200.0, 200.0, 216.0, 220.0, 206.0, 207.0, 207.0, 244.0, 312.0, 302.0, 298.0, 302.0, 297.0, 306.0, 247.0, 260.0, 245.0, 245.0, 240.0, 239.0, 238.0, 238.0, 233.0, 232.0, 232.0, 233.0, 233.0, 233.0, 233.0, 233.0, 233.0, 239.0, 239.0, 239.0, 249.0, 254.0, 1116.0, 264.0, 731.0, 558.0, 588.0, 593.0, 592.0, 521.0, 734.0, 744.0, 733.0, 682.0, 575.0, 1133.0, 541.0, 579.0, 584.0, 357.0, 762.0]","[190.93, 189.93, 189.93, 187.93, 186.93, 189.93, 189.93, 192.93, 194.93, 199.93, 202.93, 206.93, 209.93, 218.93, 224.93, 231.93, 241.93, 285.93, 300.93, 255.93, 251.93, 249.93, 251.93, 261.93, 260.93, 255.93, 250.93, 246.93, 237.93, 235.93, 228.93, 230.93, 225.93, 226.93, 224.93, 223.93, 219.93, 207.93, 191.93, 174.93, 171.93, 205.93, 296.93, 430.93, 486.93, 475.93, 496.93, 474.93, 441.93, 406.93, 400.93, 445.93, 479.93, 470.93, 445.93, 494.93, 497.93, 480.93, 518.93, 474.93, 415.93]","[181.0043867924528, 185.53500438212095, 187.20051913948086, 187.6862807578434, 187.97343363890934, 188.69547579321227, 190.95263260696706, 192.9314774385393, 197.42544823214592, 201.91937887646174, 202.83149576401158, 204.31244110788202, 205.80016241156864, 214.994875482465, 234.15103018440388, 245.90690293202942, 254.52590425530104, 268.65526285085303, 279.51395688343166, 280.03380408863575, 269.0822984163026, 264.0246693565334, 258.45030001196, 256.66427854399524, 254.44334007893056, 251.943296922552, 249.26414044285303, 246.82829691304033, 242.75730977945102, 239.60739824759136, 236.33206487203947, 234.76753082515128, 232.86785901955628, 231.82788780262152, 230.8022365767157, 229.96490388140532, 228.7110368233849, 226.8316044215547, 222.75943234807073, 217.10095740348848, 214.72357543283846, 220.18393115392004, 394.39780497043137, 377.58377233211434, 460.47784858331545, 480.7147981575859, 502.8372753855109, 513.9890183498256, 515.0551863026806, 496.75174033280564, 522.0853008722848, 548.1950047473495, 569.0706716210833, 571.7197457341662, 549.7747694073738, 644.422919303966, 599.6557988449018, 574.6885426345217, 566.3685326952009, 512.4853286282686, 539.884749809726]"
