id,fecha,imagen_path,angulo,ultrasonico,infrarrojo,kalman
151,2025-12-06T16:22:59.987900,,"[0, 3, 6, 9, 12, 15, 18, 21, 24, 27, 30, 33, 36, 39, 42, 45, 48, 51, 54, 57, 60, 63, 66, 69, 72, 75, 78, 81, 84, 87, 90, 93, 96, 99, 102, 105, 108, 111, 114, 117, 120, 123, 126, 129, 132, 135, 138, 141, 144, 147, 150, 153, 156, 159, 162, 165, 168, 171, 174, 177, 180]","[193.0, 193.0, 193.0, 193.0, 199.0, 194.0, 209.0, 209.0, 229.0, 234.0, 294.0, 293.0, 293.0, 292.0, 257.0, 247.0, 297.0, 240.0, 240.0, 230.0, 230.0, 229.0, 223.0, 223.0, 223.0, 222.0, 222.0, 222.0, 222.0, 222.0, 223.0, 223.0, 223.0, 228.0, 229.0, 234.0, 239.0, 244.0, 253.0, 250.0, 320.0, 329.0, 345.0, 349.0, 445.0, 446.0, 496.0, 492.0, 356.0, 469.0, 147.0, 158.0, 153.0, 130.0, 138.0, 138.0, 133.0, 132.0, 127.0, 127.0, 122.0]","[192.93, 190.93, 188.93, 192.93, 194.93, 197.93, 201.93, 204.93, 211.93, 217.93, 222.93, 227.93, 233.93, 267.93, 294.93, 235.93, 229.93, 236.93, 251.93, 253.93, 248.93, 244.93, 240.93, 236.93, 233.93, 233.93, 231.93, 229.93, 227.93, 225.93, 222.93, 217.93, 212.93, 210.93, 183.93, 168.93, 191.93, 244.93, 333.93, 595.93, 632.93, 391.93, 264.93, 236.93, 219.93, 205.93, 196.93, 185.93, 174.93, 164.93, 157.93, 151.93, 147.93, 141.93, 137.93, 135.93, 132.93, 130.93, 129.93, 129.93, 130.93]","[183.86287735849055, 188.2015249780894, 189.37267346732654, 190.75269779563607, 193.04348551406346, 194.10268025367415, 198.19334751798004, 201.34221948909203, 208.19880882278966, 214.5658650335797, 230.29528445953375, 241.10444230835, 249.11547331463493, 260.1676588298377, 265.8271988826329, 257.09924211525464, 259.37982463502897, 251.88692826782133, 249.76535239183391, 246.97081696817827, 244.28180117076087, 241.66050174543602, 238.18701484339442, 235.24141578516364, 232.81371353469464, 231.07662520816655, 229.60360435426952, 228.30004680190095, 227.1052410404783, 225.98022591767867, 224.899998408928, 223.31112665822687, 221.39583631543405, 220.7040995899727, 215.60283437906313, 210.5378481964887, 212.30303762615048, 223.8253040964143, 248.77425229124455, 311.1794061940018, 370.3942213035731, 366.83700261237124, 344.6708893366387, 326.1468630942869, 328.41038346586805, 327.5343063289015, 334.3163706323747, 335.9817772911059, 310.7186080501329, 312.9564252482091, 255.4591573139035, 219.45636476611756, 194.73968610882503, 173.6832099156115, 160.88689084451147, 152.31669237281812, 145.38380209770608, 140.39728588789185, 136.12245414716926, 133.37911323588054, 130.90207983277674]"
