id,fecha,imagen_path,angulo,ultrasonico,infrarrojo,kalman
153,2025-12-06T16:27:30.635806,,"[0, 3, 6, 9, 12, 15, 18, 21, 24, 27, 30, 33, 36, 39, 42, 45, 48, 51, 54, 57, 60, 63, 66, 69, 72, 75, 78, 81, 84, 87, 90, 93, 96, 99, 102, 105, 108, 111, 114, 117, 120, 123, 126, 129, 132, 135, 138, 141, 144, 147, 150, 153, 156, 159, 162, 165, 168, 171, 174, 177, 180]","[230.0, 230.0, 230.0, 230.0, 236.0, 236.0, 248.0, 248.0, 268.0, 264.0, 697.0, 699.0, 565.0, 960.0, 960.0, 367.0, 375.0, 326.0, 336.0, 324.0, 324.0, 319.0, 318.0, 313.0, 313.0, 313.0, 313.0, 313.0, 313.0, 313.0, 313.0, 314.0, 314.0, 320.0, 320.0, 321.0, 327.0, 323.0, 332.0, 337.0, 352.0, 369.0, 651.0, 647.0, 650.0, 604.0, 621.0, 485.0, 607.0, 202.0, 191.0, 187.0, 181.0, 181.0, 175.0, 175.0, 170.0, 169.0, 169.0, 168.0, 169.0]","[228.93, 228.93, 228.93, 229.93, 231.93, 233.93, 238.93, 239.93, 232.93, 219.93, 216.93, 236.93, 309.93, 354.93, 398.93, 485.93, 574.93, 538.93, 397.93, 371.93, 348.93, 341.93, 333.93, 327.93, 323.93, 321.93, 317.93, 313.93, 312.93, 303.93, 300.93, 297.93, 298.93, 285.93, 276.93, 219.93, 192.93, 198.93, 213.93, 252.93, 321.93, 405.93, 600.93, 853.93, 557.93, 321.93, 264.93, 244.93, 231.93, 222.93, 214.93, 208.93, 201.93, 192.93, 185.93, 179.93, 175.93, 176.93, 175.93, 173.93, 170.93]","[218.641179245283, 224.43728308501315, 226.56800727199274, 227.87299237429403, 230.11942144204448, 231.87618538884777, 236.04839543224844, 238.89031994771094, 243.04049192412504, 242.65505660673756, 319.4440637104914, 372.6559092797344, 395.87481295864654, 489.59240239282013, 557.615974176898, 510.63006629025335, 497.8527775179209, 474.4271046197014, 435.9279877048874, 404.41458000689227, 380.0711281426834, 362.2993570970743, 349.28229859051487, 338.95828322374956, 331.61640938083667, 326.5465598499302, 322.57650715149026, 319.31224074482566, 317.03829370254374, 313.96684633807786, 311.4583818870095, 309.4903362438562, 308.40648663422485, 306.45703285820434, 303.59382659109497, 291.7251736963282, 280.34685106112397, 273.4031562076403, 273.2461834296317, 281.0271138664523, 301.0672849953778, 332.0199203829059, 437.32797017171197, 549.5116813970606, 569.0199949707182, 531.0249902396423, 499.4768321665832, 451.2869501061852, 439.88649560453354, 358.4110233382027, 302.7213088293044, 265.19156823878905, 238.77846709431017, 220.2159003059632, 205.97483937708756, 195.7609736151427, 187.59414351349622, 182.35314211454897, 178.81064035376374, 175.99988030948788, 173.837838757614]"
