id,fecha,imagen_path,angulo,ultrasonico,infrarrojo,kalman
154,2025-12-06T16:32:37.688466,,"[0, 3, 6, 9, 12, 15, 18, 21, 24, 27, 30, 33, 36, 39, 42, 45, 48, 51, 54, 57, 60, 63, 66, 69, 72, 75, 78, 81, 84, 87, 90, 93, 96, 99, 102, 105, 108, 111, 114, 117, 120, 123, 126, 129, 132, 135, 138, 141, 144, 147, 150, 153, 156, 159, 162, 165, 168, 171, 174, 177, 180]","[230.0, 230.0, 230.0, 230.0, 241.0, 237.0, 244.0, 244.0, 260.0, 260.0, 665.0, 440.0, 461.0, 965.0, 436.0, 346.0, 355.0, 331.0, 327.0, 320.0, 319.0, 319.0, 314.0, 313.0, 313.0, 313.0, 313.0, 313.0, 313.0, 314.0, 313.0, 313.0, 314.0, 315.0, 315.0, 321.0, 321.0, 327.0, 328.0, 338.0, 369.0, 386.0, 360.0, 737.0, 709.0, 719.0, 580.0, 620.0, 207.0, 206.0, 192.0, 191.0, 181.0, 181.0, 175.0, 175.0, 174.0, 169.0, 169.0, 169.0, 169.0]","[228.93, 228.93, 228.93, 229.93, 232.93, 233.93, 238.93, 242.93, 235.93, 219.93, 207.93, 233.93, 302.93, 349.93, 400.93, 508.93, 627.93, 527.93, 400.93, 361.93, 346.93, 339.93, 335.93, 328.93, 324.93, 321.93, 317.93, 314.93, 312.93, 309.93, 301.93, 295.93, 288.93, 288.93, 273.93, 235.93, 195.93, 197.93, 236.93, 316.93, 424.93, 573.93, 790.93, 530.93, 295.93, 269.93, 257.93, 241.93, 230.93, 221.93, 214.93, 206.93, 199.93, 193.93, 186.93, 183.93, 178.93, 177.93, 173.93, 172.93, 171.93]","[218.641179245283, 224.43728308501315, 226.56800727199274, 227.87299237429403, 231.2256720604472, 232.7626399155354, 235.89566735310888, 238.61292723779707, 241.9661698435315, 241.2489896244282, 311.1964842210207, 320.4287871975305, 342.47512949220487, 455.3237485250984, 442.1187691980894, 436.8689366745056, 456.42840310771476, 446.7685571028395, 417.10355252149196, 389.82633843691764, 369.4553331263154, 355.12849346016947, 344.32219356929113, 335.95430215932936, 329.8677560568302, 325.4243748158198, 321.8563534002635, 319.02921631094176, 316.85666491445267, 315.1041889314022, 312.36739167191286, 309.53630003832797, 306.6446957039256, 304.96815929505794, 301.20532297398523, 293.05843013578044, 280.6650719348203, 274.14475839880674, 277.1255479324663, 295.1600376799204, 331.63243604330165, 384.7736998834767, 453.0903015871753, 517.8900314238006, 512.3638971565167, 505.9514817645716, 474.7879162286242, 459.0880247723487, 373.06213353747916, 316.0643811626275, 275.72480054059776, 248.22502096395738, 227.53205623939604, 213.17773005422714, 201.63727567818236, 193.6938900835307, 187.52150979709842, 182.48565876159907, 178.53742433942838, 175.82454600039557, 173.90444807669408]"
