id,fecha,imagen_path,angulo,ultrasonico,infrarrojo,kalman
16,2025-12-06T13:14:18.788519,,"[0, 3, 6, 9, 12, 15, 18, 21, 24, 27, 30, 33, 36, 39, 42, 45, 48, 51, 54, 57, 60, 63, 66, 69, 72, 75, 78, 81, 84, 87, 90, 93, 96, 99, 102, 105, 108, 111, 114, 117, 120, 123, 126, 129, 132, 135, 138, 141, 144, 147, 150, 153, 156, 159, 162, 165, 168, 171, 174, 177, 180]","[208.0, 208.0, 208.0, 208.0, 208.0, 212.0, 213.0, 213.0, 214.0, 225.0, 225.0, 232.0, 283.0, 283.0, 274.0, 278.0, 256.0, 274.0, 226.0, 288.0, 228.0, 214.0, 212.0, 198.0, 208.0, 197.0, 197.0, 196.0, 200.0, 203.0, 207.0, 198.0, 193.0, 193.0, 194.0, 194.0, 194.0, 194.0, 199.0, 200.0, 200.0, 201.0, 201.0, 206.0, 212.0, 212.0, 219.0, 257.0, 256.0, 256.0, 264.0, 235.0, 224.0, 224.0, 218.0, 222.0, 211.0, 206.0, 205.0, 199.0, 199.0]","[207.93, 211.93, 211.93, 210.93, 215.93, 215.93, 215.93, 216.93, 217.93, 220.93, 224.93, 230.93, 235.93, 244.93, 260.93, 265.93, 260.93, 235.93, 231.93, 244.93, 242.93, 235.93, 232.93, 227.93, 220.93, 214.93, 211.93, 211.93, 209.93, 206.93, 204.93, 200.93, 199.93, 198.93, 198.93, 198.93, 198.93, 198.93, 198.93, 199.93, 202.93, 203.93, 204.93, 206.93, 209.93, 213.93, 216.93, 221.93, 221.93, 237.93, 258.93, 259.93, 233.93, 226.93, 232.93, 229.93, 226.93, 227.93, 223.93, 217.93, 214.93]","[198.15533018867922, 204.4793514460999, 206.80414503585496, 207.8263362401413, 209.3524693547095, 211.02474180767962, 212.2633050484858, 213.2331669444918, 214.21268231251872, 217.34934217028095, 220.07809471403453, 224.15777708559787, 236.8071600488283, 246.53675779578262, 254.03448945287204, 260.4582413328353, 259.74414704529585, 258.03198095454735, 247.61851378777246, 254.3704104567799, 247.59740392191904, 239.48917383479792, 233.39013467356156, 226.07267555865664, 221.914137923147, 216.20023853390828, 211.99600049889264, 209.11883377942692, 207.63069138549636, 206.67568726869666, 206.42107817514125, 203.92901051489102, 201.25497224913542, 199.35979964846072, 198.32271576222644, 197.65717502843754, 197.23006930033617, 196.95597743230203, 197.6757249744673, 198.49587508102158, 199.55958655802357, 200.60047291612585, 201.4475826422011, 203.2451103899511, 206.01081927842142, 208.5022071615672, 211.89232432450436, 221.77044409649744, 227.93052390304223, 234.7497690461601, 244.32070275619597, 245.44717104453287, 239.54230850610804, 234.49900617567027, 231.26250508036654, 229.3646337858839, 225.638886262109, 222.5314008517647, 219.64155168803435, 215.6374674449374, 212.53049033658456]"
