id,fecha,imagen_path,angulo,ultrasonico,infrarrojo,kalman
160,2025-12-06T16:38:11.079081,,"[0, 3, 6, 9, 12, 15, 18, 21, 24, 27, 30, 33, 36, 39, 42, 45, 48, 51, 54, 57, 60, 63, 66, 69, 72, 75, 78, 81, 84, 87, 90, 93, 96, 99, 102, 105, 108, 111, 114, 117, 120, 123, 126, 129, 132, 135, 138, 141, 144, 147, 150, 153, 156, 159, 162, 165, 168, 171, 174, 177, 180]","[157.0, 157.0, 157.0, 157.0, 163.0, 163.0, 187.0, 175.0, 531.0, 329.0, 318.0, 318.0, 313.0, 308.0, 304.0, 325.0, 266.0, 264.0, 260.0, 259.0, 254.0, 253.0, 248.0, 247.0, 252.0, 247.0, 247.0, 247.0, 247.0, 247.0, 247.0, 247.0, 253.0, 253.0, 254.0, 255.0, 260.0, 261.0, 271.0, 293.0, 319.0, 315.0, 310.0, 306.0, 307.0, 312.0, 313.0, 313.0, 206.0, 205.0, 190.0, 186.0, 180.0, 179.0, 174.0, 173.0, 173.0, 168.0, 167.0, 167.0, 167.0]","[152.93, 152.93, 152.93, 151.93, 154.93, 156.93, 160.93, 165.93, 171.93, 180.93, 188.93, 195.93, 201.93, 190.93, 178.93, 250.93, 396.93, 391.93, 323.93, 294.93, 282.93, 274.93, 268.93, 263.93, 260.93, 256.93, 253.93, 251.93, 249.93, 246.93, 244.93, 242.93, 236.93, 239.93, 236.93, 242.93, 243.93, 253.93, 255.93, 248.93, 209.93, 214.93, 225.93, 282.93, 317.93, 278.93, 257.93, 242.93, 232.93, 221.93, 212.93, 205.93, 198.93, 191.93, 187.93, 183.93, 179.93, 176.93, 172.93, 170.93, 166.93]","[147.65533018867922, 151.5696231375986, 153.00856883143118, 153.56806987535143, 155.5581889713077, 157.15587780102882, 163.20750523769584, 165.81282069956066, 232.37953946951177, 240.47372776850193, 245.12860695831495, 249.36933109032069, 252.26973525493935, 251.2649077036199, 247.75400231992847, 262.1599207271951, 286.98900709566817, 301.6689708884972, 298.1924494570929, 290.5875546418525, 282.661981827677, 275.9636465064915, 269.69462391853045, 264.5967534315809, 261.68349120978365, 258.2017681689845, 255.43001240874514, 253.29300156109196, 251.5633334562659, 249.9159456884827, 248.5004894889139, 247.23387361763696, 246.4210324698893, 246.4367841703635, 246.08863513541476, 247.1191146207836, 248.85518973879587, 251.939719436793, 256.0687384391222, 261.4054369004928, 262.50154854024066, 263.3840986727844, 265.02524124837174, 275.5722576652664, 288.7893618661349, 291.18095975880544, 289.13317390828126, 285.1320910681964, 261.6063586262592, 244.3593524926003, 228.99212602351446, 217.1599081269058, 207.23799765395702, 199.43765643381732, 192.81968743771097, 187.67701200540785, 183.66022383519513, 179.6494501540391, 176.17992257995192, 173.59512195235953, 171.2198305762479]"
