id,fecha,imagen_path,angulo,ultrasonico,infrarrojo,kalman
161,2025-12-06T16:39:07.046537,,"[0, 3, 6, 9, 12, 15, 18, 21, 24, 27, 30, 33, 36, 39, 42, 45, 48, 51, 54, 57, 60, 63, 66, 69, 72, 75, 78, 81, 84, 87, 90, 93, 96, 99, 102, 105, 108, 111, 114, 117, 120, 123, 126, 129, 132, 135, 138, 141, 144, 147, 150, 153, 156, 159, 162, 165, 168, 171, 174, 177, 180]","[157.0, 157.0, 157.0, 157.0, 168.0, 168.0, 187.0, 179.0, 333.0, 329.0, 319.0, 318.0, 313.0, 313.0, 299.0, 321.0, 280.0, 265.0, 270.0, 254.0, 254.0, 253.0, 253.0, 248.0, 247.0, 247.0, 247.0, 247.0, 247.0, 247.0, 247.0, 248.0, 248.0, 254.0, 254.0, 259.0, 261.0, 257.0, 262.0, 271.0, 277.0, 273.0, 311.0, 302.0, 299.0, 308.0, 300.0, 308.0, 550.0, 457.0, 186.0, 185.0, 180.0, 175.0, 174.0, 169.0, 168.0, 168.0, 167.0, 163.0, 167.0]","[152.93, 152.93, 152.93, 152.93, 155.93, 159.93, 163.93, 166.93, 173.93, 179.93, 185.93, 190.93, 200.93, 188.93, 176.93, 276.93, 421.93, 466.93, 335.93, 300.93, 279.93, 272.93, 266.93, 262.93, 259.93, 256.93, 253.93, 251.93, 248.93, 246.93, 246.93, 245.93, 245.93, 247.93, 248.93, 249.93, 251.93, 255.93, 252.93, 250.93, 234.93, 208.93, 217.93, 288.93, 316.93, 278.93, 259.93, 243.93, 229.93, 218.93, 210.93, 203.93, 196.93, 192.93, 187.93, 183.93, 179.93, 175.93, 172.93, 169.93, 165.93]","[147.65533018867922, 151.5696231375986, 153.00856883143118, 153.76014934192523, 156.78568971339095, 159.38854782900682, 165.1763990856419, 167.9723724969998, 198.6262743975359, 218.63778396103905, 230.7583523844529, 239.25193250452426, 245.59792507230637, 247.52073926585456, 244.09730942872986, 263.75410779652066, 294.9980916071195, 320.4225309398969, 314.1682376047945, 301.0190242747883, 288.8189120646492, 279.5565522907787, 272.5377303608341, 266.42129546863686, 261.77960454172876, 258.2634481722227, 255.46959508393462, 253.31840344327335, 251.4005061371255, 249.81145248894543, 248.79168933856835, 248.13726405590862, 247.71729158443156, 248.8808077078237, 249.80661415752806, 251.47551614722474, 253.2630365053575, 254.4101641645617, 255.50458222617385, 257.4608182262553, 256.92493002410987, 251.20716428435267, 255.95688428461222, 270.1109657961573, 283.6724600856287, 287.1807116345399, 284.59562832216864, 281.5036403962487, 320.36074347207517, 326.66760162854627, 280.73804916609265, 249.8300762588753, 227.84557318645946, 212.1250256886054, 200.96171061998567, 192.18557861263295, 185.65791840406786, 180.75232673732515, 176.8876852790563, 173.1536793833642, 170.7574093643449]"
