id,fecha,imagen_path,angulo,ultrasonico,infrarrojo,kalman
163,2025-12-06T16:40:03.562730,,"[0, 3, 6, 9, 12, 15, 18, 21, 24, 27, 30, 33, 36, 39, 42, 45, 48, 51, 54, 57, 60, 63, 66, 69, 72, 75, 78, 81, 84, 87, 90, 93, 96, 99, 102, 105, 108, 111, 114, 117, 120, 123, 126, 129, 132, 135, 138, 141, 144, 147, 150, 153, 156, 159, 162, 165, 168, 171, 174, 177, 180]","[180.0, 180.0, 175.0, 175.0, 180.0, 180.0, 181.0, 181.0, 187.0, 187.0, 194.0, 194.0, 213.0, 275.0, 263.0, 264.0, 295.0, 267.0, 270.0, 256.0, 255.0, 249.0, 250.0, 249.0, 249.0, 249.0, 249.0, 249.0, 249.0, 249.0, 249.0, 255.0, 255.0, 252.0, 248.0, 266.0, 272.0, 268.0, 265.0, 261.0, 158.0, 315.0, 160.0, 155.0, 149.0, 140.0, 134.0, 130.0, 129.0, 137.0, 128.0, 128.0, 128.0, 128.0, 127.0, 128.0, 128.0, 129.0, 129.0, 142.0, 138.0]","[176.93, 175.93, 177.93, 177.93, 177.93, 176.93, 176.93, 176.93, 176.93, 181.93, 186.93, 191.93, 195.93, 197.93, 180.93, 185.93, 269.93, 312.93, 302.93, 283.93, 276.93, 270.93, 265.93, 262.93, 258.93, 253.93, 252.93, 250.93, 249.93, 247.93, 246.93, 246.93, 248.93, 249.93, 244.93, 232.93, 203.93, 192.93, 186.93, 178.93, 171.93, 163.93, 157.93, 151.93, 147.93, 143.93, 138.93, 135.93, 132.93, 131.93, 130.93, 130.93, 130.93, 130.93, 130.93, 130.93, 129.93, 129.93, 130.93, 129.93, 130.93]","[170.04683962264147, 174.28697633654687, 175.21001312998686, 175.6921275470853, 176.8989999387487, 177.4667530801731, 178.00615258358567, 178.35036227045018, 179.6464126271164, 181.37330030685206, 184.63093073345914, 187.61684785634947, 193.65297052746655, 208.99085550828335, 213.63895987032066, 217.69660627053545, 240.9003895823767, 258.47816264870863, 268.50466014823473, 269.02783797935507, 267.93055306735505, 265.07683336245276, 262.5289652187942, 260.17737498999844, 257.95174462401695, 255.6278192605322, 253.95732896509512, 252.52704689337634, 251.43004541565583, 250.36779545159177, 249.50697579310707, 250.02932400173486, 250.7227945802046, 250.80956650521918, 249.2530926685473, 249.32901007407185, 245.25776744521147, 239.9581465341766, 234.94499586724692, 229.57829895679313, 206.43009551544085, 218.2651001045978, 197.02039037027976, 181.41634207779197, 169.61127435338466, 159.70678729793298, 151.38024106984219, 144.78284156248526, 139.83249522863423, 137.9095494337446, 134.88422567812594, 132.94274705813248, 131.69681784976552, 130.89725221135166, 130.20500823046035, 129.9398946804089, 129.59063128169143, 129.54562292406004, 129.69586793598845, 131.94183195208805, 132.8457760043619]"
