id,fecha,imagen_path,angulo,ultrasonico,infrarrojo,kalman
165,2025-12-06T16:40:42.813987,,"[0, 3, 6, 9, 12, 15, 18, 21, 24, 27, 30, 33, 36, 39, 42, 45, 48, 51, 54, 57, 60, 63, 66, 69, 72, 75, 78, 81, 84, 87, 90, 93, 96, 99, 102, 105, 108, 111, 114, 117, 120, 123, 126, 129, 132, 135, 138, 141, 144, 147, 150, 153, 156, 159, 162, 165, 168, 171, 174, 177, 180]","[175.0, 175.0, 175.0, 175.0, 180.0, 180.0, 181.0, 181.0, 187.0, 187.0, 189.0, 208.0, 208.0, 335.0, 318.0, 271.0, 275.0, 264.0, 267.0, 257.0, 251.0, 255.0, 250.0, 249.0, 249.0, 249.0, 249.0, 248.0, 248.0, 249.0, 249.0, 249.0, 254.0, 255.0, 252.0, 244.0, 271.0, 231.0, 268.0, 265.0, 270.0, 279.0, 297.0, 147.0, 158.0, 145.0, 135.0, 130.0, 128.0, 128.0, 127.0, 127.0, 127.0, 127.0, 127.0, 127.0, 122.0, 127.0, 128.0, 133.0, 137.0]","[175.93, 176.93, 178.93, 178.93, 177.93, 176.93, 176.93, 177.93, 179.93, 183.93, 185.93, 190.93, 195.93, 197.93, 195.93, 185.93, 195.93, 294.93, 328.93, 299.93, 283.93, 273.93, 270.93, 264.93, 261.93, 257.93, 248.93, 248.93, 246.93, 244.93, 243.93, 244.93, 244.93, 248.93, 249.93, 244.93, 221.93, 197.93, 188.93, 184.93, 178.93, 169.93, 162.93, 155.93, 151.93, 146.93, 141.93, 138.93, 134.93, 132.93, 131.93, 130.93, 130.93, 130.93, 130.93, 130.93, 129.93, 129.93, 130.93, 130.93, 129.93]","[167.18834905660376, 171.8882033304119, 174.0397273002727, 175.16349693976562, 176.565301976847, 177.2540372758361, 177.87001881503264, 178.4425895544788, 180.24340538618114, 182.11472299638393, 184.03177104526435, 189.5611638453027, 194.00503851973733, 219.96462437893385, 233.2203428913258, 231.5167024535516, 232.93121091119744, 249.60229782205417, 266.9286039841588, 271.06160538052376, 269.7730942529133, 267.87142929168203, 265.2180199260796, 262.2613130622686, 259.82648246166036, 257.5474332160218, 254.47271155139418, 252.3204034126754, 250.5809183871012, 249.2854882542352, 248.27502698747924, 247.80569990297076, 248.4001567227965, 249.67728881092034, 250.13862109173232, 248.10600338916936, 247.51810150343152, 235.67657769452126, 233.0929753974535, 230.1810666866419, 228.1332425284109, 226.8190668758621, 227.94612123071138, 200.54618062629962, 184.21637764038232, 170.51253205708122, 159.0312611139795, 150.23021211569133, 143.50743283205466, 138.83488254533336, 135.47805119818312, 133.14470130592173, 131.6472916748447, 130.6863403787366, 130.0696571583758, 129.6739053696902, 128.34516194645587, 128.38809483625167, 128.7739042627934, 129.91713846563275, 131.18818671584202]"
