id,fecha,imagen_path,angulo,ultrasonico,infrarrojo,kalman
167,2025-12-06T16:41:57.169993,,"[0, 3, 6, 9, 12, 15, 18, 21, 24, 27, 30, 33, 36, 39, 42, 45, 48, 51, 54, 57, 60, 63, 66, 69, 72, 75, 78, 81, 84, 87, 90, 93, 96, 99, 102, 105, 108, 111, 114, 117, 120, 123, 126, 129, 132, 135, 138, 141, 144, 147, 150, 153, 156, 159, 162, 165, 168, 171, 174, 177, 180]","[159.0, 154.0, 159.0, 159.0, 170.0, 170.0, 189.0, 181.0, 284.0, 284.0, 244.0, 239.0, 239.0, 234.0, 238.0, 233.0, 233.0, 233.0, 233.0, 238.0, 238.0, 238.0, 238.0, 240.0, 240.0, 246.0, 245.0, 303.0, 249.0, 255.0, 243.0, 228.0, 223.0, 221.0, 216.0, 211.0, 210.0, 210.0, 205.0, 205.0, 204.0, 204.0, 204.0, 204.0, 204.0, 204.0, 204.0, 204.0, 209.0, 201.0, 173.0, 173.0, 172.0, 162.0, 157.0, 156.0, 151.0, 151.0, 151.0, 154.0, 150.0]","[154.93, 152.93, 152.93, 152.93, 155.93, 158.93, 164.93, 168.93, 177.93, 185.93, 193.93, 204.93, 216.93, 230.93, 226.93, 221.93, 220.93, 231.93, 233.93, 235.93, 234.93, 234.93, 235.93, 235.93, 236.93, 238.93, 244.93, 255.93, 271.93, 259.93, 233.93, 235.93, 242.93, 243.93, 237.93, 233.93, 228.93, 225.93, 220.93, 217.93, 217.93, 215.93, 211.93, 204.93, 205.93, 202.93, 205.93, 205.93, 196.93, 190.93, 185.93, 181.93, 175.93, 171.93, 168.93, 164.93, 161.93, 158.93, 156.93, 153.93, 151.93]","[149.56099056603773, 151.65156879929887, 153.47958186041814, 154.4343774413455, 157.58004626830277, 160.07618544891648, 166.15650376062308, 169.31860200524392, 191.42229318711034, 207.0271495731684, 211.30457910683856, 215.12397780201167, 219.72448143877435, 224.28891369521315, 227.2180704070053, 227.30653495089263, 227.1841773851479, 229.07607259714132, 230.64843924500528, 232.91139505761515, 234.1845009524652, 235.0015070051437, 235.7049432355682, 236.51462568003703, 237.21336204391213, 239.09480109437288, 241.19784428696195, 254.90734248477023, 256.898415358298, 257.10139859494905, 250.4247677301531, 243.81141620968785, 239.92560550066574, 237.25278710703134, 233.56710950257798, 229.58969473591043, 225.96244620793837, 223.09730056731067, 219.46732719266723, 216.60043290231386, 214.58149640767544, 212.92760162507653, 211.14971202850177, 208.75486334439282, 207.39711611391024, 205.98840575196635, 205.6217628946591, 205.38647261628364, 204.51896172217374, 201.45444018602953, 193.57655679041406, 187.80446961389026, 182.84637486690994, 177.15675210684253, 172.0724494901613, 167.91399284777336, 163.81230449695775, 160.6426906912903, 158.25035745438535, 156.71509570835747, 154.65508039551435]"
