id,fecha,imagen_path,angulo,ultrasonico,infrarrojo,kalman
17,2025-12-06T13:15:01.383646,,"[0, 3, 6, 9, 12, 15, 18, 21, 24, 27, 30, 33, 36, 39, 42, 45, 48, 51, 54, 57, 60, 63, 66, 69, 72, 75, 78, 81, 84, 87, 90, 93, 96, 99, 102, 105, 108, 111, 114, 117, 120, 123, 126, 129, 132, 135, 138, 141, 144, 147, 150, 153, 156, 159, 162, 165, 168, 171, 174, 177, 180]","[183.0, 177.0, 178.0, 177.0, 177.0, 176.0, 178.0, 183.0, 184.0, 189.0, 194.0, 200.0, 205.0, 263.0, 246.0, 237.0, 246.0, 246.0, 253.0, 223.0, 254.0, 209.0, 206.0, 199.0, 210.0, 199.0, 195.0, 194.0, 189.0, 188.0, 188.0, 188.0, 193.0, 192.0, 193.0, 189.0, 189.0, 185.0, 190.0, 190.0, 191.0, 196.0, 201.0, 201.0, 211.0, 216.0, 561.0, 238.0, 285.0, 297.0, 301.0, 295.0, 252.0, 251.0, 258.0, 244.0, 238.0, 242.0, 241.0, 241.0, 236.0]","[184.93, 184.93, 187.93, 186.93, 184.93, 183.93, 183.93, 184.93, 185.93, 187.93, 185.93, 188.93, 191.93, 203.93, 210.93, 222.93, 236.93, 245.93, 238.93, 216.93, 221.93, 226.93, 227.93, 224.93, 218.93, 214.93, 210.93, 203.93, 197.93, 194.93, 198.93, 193.93, 186.93, 189.93, 191.93, 192.93, 193.93, 193.93, 194.93, 194.93, 194.93, 196.93, 194.93, 193.93, 196.93, 201.93, 204.93, 208.93, 217.93, 223.93, 229.93, 227.93, 246.93, 277.93, 284.93, 250.93, 242.93, 249.93, 251.93, 246.93, 249.93]","[175.28740566037735, 178.32773006134968, 180.29298454701544, 180.93530421964022, 180.9462545447692, 180.59050082284116, 180.72532817840897, 181.88831449319056, 182.99147880640842, 184.95308198645594, 186.7488932393162, 189.51340773540682, 192.72046026853997, 207.31764409039985, 214.89387521004898, 220.29322878384426, 227.8781813099105, 234.3579228531571, 238.51624658687678, 231.87012175355886, 234.0536580637966, 228.28977448234724, 224.23258828757142, 219.8376319180065, 217.9128458641692, 213.99069721273833, 210.04065772692633, 206.07271950895463, 201.55590856072038, 197.94076418573007, 196.33728778691057, 194.41262502173896, 192.81922969142227, 192.15493786888666, 192.26601997437197, 191.79991972048825, 191.67993219545, 190.88641597051057, 191.45195564816, 191.81488645544144, 192.22692333855895, 193.74524638262278, 195.25700505745453, 196.04803595902942, 198.88434825413148, 202.49581804753774, 267.1502685426832, 251.4996904118196, 251.48726230919632, 254.70360479387256, 258.5589560848012, 259.60006831470776, 255.96910337360885, 259.01282264966545, 263.4739094421243, 257.73859645511396, 251.5501997726573, 249.5492596769578, 248.44430030139767, 246.8395570623781, 245.45146766633857]"
