id,fecha,imagen_path,angulo,ultrasonico,infrarrojo,kalman
170,2025-12-06T16:43:34.026401,,"[0, 3, 6, 9, 12, 15, 18, 21, 24, 27, 30, 33, 36, 39, 42, 45, 48, 51, 54, 57, 60, 63, 66, 69, 72, 75, 78, 81, 84, 87, 90, 93, 96, 99, 102, 105, 108, 111, 114, 117, 120, 123, 126, 129, 132, 135, 138, 141, 144, 147, 150, 153, 156, 159, 162, 165, 168, 171, 174, 177, 180]","[217.0, 217.0, 217.0, 217.0, 223.0, 223.0, 235.0, 235.0, 270.0, 266.0, 296.0, 305.0, 305.0, 306.0, 232.0, 226.0, 221.0, 231.0, 223.0, 210.0, 218.0, 204.0, 203.0, 211.0, 211.0, 197.0, 196.0, 196.0, 196.0, 191.0, 191.0, 190.0, 191.0, 191.0, 191.0, 192.0, 193.0, 193.0, 199.0, 199.0, 204.0, 204.0, 211.0, 207.0, 217.0, 238.0, 584.0, 570.0, 201.0, 206.0, 191.0, 186.0, 185.0, 175.0, 174.0, 174.0, 174.0, 169.0, 168.0, 167.0, 163.0]","[209.93, 212.93, 213.93, 217.93, 221.93, 225.93, 228.93, 233.93, 243.93, 251.93, 279.93, 271.93, 226.93, 232.93, 249.93, 250.93, 245.93, 240.93, 233.93, 229.93, 221.93, 215.93, 211.93, 210.93, 208.93, 203.93, 201.93, 200.93, 202.93, 199.93, 198.93, 196.93, 194.93, 194.93, 193.93, 193.93, 194.93, 195.93, 196.93, 198.93, 199.93, 202.93, 206.93, 210.93, 219.93, 237.93, 238.93, 211.93, 203.93, 210.93, 206.93, 201.93, 194.93, 192.93, 188.93, 183.93, 180.93, 178.93, 176.93, 174.93, 171.93]","[203.39589622641506, 209.59109553023663, 212.08043025956974, 214.14896082651208, 217.21550198595617, 219.8438066540509, 224.2076839195741, 227.88988350177317, 238.314943473781, 245.71552074703948, 260.85385502643476, 270.74633226923487, 269.0333427459684, 269.18798875072554, 259.07684830476154, 251.69248526896175, 245.16234619731208, 241.8673263674843, 237.06584093614765, 230.93933493106064, 227.0076962938699, 220.90202129211752, 216.0881066865537, 214.25271493422034, 212.71660860232046, 208.3273770810109, 204.97323462294227, 202.64161030512707, 201.50356561795894, 199.34020377641477, 197.77275390542414, 196.22946846128002, 195.0599479246463, 194.30941697294256, 193.6486406310797, 193.40372120018066, 193.60480357881335, 193.9129754579565, 195.36464392192545, 196.65449873977508, 198.5570260140665, 200.3153448454146, 203.4141492780713, 205.4027835663423, 210.08242147808977, 220.0715662906191, 288.6397126687561, 325.2985214059848, 281.2924825744929, 255.20148567487308, 235.05433900001984, 220.33377227769262, 209.45392973292158, 200.32232771776137, 193.56654732241446, 188.3354324678115, 184.44101775252747, 180.68790509451438, 177.74198710116082, 175.31408017379601, 172.50208778795587]"
