id,fecha,imagen_path,angulo,ultrasonico,infrarrojo,kalman
172,2025-12-06T16:44:20.447760,,"[0, 3, 6, 9, 12, 15, 18, 21, 24, 27, 30, 33, 36, 39, 42, 45, 48, 51, 54, 57, 60, 63, 66, 69, 72, 75, 78, 81, 84, 87, 90, 93, 96, 99, 102, 105, 108, 111, 114, 117, 120, 123, 126, 129, 132, 135, 138, 141, 144, 147, 150, 153, 156, 159, 162, 165, 168, 171, 174, 177, 180]","[217.0, 217.0, 217.0, 217.0, 222.0, 223.0, 267.0, 234.0, 270.0, 270.0, 293.0, 301.0, 301.0, 306.0, 237.0, 226.0, 226.0, 220.0, 224.0, 239.0, 209.0, 205.0, 199.0, 202.0, 207.0, 197.0, 197.0, 196.0, 191.0, 191.0, 191.0, 191.0, 191.0, 191.0, 191.0, 193.0, 193.0, 198.0, 199.0, 199.0, 204.0, 204.0, 206.0, 211.0, 212.0, 222.0, 584.0, 575.0, 210.0, 205.0, 191.0, 186.0, 181.0, 179.0, 174.0, 174.0, 173.0, 173.0, 168.0, 168.0, 168.0]","[217.93, 217.93, 217.93, 217.93, 221.93, 225.93, 230.93, 234.93, 238.93, 250.93, 284.93, 271.93, 222.93, 229.93, 246.93, 248.93, 246.93, 239.93, 233.93, 228.93, 225.93, 220.93, 216.93, 213.93, 212.93, 208.93, 201.93, 200.93, 200.93, 199.93, 197.93, 192.93, 191.93, 192.93, 193.93, 193.93, 193.93, 195.93, 196.93, 197.93, 199.93, 201.93, 204.93, 211.93, 221.93, 237.93, 237.93, 212.93, 204.93, 212.93, 210.93, 203.93, 195.93, 191.93, 185.93, 183.93, 181.93, 178.93, 175.93, 172.93, 170.93]","[207.20721698113204, 212.70021034180542, 214.71950712049286, 215.77421273604855, 218.05706681576387, 220.38026225196379, 230.67135188640856, 232.0332061365212, 240.07626234648498, 247.3831880354027, 262.28229165971356, 270.94643406143547, 267.7286902225181, 267.81335082449175, 258.5529458478478, 250.9980169779404, 245.7914500491387, 240.12150291124243, 236.1246008269179, 235.35090744633473, 228.94314558933164, 223.21885393870633, 217.75404528280637, 214.2470457072487, 212.71297041882576, 209.22068622824204, 205.7256377910124, 203.12445934291287, 200.55952883977636, 198.7343753199006, 197.20483929452433, 195.32762720431845, 193.94381177023115, 193.23488747493874, 192.95906945938208, 193.14032290519745, 193.2566409320523, 194.58518863855215, 195.79603164225801, 196.7522097591633, 198.61973132113576, 200.17645671683096, 202.0711173796313, 205.4365469353314, 209.5667025103235, 216.87454699082286, 286.40892094818753, 324.94170041376475, 282.85478325116856, 256.3832090930494, 236.52921619757547, 221.6385211246431, 209.75385607491805, 201.05218953168986, 193.49754426257394, 188.2911502764772, 184.41259999143253, 181.386183350431, 178.01097310153332, 175.30757111869895, 173.21442579010878]"
