id,fecha,imagen_path,angulo,ultrasonico,infrarrojo,kalman
175,2025-12-06T16:48:11.110119,,"[0, 3, 6, 9, 12, 15, 18, 21, 24, 27, 30, 33, 36, 39, 42, 45, 48, 51, 54, 57, 60, 63, 66, 69, 72, 75, 78, 81, 84, 87, 90, 93, 96, 99, 102, 105, 108, 111, 114, 117, 120, 123, 126, 129, 132, 135, 138, 141, 144, 147, 150, 153, 156, 159, 162, 165, 168, 171, 174, 177, 180]","[179.0, 175.0, 175.0, 179.0, 182.0, 186.0, 187.0, 197.0, 313.0, 299.0, 315.0, 318.0, 314.0, 283.0, 287.0, 291.0, 291.0, 287.0, 296.0, 297.0, 298.0, 308.0, 309.0, 310.0, 311.0, 209.0, 204.0, 196.0, 191.0, 192.0, 192.0, 198.0, 198.0, 439.0, 367.0, 558.0, 308.0, 295.0, 286.0, 286.0, 277.0, 281.0, 281.0, 276.0, 285.0, 281.0, 282.0, 286.0, 300.0, 304.0, 552.0, 528.0, 198.0, 202.0, 201.0, 200.0, 199.0, 203.0, 220.0, 317.0, 224.0]","[172.93, 172.93, 173.93, 173.93, 175.93, 180.93, 182.93, 188.93, 192.93, 199.93, 206.93, 218.93, 227.93, 250.93, 290.93, 297.93, 269.93, 227.93, 218.93, 239.93, 241.93, 234.93, 227.93, 220.93, 213.93, 205.93, 199.93, 193.93, 183.93, 179.93, 177.93, 180.93, 183.93, 186.93, 191.93, 195.93, 199.93, 206.93, 212.93, 218.93, 229.93, 248.93, 283.93, 318.93, 263.93, 220.93, 222.93, 239.93, 238.93, 234.93, 228.93, 221.93, 214.93, 203.93, 197.93, 193.93, 193.93, 189.93, 185.93, 180.93, 177.93]","[167.66476415094337, 171.03851007887818, 172.49064134935864, 174.01742672853482, 175.84184539225186, 178.6056192152584, 180.89512623303182, 185.22800276656653, 209.5155153729335, 223.83263104930353, 237.13746281766413, 248.3614431685672, 256.45953254209616, 260.22323292080443, 270.52023038516614, 279.09863970732647, 279.58814896224993, 271.66236113552327, 266.57604844722573, 267.25277967200003, 268.22445315391263, 269.38540360030885, 269.0556620423983, 267.769280184427, 265.8689816565467, 244.94531313449247, 229.54729061328044, 217.15792323008301, 206.52020872227996, 199.15614960491175, 194.0720628390937, 192.42154770384468, 191.89972846361067, 235.27227839456884, 251.10465542632687, 296.1950765691692, 281.06583197788603, 270.2819810736936, 262.82414002999656, 259.1128997007856, 257.0894968812273, 259.9109554871137, 267.9911126565956, 278.5503558998303, 277.0867462246327, 267.72843291121535, 262.26019253428444, 262.512695143914, 265.0034109840477, 266.60180902099097, 310.9767347710981, 333.9010151482433, 288.24609809503124, 257.69349916759086, 236.8326985804341, 222.54979378562524, 213.20471896319364, 207.20758793340076, 205.6876486920093, 221.1920873858166, 213.94558022099915]"
