id,fecha,imagen_path,angulo,ultrasonico,infrarrojo,kalman
176,2025-12-06T16:49:50.709730,,"[0, 3, 6, 9, 12, 15, 18, 21, 24, 27, 30, 33, 36, 39, 42, 45, 48, 51, 54, 57, 60, 63, 66, 69, 72, 75, 78, 81, 84, 87, 90, 93, 96, 99, 102, 105, 108, 111, 114, 117, 120, 123, 126, 129, 132, 135, 138, 141, 144, 147, 150, 153, 156, 159, 162, 165, 168, 171, 174, 177, 180]","[165.0, 165.0, 165.0, 165.0, 165.0, 166.0, 171.0, 172.0, 183.0, 187.0, 286.0, 209.0, 209.0, 267.0, 254.0, 225.0, 230.0, 276.0, 219.0, 212.0, 198.0, 202.0, 201.0, 200.0, 196.0, 196.0, 190.0, 190.0, 190.0, 195.0, 190.0, 191.0, 186.0, 187.0, 191.0, 200.0, 199.0, 196.0, 191.0, 193.0, 198.0, 198.0, 199.0, 209.0, 209.0, 232.0, 229.0, 243.0, 277.0, 272.0, 272.0, 272.0, 260.0, 242.0, 282.0, 226.0, 221.0, 221.0, 215.0, 215.0, 210.0]","[166.93, 165.93, 165.93, 165.93, 166.93, 167.93, 168.93, 171.93, 175.93, 181.93, 185.93, 190.93, 200.93, 211.93, 234.93, 248.93, 251.93, 226.93, 211.93, 218.93, 226.93, 221.93, 215.93, 210.93, 206.93, 205.93, 202.93, 199.93, 197.93, 195.93, 194.93, 193.93, 192.93, 192.93, 193.93, 194.93, 193.93, 193.93, 193.93, 193.93, 195.93, 195.93, 195.93, 199.93, 202.93, 208.93, 210.93, 213.93, 221.93, 237.93, 270.93, 279.93, 246.93, 227.93, 228.93, 238.93, 240.93, 237.93, 233.93, 229.93, 227.93]","[158.13646226415094, 162.0608588957055, 163.50351883648116, 164.2570393476476, 164.88685019027173, 165.64028316388286, 167.19726958777025, 168.9088025847354, 172.6937914131447, 176.91236285560345, 198.0714061616595, 198.74983995970823, 200.97652144406106, 214.76544629651076, 225.40557946350958, 229.5468363009765, 233.63748269554262, 240.0243275282349, 231.22576151089504, 225.5793491267451, 220.88103418992037, 217.68679742541573, 214.3830186822949, 211.18807098003467, 207.7047072007075, 205.29015607930296, 202.12847711160683, 199.56210721236306, 197.55690118622277, 196.80746175161661, 195.25174195885057, 194.25337055786025, 192.53790055995623, 191.6161394587923, 191.9202501731261, 193.90669876956306, 194.82322955041698, 194.8740198871109, 194.010970277488, 193.81537229285834, 194.94375026003488, 195.66787827921837, 196.31171073899333, 199.23268833303604, 201.64458994792932, 208.3871443100944, 212.53499874953062, 218.2420422795854, 229.42790322496452, 238.57676144756226, 250.35922185634956, 259.5326856991369, 257.358891368101, 249.336110275017, 251.53183141159587, 244.7009947320955, 239.77997064477083, 236.08455433215693, 231.9217610384965, 228.5338048135442, 225.10570805806623]"
