id,fecha,imagen_path,angulo,ultrasonico,infrarrojo,kalman
177,2025-12-06T16:50:20.868128,,"[0, 3, 6, 9, 12, 15, 18, 21, 24, 27, 30, 33, 36, 39, 42, 45, 48, 51, 54, 57, 60, 63, 66, 69, 72, 75, 78, 81, 84, 87, 90, 93, 96, 99, 102, 105, 108, 111, 114, 117, 120, 123, 126, 129, 132, 135, 138, 141, 144, 147, 150, 153, 156, 159, 162, 165, 168, 171, 174, 177, 180]","[165.0, 165.0, 165.0, 170.0, 171.0, 171.0, 176.0, 176.0, 187.0, 192.0, 282.0, 201.0, 213.0, 267.0, 250.0, 242.0, 264.0, 224.0, 213.0, 208.0, 202.0, 201.0, 201.0, 195.0, 195.0, 190.0, 190.0, 190.0, 190.0, 190.0, 190.0, 191.0, 186.0, 191.0, 191.0, 204.0, 199.0, 196.0, 197.0, 193.0, 198.0, 198.0, 199.0, 204.0, 213.0, 210.0, 300.0, 286.0, 281.0, 281.0, 281.0, 281.0, 273.0, 268.0, 233.0, 228.0, 222.0, 221.0, 216.0, 211.0, 211.0]","[166.93, 166.93, 166.93, 166.93, 166.93, 165.93, 168.93, 170.93, 176.93, 181.93, 188.93, 188.93, 195.93, 215.93, 243.93, 248.93, 249.93, 214.93, 214.93, 224.93, 223.93, 218.93, 215.93, 210.93, 206.93, 203.93, 200.93, 198.93, 196.93, 195.93, 193.93, 191.93, 189.93, 191.93, 192.93, 193.93, 191.93, 187.93, 186.93, 190.93, 195.93, 196.93, 197.93, 199.93, 202.93, 207.93, 208.93, 213.93, 221.93, 231.93, 256.93, 287.93, 260.93, 231.93, 229.93, 239.93, 242.93, 238.93, 234.93, 231.93, 224.93]","[158.13646226415094, 162.328606485539, 163.86969397030603, 165.63502183215982, 166.8629519679734, 167.44377429704096, 169.2515181441042, 170.76408546753788, 174.7802415420758, 179.1470211879022, 199.32621402701147, 197.76368518025424, 200.1645394677082, 214.96088808989768, 226.42665003415934, 233.24729443594728, 241.74434784229058, 233.7626005685572, 226.66995947783045, 223.0139553224768, 219.4138409412917, 216.02872212347117, 213.31896141006337, 209.60957635550545, 206.51259143929659, 203.09209453491385, 200.3596301842582, 198.24783430128642, 196.53434770917931, 195.25560187419546, 194.0767188445653, 193.14105079910445, 191.28669142023074, 191.3505718186391, 191.57069536552308, 194.2197609719808, 194.6658772796, 193.69826754990467, 193.07731133019027, 192.6788173765139, 194.21437474561824, 195.378935848594, 196.48454169078417, 198.44795736436572, 201.8575099277939, 204.40382204627645, 222.33861798606335, 232.2359784603328, 239.1249209809122, 245.33713554515197, 253.80199683711692, 264.7872498236868, 265.56744530882133, 259.97775117429524, 249.76284223895988, 244.10314567515545, 239.9336918921387, 236.36233256381075, 232.45828068551484, 228.51985466633954, 224.73849808719763]"
