id,fecha,imagen_path,angulo,ultrasonico,infrarrojo,kalman
178,2025-12-06T16:50:53.214342,,"[0, 3, 6, 9, 12, 15, 18, 21, 24, 27, 30, 33, 36, 39, 42, 45, 48, 51, 54, 57, 60, 63, 66, 69, 72, 75, 78, 81, 84, 87, 90, 93, 96, 99, 102, 105, 108, 111, 114, 117, 120, 123, 126, 129, 132, 135, 138, 141, 144, 147, 150, 153, 156, 159, 162, 165, 168, 171, 174, 177, 180]","[241.0, 240.0, 245.0, 245.0, 246.0, 251.0, 252.0, 262.0, 262.0, 264.0, 268.0, 279.0, 319.0, 323.0, 320.0, 319.0, 320.0, 226.0, 199.0, 221.0, 210.0, 206.0, 207.0, 207.0, 193.0, 188.0, 186.0, 182.0, 181.0, 181.0, 175.0, 175.0, 175.0, 175.0, 175.0, 175.0, 176.0, 176.0, 176.0, 182.0, 183.0, 183.0, 188.0, 185.0, 195.0, 200.0, 205.0, 230.0, 212.0, 222.0, 231.0, 219.0, 401.0, 154.0, 152.0, 152.0, 147.0, 142.0, 141.0, 140.0, 144.0]","[239.93, 233.93, 228.93, 229.93, 234.93, 240.93, 245.93, 252.93, 255.93, 263.93, 271.93, 301.93, 284.93, 230.93, 242.93, 254.93, 257.93, 249.93, 241.93, 233.93, 229.93, 224.93, 217.93, 211.93, 205.93, 200.93, 194.93, 195.93, 192.93, 189.93, 187.93, 184.93, 182.93, 180.93, 179.93, 177.93, 176.93, 176.93, 174.93, 175.93, 176.93, 180.93, 183.93, 186.93, 190.93, 197.93, 213.93, 219.93, 199.93, 187.93, 189.93, 185.93, 174.93, 165.93, 160.93, 155.93, 152.93, 149.93, 146.93, 143.93, 140.93]","[229.1223113207547, 233.3220333041192, 234.86590647409352, 235.8643714701565, 237.56085418888335, 240.60777628251194, 243.61654757612598, 248.58790317533604, 252.30867439697676, 256.4860740199709, 261.315683539918, 271.7592544240886, 282.58095072135677, 280.56897401099394, 280.88998340861986, 283.06640773000856, 285.1796245167253, 268.2646230909936, 251.14004429759794, 242.65828006146972, 234.52824054155857, 227.6986902626598, 222.24110539635666, 217.6639689230991, 211.14405054566504, 205.1686544342774, 199.90095893344062, 195.98306886568656, 192.7522774322689, 190.14155513112658, 187.0331135782461, 184.50090838678202, 182.51762730318234, 180.88661411072468, 179.66079495566456, 178.5158772222419, 177.78113493326765, 177.30961963094694, 176.64877068532005, 177.4785773699917, 178.3693570981573, 179.65752338494553, 181.91722462670518, 183.36737079380586, 186.8057941061368, 191.16192165666862, 197.71913801823777, 207.48017431063604, 206.93735164474543, 206.23074173830832, 207.74769681175857, 205.8551306915959, 235.2716129016248, 208.2924487965439, 189.72487295753726, 176.9136277862991, 167.25907789433842, 159.6303133032631, 154.01809623384923, 149.69998327221404, 147.10799574976943]"
