id,fecha,imagen_path,angulo,ultrasonico,infrarrojo,kalman
182,2025-12-06T16:54:46.599981,,"[0, 3, 6, 9, 12, 15, 18, 21, 24, 27, 30, 33, 36, 39, 42, 45, 48, 51, 54, 57, 60, 63, 66, 69, 72, 75, 78, 81, 84, 87, 90, 93, 96, 99, 102, 105, 108, 111, 114, 117, 120, 123, 126, 129, 132, 135, 138, 141, 144, 147, 150, 153, 156, 159, 162, 165, 168, 171, 174, 177, 180]","[235.0, 230.0, 235.0, 230.0, 245.0, 241.0, 252.0, 248.0, 264.0, 259.0, 336.0, 340.0, 332.0, 327.0, 341.0, 346.0, 342.0, 278.0, 278.0, 251.0, 250.0, 248.0, 244.0, 233.0, 233.0, 232.0, 232.0, 227.0, 227.0, 226.0, 226.0, 226.0, 226.0, 226.0, 227.0, 227.0, 227.0, 233.0, 234.0, 243.0, 240.0, 240.0, 245.0, 250.0, 258.0, 254.0, 255.0, 256.0, 270.0, 283.0, 522.0, 319.0, 520.0, 524.0, 126.0, 522.0, 129.0, 423.0, 118.0, 122.0, 526.0]","[227.93, 227.93, 233.93, 233.93, 235.93, 238.93, 243.93, 247.93, 253.93, 264.93, 276.93, 291.93, 320.93, 316.93, 250.93, 243.93, 271.93, 282.93, 283.93, 276.93, 270.93, 266.93, 260.93, 250.93, 240.93, 239.93, 233.93, 235.93, 236.93, 236.93, 234.93, 233.93, 231.93, 230.93, 229.93, 228.93, 229.93, 231.93, 230.93, 237.93, 245.93, 256.93, 264.93, 225.93, 195.93, 197.93, 203.93, 197.93, 184.93, 167.93, 155.93, 145.93, 139.93, 134.93, 130.93, 129.93, 130.93, 130.93, 130.93, 130.93, 131.93]","[220.54683962264147, 225.05472392638035, 229.0427572972427, 230.1653629363322, 233.96335622666757, 236.13925148384723, 240.39676257409647, 243.11362929333754, 248.79723473187678, 253.51630483510607, 272.4882557617627, 288.06503475370863, 301.822442617609, 309.0387374804541, 304.35495303132706, 300.99092565022073, 303.1311844820226, 295.01085001460575, 289.9788173385855, 280.6591699168498, 273.4244555410049, 267.7068597417216, 262.2463480976959, 254.98040161205805, 248.5262476133539, 244.0260855725044, 240.06336793893294, 236.98293753937935, 235.18522343261117, 233.85242522765438, 232.6388544987435, 231.68092588483773, 230.70792487840518, 229.9043800629064, 229.38871125998912, 228.87865592432192, 228.73046055826688, 230.0683875818476, 230.9269921217978, 234.34405564207225, 237.4325742145001, 241.38502426205372, 246.25015336373934, 243.28193445674793, 237.43626917665466, 233.32660016239674, 231.94315267385272, 230.1596917963403, 229.19429806284373, 227.85824880292475, 267.6630834413395, 255.05310361674245, 281.8908575413133, 298.93465418939905, 237.86261020675227, 269.4259582408337, 219.4630143019475, 240.06353593930163, 198.64948541643952, 172.78884711585647, 228.74013606130046]"
