id,fecha,imagen_path,angulo,ultrasonico,infrarrojo,kalman
185,2025-12-06T16:55:54.230800,,"[0, 3, 6, 9, 12, 15, 18, 21, 24, 27, 30, 33, 36, 39, 42, 45, 48, 51, 54, 57, 60, 63, 66, 69, 72, 75, 78, 81, 84, 87, 90, 93, 96, 99, 102, 105, 108, 111, 114, 117, 120, 123, 126, 129, 132, 135, 138, 141, 144, 147, 150, 153, 156, 159, 162, 165, 168, 171, 174, 177, 180]","[225.0, 225.0, 230.0, 229.0, 230.0, 230.0, 241.0, 241.0, 248.0, 248.0, 303.0, 303.0, 311.0, 307.0, 311.0, 307.0, 307.0, 312.0, 317.0, 236.0, 211.0, 210.0, 214.0, 205.0, 205.0, 210.0, 206.0, 214.0, 211.0, 155.0, 164.0, 162.0, 153.0, 148.0, 147.0, 142.0, 142.0, 142.0, 141.0, 141.0, 141.0, 141.0, 142.0, 142.0, 143.0, 142.0, 143.0, 148.0, 158.0, 159.0, 156.0, 156.0, 154.0, 158.0, 152.0, 147.0, 142.0, 146.0, 141.0, 140.0, 135.0]","[223.93, 227.93, 230.93, 230.93, 230.93, 231.93, 233.93, 235.93, 236.93, 239.93, 251.93, 264.93, 292.93, 311.93, 280.93, 225.93, 224.93, 237.93, 251.93, 245.93, 235.93, 222.93, 214.93, 206.93, 203.93, 199.93, 191.93, 185.93, 181.93, 175.93, 169.93, 163.93, 159.93, 154.93, 150.93, 147.93, 145.93, 144.93, 143.93, 142.93, 141.93, 140.93, 140.93, 139.93, 139.93, 140.93, 140.93, 140.93, 141.93, 144.93, 149.93, 156.93, 160.93, 158.93, 153.93, 151.93, 149.93, 146.93, 143.93, 139.93, 139.93]","[213.87702830188678, 220.61782646801052, 224.79101504898495, 226.77864758788843, 228.13799079973802, 229.16292265893728, 232.151840130284, 234.41815565106484, 237.3034006655836, 239.69078786596444, 253.22559730117774, 264.2388617618331, 277.7548602150472, 289.11536993017904, 291.5693117238906, 282.5754869687245, 276.62465017730494, 276.03006776978447, 279.0519464427252, 265.4070089236848, 250.38096644897965, 238.2303146426518, 229.71621075184424, 221.20715970352597, 215.2091542566126, 211.53910845023861, 207.03433891784644, 204.50169473909733, 201.62248801504313, 188.66879423962052, 180.89324566648017, 174.47031594867988, 168.0197752189027, 162.08890168543175, 157.3871645653096, 152.93683008026747, 149.72260404178343, 147.48077002690835, 145.68383244791937, 144.35153257376646, 143.31741042961906, 142.47464158664766, 142.1129298457536, 141.70167528926248, 141.61688457537164, 141.56247077655513, 141.70667991779743, 142.6948689663382, 145.2994484403723, 147.687432741472, 149.57816116036173, 152.0454233045583, 153.98702767916217, 155.59129515909402, 154.65040503861897, 152.7926944326332, 150.3466212199395, 148.9560010359815, 146.63055078123745, 144.24256675900193, 141.81445216482783]"
