id,fecha,imagen_path,angulo,ultrasonico,infrarrojo,kalman
189,2025-12-06T16:58:40.674448,,"[0, 3, 6, 9, 12, 15, 18, 21, 24, 27, 30, 33, 36, 39, 42, 45, 48, 51, 54, 57, 60, 63, 66, 69, 72, 75, 78, 81, 84, 87, 90, 93, 96, 99, 102, 105, 108, 111, 114, 117, 120, 123, 126, 129, 132, 135, 138, 141, 144, 147, 150, 153, 156, 159, 162, 165, 168, 171, 174, 177, 180]","[233.0, 233.0, 233.0, 233.0, 238.0, 243.0, 245.0, 241.0, 638.0, 539.0, 236.0, 230.0, 230.0, 224.0, 223.0, 223.0, 218.0, 218.0, 218.0, 218.0, 218.0, 218.0, 218.0, 218.0, 219.0, 224.0, 224.0, 225.0, 230.0, 232.0, 236.0, 247.0, 256.0, 279.0, 284.0, 297.0, 302.0, 306.0, 315.0, 319.0, 324.0, 316.0, 330.0, 330.0, 590.0, 327.0, 377.0, 364.0, 331.0, 332.0, 186.0, 173.0, 340.0, 166.0, 152.0, 160.0, 147.0, 154.0, 146.0, 146.0, 140.0]","[233.93, 233.93, 233.93, 233.93, 234.93, 236.93, 241.93, 244.93, 248.93, 245.93, 239.93, 241.93, 244.93, 240.93, 234.93, 232.93, 229.93, 228.93, 226.93, 220.93, 217.93, 219.93, 218.93, 217.93, 218.93, 219.93, 219.93, 217.93, 219.93, 219.93, 225.93, 227.93, 229.93, 210.93, 173.93, 157.93, 170.93, 227.93, 350.93, 443.93, 507.93, 504.93, 490.93, 635.93, 939.93, 1095.93, 831.93, 340.93, 235.93, 208.93, 193.93, 183.93, 178.93, 170.93, 165.93, 161.93, 158.93, 154.93, 151.93, 149.93, 148.93]","[222.4525, 228.34964066608237, 230.51750732249266, 231.64981296494415, 233.4254141766959, 235.79634026199167, 238.55721445421068, 240.13953345148727, 313.0431169241102, 341.50636990090203, 304.4066494541338, 279.8854838040699, 264.6876602192443, 253.14353436705161, 244.4813562071804, 238.56423667189685, 233.33394602013297, 229.79832040180608, 227.17110255117817, 224.41033284798692, 222.1012435214913, 220.97766053096035, 220.07748087314366, 219.3206686088771, 219.19324763744223, 220.18624890232908, 220.82349994737993, 221.05332219707205, 222.45471037942184, 223.71229820712423, 226.3106335237234, 230.30676974678187, 234.8416765514174, 238.46843380532496, 235.0637567083668, 232.34144459883896, 233.81873953453933, 245.6936382467629, 276.9592641950476, 314.3992351028775, 350.78593917888054, 372.1664144584339, 385.88717262967407, 420.6660391152789, 544.0137480216943, 604.0044265644347, 604.1694304840345, 513.9944129875541, 431.4055057933893, 373.7473513544597, 307.9059328420275, 261.5327388488016, 260.79195575447835, 227.71512498695262, 203.08487230660936, 187.99510922657913, 175.44530743590008, 167.9289534866444, 161.13497360249187, 156.41673086934213, 152.13493281682628]"
