id,fecha,imagen_path,angulo,ultrasonico,infrarrojo,kalman
19,2025-12-06T13:17:58.168454,,"[0, 3, 6, 9, 12, 15, 18, 21, 24, 27, 30, 33, 36, 39, 42, 45, 48, 51, 54, 57, 60, 63, 66, 69, 72, 75, 78, 81, 84, 87, 90, 93, 96, 99, 102, 105, 108, 111, 114, 117, 120, 123, 126, 129, 132, 135, 138, 141, 144, 147, 150, 153, 156, 159, 162, 165, 168, 171, 174, 177, 180]","[181.0, 181.0, 181.0, 181.0, 186.0, 186.0, 192.0, 187.0, 199.0, 199.0, 210.0, 268.0, 268.0, 250.0, 250.0, 250.0, 205.0, 216.0, 213.0, 207.0, 191.0, 190.0, 195.0, 185.0, 184.0, 188.0, 184.0, 188.0, 183.0, 184.0, 179.0, 184.0, 184.0, 184.0, 188.0, 188.0, 189.0, 189.0, 189.0, 190.0, 191.0, 191.0, 197.0, 202.0, 224.0, 233.0, 258.0, 237.0, 254.0, 241.0, 267.0, 242.0, 237.0, 222.0, 225.0, 220.0, 210.0, 214.0, 213.0, 208.0, 207.0]","[183.93, 181.93, 183.93, 185.93, 186.93, 188.93, 191.93, 193.93, 198.93, 202.93, 209.93, 215.93, 214.93, 232.93, 257.93, 223.93, 218.93, 225.93, 228.93, 224.93, 217.93, 212.93, 209.93, 204.93, 199.93, 197.93, 194.93, 193.93, 191.93, 186.93, 183.93, 182.93, 187.93, 187.93, 181.93, 183.93, 188.93, 188.93, 188.93, 189.93, 192.93, 194.93, 196.93, 198.93, 202.93, 200.93, 208.93, 216.93, 224.93, 239.93, 261.93, 263.93, 235.93, 228.93, 235.93, 238.93, 234.93, 231.93, 229.93, 225.93, 220.93]","[173.85816037735847, 177.93158632778264, 179.85282698717302, 181.24047551812504, 183.1670199977698, 184.72525215141079, 187.33170929988432, 188.45650662663252, 192.22439088049214, 195.35685461598533, 200.5910726924063, 215.41445776852285, 224.74748534434352, 230.73672061566094, 239.0584613514682, 238.30846172057213, 228.87071064709042, 226.03842916151837, 224.22083454861226, 221.263119186664, 215.2450657154237, 210.3082528244124, 207.4983481211492, 203.0081812794053, 199.05187799248978, 196.871207876572, 194.21787784327557, 193.0525097332312, 191.05074207663802, 189.04960769641895, 186.33236457751482, 185.30510951311547, 185.5415202750801, 185.6932350920606, 185.43233935795757, 185.62316906494166, 186.82040529340082, 187.58872258054015, 188.0817843837875, 188.75646063328793, 189.9059441484371, 191.00187406276928, 193.13820906763763, 195.76308737926806, 202.10493157019468, 207.4286635683948, 216.756378176951, 220.4136942191761, 227.23896872393124, 231.9772945429682, 243.61626093849284, 246.96551747251684, 243.20362760436706, 236.84862999263925, 234.5616462269172, 232.735734137083, 229.05616588819632, 226.8739596016967, 224.93615888129304, 222.08043087441786, 219.1730163339395]"
