id,fecha,imagen_path,angulo,ultrasonico,infrarrojo,kalman
191,2025-12-06T16:59:20.407397,,"[0, 3, 6, 9, 12, 15, 18, 21, 24, 27, 30, 33, 36, 39, 42, 45, 48, 51, 54, 57, 60, 63, 66, 69, 72, 75, 78, 81, 84, 87, 90, 93, 96, 99, 102, 105, 108, 111, 114, 117, 120, 123, 126, 129, 132, 135, 138, 141, 144, 147, 150, 153, 156, 159, 162, 165, 168, 171, 174, 177, 180]","[287.0, 287.0, 287.0, 287.0, 288.0, 288.0, 299.0, 300.0, 280.0, 280.0, 274.0, 264.0, 264.0, 258.0, 257.0, 257.0, 257.0, 252.0, 256.0, 257.0, 257.0, 257.0, 257.0, 258.0, 262.0, 264.0, 264.0, 270.0, 270.0, 276.0, 281.0, 372.0, 367.0, 362.0, 354.0, 357.0, 362.0, 358.0, 362.0, 358.0, 358.0, 358.0, 368.0, 372.0, 374.0, 374.0, 392.0, 699.0, 698.0, 703.0, 202.0, 190.0, 168.0, 162.0, 161.0, 161.0, 151.0, 150.0, 145.0, 145.0, 140.0]","[286.93, 286.93, 286.93, 285.93, 285.93, 286.93, 292.93, 303.93, 286.93, 276.93, 283.93, 285.93, 283.93, 278.93, 272.93, 268.93, 266.93, 259.93, 257.93, 250.93, 246.93, 242.93, 243.93, 246.93, 251.93, 251.93, 247.93, 247.93, 230.93, 193.93, 166.93, 175.93, 209.93, 288.93, 368.93, 387.93, 451.93, 461.93, 440.93, 457.93, 455.93, 464.93, 443.93, 435.93, 527.93, 888.93, 939.93, 419.93, 255.93, 211.93, 197.93, 188.93, 181.93, 173.93, 168.93, 163.93, 159.93, 155.93, 151.93, 149.93, 147.93]","[273.4289150943396, 280.67742331288343, 283.3420704979295, 284.54177176374, 285.43533767537116, 286.171191516857, 289.69716267849674, 294.10110471416516, 290.2874646374181, 286.0505240266992, 283.51172276435364, 280.4496164834357, 278.1263978755175, 274.66509479798725, 271.1899482885981, 268.24329337363554, 265.9940456986274, 262.40106314232395, 260.45355214564955, 258.12897911248285, 255.92068689343608, 253.78701696489335, 252.59687923722507, 252.54963250216446, 254.1314713312711, 255.50486199504417, 255.66970991834813, 256.85027253383066, 254.56270031525605, 247.54167583256213, 239.09515325197964, 251.58753979662322, 264.7991690582613, 286.53316220288286, 313.3780602899175, 334.5464036993845, 360.4909139963252, 378.2153798010173, 386.54473222520033, 394.21870529614466, 398.7851618568223, 403.32780985159457, 404.27260318446, 404.1624020152263, 420.92978701533025, 496.3556207124532, 557.1194646996644, 557.9597704755287, 528.9427808631131, 503.3353248181562, 394.65060959171774, 321.14131180391917, 268.77254161921843, 232.6574767718923, 208.40613457045788, 191.94737535937608, 178.87728823370043, 169.5940148310259, 162.0243853318264, 156.8083753294966, 152.20713889983162]"
