id,fecha,imagen_path,angulo,ultrasonico,infrarrojo,kalman
193,2025-12-06T17:00:29.199148,,"[0, 3, 6, 9, 12, 15, 18, 21, 24, 27, 30, 33, 36, 39, 42, 45, 48, 51, 54, 57, 60, 63, 66, 69, 72, 75, 78, 81, 84, 87, 90, 93, 96, 99, 102, 105, 108, 111, 114, 117, 120, 123, 126, 129, 132, 135, 138, 141, 144, 147, 150, 153, 156, 159, 162, 165, 168, 171, 174, 177, 180]","[286.0, 286.0, 286.0, 286.0, 292.0, 292.0, 298.0, 303.0, 310.0, 312.0, 317.0, 355.0, 350.0, 870.0, 629.0, 349.0, 235.0, 216.0, 212.0, 200.0, 205.0, 195.0, 199.0, 194.0, 189.0, 188.0, 188.0, 188.0, 188.0, 187.0, 188.0, 188.0, 188.0, 189.0, 189.0, 195.0, 195.0, 201.0, 201.0, 206.0, 263.0, 242.0, 259.0, 246.0, 222.0, 222.0, 298.0, 367.0, 587.0, 465.0, 753.0, 812.0, 148.0, 142.0, 137.0, 137.0, 127.0, 127.0, 117.0, 117.0, 125.0]","[282.93, 282.93, 282.93, 281.93, 281.93, 283.93, 257.93, 240.93, 232.93, 255.93, 335.93, 454.93, 561.93, 393.93, 289.93, 269.93, 252.93, 245.93, 236.93, 229.93, 222.93, 213.93, 208.93, 202.93, 200.93, 194.93, 194.93, 191.93, 191.93, 188.93, 188.93, 188.93, 188.93, 186.93, 189.93, 191.93, 191.93, 188.93, 180.93, 167.93, 152.93, 170.93, 296.93, 601.93, 362.93, 246.93, 209.93, 191.93, 178.93, 167.93, 157.93, 150.93, 145.93, 141.93, 136.93, 133.93, 131.93, 130.93, 130.93, 130.93, 130.93]","[271.04683962264147, 278.23219982471517, 280.87363296636704, 282.06120922797504, 283.8694830859984, 285.35431227037486, 282.6940088741489, 278.8424797134953, 276.1972394627761, 278.9810532515134, 295.9949400849996, 335.03656037592793, 378.3611273536046, 469.21753096875284, 465.72359872792526, 409.7426792387299, 350.35152986017926, 307.58038970036006, 277.8036687174747, 255.29123890851076, 240.48580070718435, 227.58107608916325, 219.12043803998333, 211.72047100066322, 205.71769668078792, 200.6115602079716, 197.33473577830165, 194.69447215043746, 193.00010295279688, 191.19623920675565, 190.2177520868296, 189.58981538427298, 189.18684175857192, 188.74910769983765, 189.00558153531443, 190.60320195583645, 191.62846276752572, 192.82380248696347, 192.1578724258116, 190.2974865718397, 196.62700699164301, 200.15154245553154, 228.0288026294606, 298.22442847563707, 296.16106962827166, 274.0579856758167, 266.859521463689, 271.37552956643657, 311.3533020252643, 313.1846065176886, 364.1576344735368, 406.18388613097756, 313.316758018341, 251.9286936618947, 210.74208019034944, 183.77349640263068, 164.31706647846454, 151.65192106524353, 141.7328720175933, 135.36739737346173, 132.71543248200484]"
