id,fecha,imagen_path,angulo,ultrasonico,infrarrojo,kalman
194,2025-12-06T17:01:10.908695,,"[0, 3, 6, 9, 12, 15, 18, 21, 24, 27, 30, 33, 36, 39, 42, 45, 48, 51, 54, 57, 60, 63, 66, 69, 72, 75, 78, 81, 84, 87, 90, 93, 96, 99, 102, 105, 108, 111, 114, 117, 120, 123, 126, 129, 132, 135, 138, 141, 144, 147, 150, 153, 156, 159, 162, 165, 168, 171, 174, 177, 180]","[287.0, 287.0, 287.0, 287.0, 292.0, 292.0, 294.0, 294.0, 305.0, 301.0, 313.0, 359.0, 355.0, 356.0, 335.0, 691.0, 633.0, 203.0, 373.0, 201.0, 201.0, 200.0, 195.0, 189.0, 194.0, 189.0, 188.0, 187.0, 187.0, 187.0, 187.0, 188.0, 188.0, 188.0, 189.0, 189.0, 190.0, 194.0, 195.0, 200.0, 206.0, 211.0, 908.0, 222.0, 224.0, 224.0, 698.0, 543.0, 282.0, 545.0, 576.0, 200.0, 165.0, 164.0, 167.0, 158.0, 148.0, 152.0, 138.0, 147.0, 138.0]","[284.93, 279.93, 281.93, 276.93, 275.93, 272.93, 271.93, 263.93, 231.93, 219.93, 269.93, 353.93, 505.93, 428.93, 296.93, 271.93, 250.93, 247.93, 236.93, 232.93, 218.93, 216.93, 208.93, 207.93, 202.93, 201.93, 196.93, 196.93, 194.93, 191.93, 186.93, 187.93, 187.93, 189.93, 189.93, 188.93, 189.93, 190.93, 190.93, 187.93, 172.93, 151.93, 161.93, 250.93, 573.93, 511.93, 281.93, 234.93, 215.93, 200.93, 190.93, 182.93, 173.93, 166.93, 160.93, 156.93, 152.93, 148.93, 145.93, 142.93, 141.93]","[272.4760849056604, 278.36059596844876, 280.94761539238465, 281.3384527778469, 282.30699260743717, 282.36427816937015, 282.58055030238296, 281.28263009514086, 276.6867908162508, 270.8732175558642, 278.251421774229, 306.2736585708982, 350.7672128292597, 365.7059081319364, 347.8857788581056, 395.741626056596, 412.3015110740474, 345.3658977223679, 330.89196860678527, 290.0767677685941, 261.3761199907324, 242.4203105887696, 227.926889295306, 217.37194442900298, 210.5983884674167, 205.17673749557392, 200.62266131590314, 197.52098861522816, 195.17225606825727, 193.1275883807407, 190.91979444564865, 189.8612169691903, 189.1818828865716, 189.10418295076326, 189.2334483898554, 189.1372747221708, 189.43381356841596, 190.51975905208326, 191.395785130915, 192.3162258054253, 191.29475257829054, 187.77316931084923, 312.1572707222667, 285.0399417837057, 325.8544562449182, 340.94087730075125, 394.3298972951958, 392.4078822296255, 341.01838388059855, 352.46350092514376, 363.5700226344213, 301.91209552743106, 254.46192099702418, 222.5781003880398, 201.57951350241999, 185.77515511556288, 173.12502476534925, 165.0068993682055, 156.75196450399037, 152.52919524906005, 148.02797719646384]"
