id,fecha,imagen_path,angulo,ultrasonico,infrarrojo,kalman
197,2025-12-06T17:03:11.197228,,"[0, 3, 6, 9, 12, 15, 18, 21, 24, 27, 30, 33, 36, 39, 42, 45, 48, 51, 54, 57, 60, 63, 66, 69, 72, 75, 78, 81, 84, 87, 90, 93, 96, 99, 102, 105, 108, 111, 114, 117, 120, 123, 126, 129, 132, 135, 138, 141, 144, 147, 150, 153, 156, 159, 162, 165, 168, 171, 174, 177, 180]","[287.0, 287.0, 287.0, 287.0, 292.0, 293.0, 294.0, 294.0, 305.0, 306.0, 308.0, 350.0, 323.0, 631.0, 352.0, 856.0, 335.0, 394.0, 221.0, 211.0, 201.0, 200.0, 195.0, 195.0, 195.0, 189.0, 189.0, 188.0, 188.0, 188.0, 188.0, 188.0, 188.0, 189.0, 189.0, 195.0, 195.0, 200.0, 201.0, 202.0, 253.0, 482.0, 253.0, 1316.0, 243.0, 247.0, 589.0, 756.0, 758.0, 588.0, 581.0, 576.0, 602.0, 745.0, 903.0, 739.0, 597.0, 563.0, 567.0, 566.0, 426.0]","[281.93, 281.93, 281.93, 280.93, 280.93, 279.93, 279.93, 269.93, 237.93, 229.93, 272.93, 376.93, 564.93, 415.93, 324.93, 288.93, 270.93, 256.93, 247.93, 233.93, 226.93, 219.93, 215.93, 210.93, 207.93, 203.93, 200.93, 197.93, 195.93, 193.93, 192.93, 190.93, 189.93, 189.93, 189.93, 190.93, 191.93, 191.93, 189.93, 180.93, 154.93, 150.93, 208.93, 299.93, 391.93, 426.93, 448.93, 422.93, 374.93, 568.93, 845.93, 478.93, 303.93, 268.93, 242.93, 222.93, 205.93, 192.93, 181.93, 169.93, 162.93]","[271.0468396226415, 278.23219982471517, 280.87363296636704, 282.06120922797504, 283.6851079829313, 284.69295751280316, 285.5109392307084, 284.2380081977324, 279.65816837172764, 275.46756501941627, 280.8412687450939, 310.4435681766069, 358.27977803733825, 417.45921816688065, 389.1588265478705, 454.8297606368389, 400.42302309690854, 373.56873630479197, 323.7337640023435, 287.4534609982586, 261.12566305301095, 242.79696810418397, 229.42250790171343, 219.94390541280737, 213.32369766890008, 207.28394161576028, 202.87058753331306, 199.32183581906116, 196.686193699303, 194.6365327499634, 193.14204956588614, 191.82471872549547, 190.80020284545796, 190.32185631926052, 190.0148810569153, 191.07178349918775, 191.92917142604549, 193.37503756185126, 194.1237824252795, 193.1712534957813, 197.03819488413413, 239.82375181756703, 236.65003692264088, 441.32794701119485, 396.9531086644039, 375.46191465565755, 426.87298122623906, 485.122802691507, 514.2642605966779, 537.2646614551314, 600.3897664865151, 574.2639168890232, 530.8076617419149, 522.2658476959512, 540.4292027758861, 519.1257020174046, 476.97286488750507, 441.50254785196034, 417.48583889357315, 399.74462351217926, 362.0274014752958]"
