id,fecha,imagen_path,angulo,ultrasonico,infrarrojo,kalman
198,2025-12-06T17:03:52.709248,,"[0, 3, 6, 9, 12, 15, 18, 21, 24, 27, 30, 33, 36, 39, 42, 45, 48, 51, 54, 57, 60, 63, 66, 69, 72, 75, 78, 81, 84, 87, 90, 93, 96, 99, 102, 105, 108, 111, 114, 117, 120, 123, 126, 129, 132, 135, 138, 141, 144, 147, 150, 153, 156, 159, 162, 165, 168, 171, 174, 177, 180]","[239.0, 239.0, 239.0, 244.0, 245.0, 250.0, 251.0, 252.0, 259.0, 267.0, 308.0, 283.0, 308.0, 300.0, 317.0, 317.0, 678.0, 212.0, 207.0, 201.0, 201.0, 200.0, 195.0, 189.0, 189.0, 188.0, 184.0, 183.0, 183.0, 183.0, 182.0, 183.0, 183.0, 183.0, 183.0, 184.0, 180.0, 190.0, 195.0, 191.0, 197.0, 198.0, 215.0, 219.0, 211.0, 212.0, 217.0, 226.0, 227.0, 503.0, 498.0, 142.0, 475.0, 144.0, 121.0, 129.0, 115.0, 115.0, 110.0, 114.0, 113.0]","[238.93, 238.93, 238.93, 239.93, 241.93, 243.93, 245.93, 249.93, 251.93, 243.93, 246.93, 235.93, 297.93, 529.93, 389.93, 284.93, 261.93, 246.93, 237.93, 226.93, 223.93, 219.93, 213.93, 208.93, 203.93, 199.93, 196.93, 192.93, 190.93, 189.93, 187.93, 185.93, 184.93, 183.93, 183.93, 183.93, 185.93, 186.93, 188.93, 190.93, 198.93, 206.93, 198.93, 188.93, 182.93, 184.93, 176.93, 167.93, 155.93, 147.93, 141.93, 136.93, 132.93, 130.93, 130.93, 130.93, 130.93, 130.93, 130.93, 130.93, 130.93]","[227.69306603773583, 233.7291323400526, 235.94806989193012, 238.2595273430697, 240.1790464583389, 242.63929313148378, 244.73666663535718, 246.97253090367678, 250.01755738345003, 251.96981451040912, 261.10494818024176, 260.51739014641356, 275.7249320766736, 325.6092326539038, 335.58881271730996, 323.1845489653254, 375.7697928490797, 323.3549784782291, 287.21037577654045, 260.9696642106379, 243.5925007567724, 231.5451939690615, 221.84350946360934, 213.64711025814282, 207.4914891947443, 202.6455220508886, 198.2817578253277, 194.585701241604, 191.85552733689016, 189.92433011486335, 188.1476125615812, 186.8282887358737, 185.80249387259502, 184.96506899908815, 184.4276579253991, 184.26190722153774, 183.79728039248835, 185.46952627416238, 187.7965789039034, 188.9316897449295, 192.1679415214106, 195.85694066490393, 199.8364870041082, 201.3155580356473, 199.75693768784683, 199.29409123185908, 198.4596766679998, 197.92419743774042, 195.61014106280342, 242.13162721283538, 270.0160221732087, 223.24513027427085, 252.16363461221076, 211.07198055157806, 180.58176055206178, 162.44792294094017, 148.30286693153752, 139.22538430844236, 132.5043346232967, 128.90766700180157, 126.42040399591895]"
