id,fecha,imagen_path,angulo,ultrasonico,infrarrojo,kalman
199,2025-12-06T17:04:14.288518,,"[0, 3, 6, 9, 12, 15, 18, 21, 24, 27, 30, 33, 36, 39, 42, 45, 48, 51, 54, 57, 60, 63, 66, 69, 72, 75, 78, 81, 84, 87, 90, 93, 96, 99, 102, 105, 108, 111, 114, 117, 120, 123, 126, 129, 132, 135, 138, 141, 144, 147, 150, 153, 156, 159, 162, 165, 168, 171, 174, 177, 180]","[239.0, 239.0, 239.0, 239.0, 244.0, 244.0, 250.0, 251.0, 258.0, 258.0, 269.0, 280.0, 308.0, 300.0, 313.0, 601.0, 598.0, 212.0, 347.0, 201.0, 206.0, 200.0, 200.0, 189.0, 189.0, 188.0, 188.0, 183.0, 183.0, 182.0, 182.0, 183.0, 182.0, 183.0, 183.0, 184.0, 189.0, 189.0, 195.0, 195.0, 196.0, 196.0, 202.0, 207.0, 219.0, 210.0, 207.0, 217.0, 231.0, 503.0, 506.0, 352.0, 336.0, 127.0, 130.0, 130.0, 116.0, 115.0, 110.0, 118.0, 109.0]","[238.93, 238.93, 238.93, 238.93, 239.93, 241.93, 245.93, 243.93, 246.93, 248.93, 222.93, 215.93, 242.93, 347.93, 425.93, 306.93, 265.93, 251.93, 238.93, 227.93, 222.93, 215.93, 211.93, 205.93, 204.93, 201.93, 197.93, 194.93, 192.93, 190.93, 187.93, 186.93, 184.93, 183.93, 183.93, 184.93, 184.93, 186.93, 188.93, 189.93, 191.93, 198.93, 208.93, 207.93, 195.93, 187.93, 187.93, 177.93, 166.93, 155.93, 146.93, 141.93, 137.93, 132.93, 130.93, 129.93, 129.93, 129.93, 129.93, 129.93, 130.93]","[227.69306603773583, 233.7291323400526, 235.94806989193012, 237.107050543627, 238.89842040705426, 240.37275836902248, 243.10612048133083, 244.67088305827127, 247.46551112283362, 249.61561085641793, 248.30756710190062, 248.18483270378246, 257.9583933224538, 281.6059931598718, 313.0822753300445, 363.5546623306442, 388.0632005259876, 332.13982272773995, 318.10514431110425, 280.97527632034917, 257.1474659068717, 239.52747506539097, 227.50346428177056, 216.7419570618987, 209.65671248884294, 204.39329527962573, 200.29902198887308, 196.23852281836812, 193.27447064224467, 190.83492624038607, 188.73198073238115, 187.38243137086005, 185.9789819292693, 185.07832887353328, 184.50034159250416, 184.48768019947153, 185.37519877007216, 186.3030146641828, 188.3314637691123, 189.81233441261207, 191.30005829287762, 193.50869532495324, 197.79213197798418, 201.25751016560312, 203.4813903863427, 201.86335934363834, 200.28761381541827, 199.27639105028186, 199.1648328494452, 245.8458540376713, 274.7282733249449, 264.78187050230855, 254.81626608517809, 210.08735494905574, 181.56204358749235, 163.07701215867962, 148.70658017513375, 139.30533544186684, 132.37651387323433, 129.363025357231, 125.99611163469156]"
