id,fecha,imagen_path,angulo,ultrasonico,infrarrojo,kalman
200,2025-12-06T17:05:18.771765,,"[0, 3, 6, 9, 12, 15, 18, 21, 24, 27, 30, 33, 36, 39, 42, 45, 48, 51, 54, 57, 60, 63, 66, 69, 72, 75, 78, 81, 84, 87, 90, 93, 96, 99, 102, 105, 108, 111, 114, 117, 120, 123, 126, 129, 132, 135, 138, 141, 144, 147, 150, 153, 156, 159, 162, 165, 168, 171, 174, 177, 180]","[212.0, 212.0, 208.0, 208.0, 191.0, 191.0, 185.0, 185.0, 184.0, 179.0, 184.0, 185.0, 185.0, 180.0, 185.0, 186.0, 186.0, 196.0, 196.0, 231.0, 202.0, 212.0, 212.0, 194.0, 194.0, 188.0, 188.0, 187.0, 187.0, 187.0, 187.0, 187.0, 187.0, 188.0, 188.0, 188.0, 194.0, 194.0, 195.0, 195.0, 200.0, 206.0, 207.0, 256.0, 218.0, 210.0, 233.0, 246.0, 386.0, 597.0, 142.0, 239.0, 393.0, 135.0, 134.0, 134.0, 119.0, 119.0, 114.0, 114.0, 118.0]","[228.93, 228.93, 231.93, 226.93, 210.93, 202.93, 198.93, 193.93, 192.93, 189.93, 188.93, 187.93, 186.93, 186.93, 186.93, 185.93, 186.93, 192.93, 219.93, 230.93, 228.93, 224.93, 217.93, 213.93, 209.93, 204.93, 200.93, 197.93, 195.93, 193.93, 191.93, 190.93, 189.93, 188.93, 188.93, 188.93, 189.93, 190.93, 192.93, 195.93, 203.93, 209.93, 211.93, 197.93, 187.93, 188.93, 180.93, 169.93, 159.93, 151.93, 143.93, 139.93, 134.93, 132.93, 130.93, 129.93, 129.93, 129.93, 130.93, 129.93, 129.93]","[210.06570754716978, 215.63447852760734, 217.46973437026563, 217.46791561963525, 211.38246208307876, 206.15541286923983, 201.0465742969091, 196.88898885224614, 193.86851638075845, 190.49847961946458, 189.053250852904, 188.12593644107776, 187.35174605321683, 185.95927611781866, 185.9613267502709, 185.96264272199357, 186.14261614348487, 189.12417400271497, 195.87404332090958, 208.44564477731873, 210.9603819686861, 213.64896820653246, 214.12044655982467, 210.48218095312055, 207.43083640416103, 203.50224250559725, 200.26458197028657, 197.4703226904188, 195.3188703792774, 193.57993457453912, 192.1057281152273, 190.98053849421822, 190.0793277873066, 189.50098263785685, 189.12983401597862, 188.8916521972961, 189.99270231130743, 190.878421672328, 191.98421172205752, 193.23123047044191, 196.360169514636, 200.51768787873075, 203.72313017281505, 212.04970596763508, 208.7950412880881, 205.4524833729242, 205.99435390356203, 206.70035278440787, 230.44016423934823, 282.03815184596, 232.21414248353608, 216.89893859936404, 233.7607113624858, 198.00814236367881, 174.5268154833642, 159.27872291497462, 146.8064431583631, 138.8024520334242, 132.94943617617895, 129.0141787694217, 127.20527225553998]"
