id,fecha,imagen_path,angulo,ultrasonico,infrarrojo,kalman
201,2025-12-06T17:05:36.639715,,"[0, 3, 6, 9, 12, 15, 18, 21, 24, 27, 30, 33, 36, 39, 42, 45, 48, 51, 54, 57, 60, 63, 66, 69, 72, 75, 78, 81, 84, 87, 90, 93, 96, 99, 102, 105, 108, 111, 114, 117, 120, 123, 126, 129, 132, 135, 138, 141, 144, 147, 150, 153, 156, 159, 162, 165, 168, 171, 174, 177, 180]","[202.0, 207.0, 207.0, 198.0, 196.0, 185.0, 185.0, 184.0, 184.0, 184.0, 179.0, 179.0, 179.0, 185.0, 185.0, 185.0, 190.0, 186.0, 196.0, 358.0, 198.0, 201.0, 197.0, 195.0, 195.0, 194.0, 193.0, 188.0, 188.0, 187.0, 187.0, 187.0, 187.0, 187.0, 188.0, 188.0, 189.0, 189.0, 195.0, 195.0, 200.0, 201.0, 207.0, 260.0, 213.0, 214.0, 232.0, 263.0, 158.0, 152.0, 151.0, 149.0, 393.0, 130.0, 125.0, 124.0, 128.0, 123.0, 118.0, 109.0, 122.0]","[228.93, 228.93, 228.93, 221.93, 208.93, 203.93, 198.93, 194.93, 186.93, 186.93, 183.93, 183.93, 181.93, 182.93, 180.93, 182.93, 182.93, 185.93, 201.93, 228.93, 233.93, 228.93, 222.93, 217.93, 212.93, 207.93, 204.93, 201.93, 198.93, 195.93, 193.93, 191.93, 190.93, 188.93, 188.93, 188.93, 188.93, 190.93, 191.93, 192.93, 196.93, 207.93, 211.93, 199.93, 190.93, 191.93, 184.93, 172.93, 162.93, 151.93, 146.93, 139.93, 134.93, 131.93, 130.93, 129.93, 129.93, 129.93, 129.93, 129.93, 129.93]","[205.30155660377358, 212.08276950043822, 214.57563276436724, 212.8044170004727, 208.9917548502405, 203.72508155628407, 199.491211913299, 195.89197474163373, 192.1533194893058, 189.75635630685628, 186.78549546733558, 184.87927678710957, 183.29779081974195, 183.53682591784465, 183.3319641217735, 183.55875439649287, 184.59993960044355, 185.08898296022983, 190.06017168035214, 227.10573593188568, 223.11448287539568, 220.19486892396887, 216.52994093468405, 212.9240996533134, 209.71443438481782, 206.57988328691556, 203.85179370828874, 200.66803259362172, 198.087491643591, 195.71493388333724, 193.8341053302751, 192.26884027377875, 191.0852144872926, 189.96737402877002, 189.42913716074955, 189.08372772487903, 189.04119261873214, 189.37215360582724, 190.83844680732233, 191.9585581550297, 194.28954019647313, 197.9349756941847, 202.0656941782111, 212.0608316725392, 208.44392355549877, 206.48105771905367, 207.19182005864502, 211.05139332017345, 192.92843499974046, 178.2529743385431, 167.76033583656763, 159.41460543917555, 196.87057568434085, 173.25940432346164, 157.032341118788, 146.2604885683764, 140.06424887063122, 135.19221502327332, 131.1699802568311, 126.976582479025, 126.61417539874519]"
