id,fecha,imagen_path,angulo,ultrasonico,infrarrojo,kalman
202,2025-12-06T17:06:05.611010,,"[0, 3, 6, 9, 12, 15, 18, 21, 24, 27, 30, 33, 36, 39, 42, 45, 48, 51, 54, 57, 60, 63, 66, 69, 72, 75, 78, 81, 84, 87, 90, 93, 96, 99, 102, 105, 108, 111, 114, 117, 120, 123, 126, 129, 132, 135, 138, 141, 144, 147, 150, 153, 156, 159, 162, 165, 168, 171, 174, 177, 180]","[212.0, 208.0, 203.0, 190.0, 196.0, 191.0, 185.0, 185.0, 180.0, 179.0, 179.0, 179.0, 179.0, 180.0, 185.0, 185.0, 190.0, 191.0, 196.0, 354.0, 252.0, 231.0, 197.0, 208.0, 195.0, 189.0, 193.0, 193.0, 188.0, 187.0, 187.0, 187.0, 187.0, 188.0, 188.0, 189.0, 189.0, 195.0, 190.0, 200.0, 201.0, 202.0, 253.0, 256.0, 214.0, 219.0, 237.0, 267.0, 386.0, 389.0, 171.0, 348.0, 135.0, 135.0, 125.0, 120.0, 115.0, 128.0, 123.0, 114.0, 122.0]","[230.93, 230.93, 227.93, 218.93, 209.93, 209.93, 203.93, 197.93, 194.93, 190.93, 185.93, 184.93, 181.93, 182.93, 180.93, 183.93, 182.93, 184.93, 203.93, 226.93, 233.93, 230.93, 225.93, 218.93, 211.93, 207.93, 203.93, 200.93, 197.93, 195.93, 193.93, 191.93, 190.93, 189.93, 188.93, 188.93, 188.93, 190.93, 192.93, 192.93, 195.93, 205.93, 209.93, 199.93, 190.93, 186.93, 180.93, 170.93, 157.93, 148.93, 143.93, 139.93, 135.93, 131.93, 130.93, 129.93, 129.93, 130.93, 129.93, 129.93, 130.93]","[211.01853773584904, 215.54157756354076, 215.50912433087566, 211.26642531037743, 208.20527301596775, 205.39903792758156, 201.46256086870454, 197.87360892795232, 194.14153884989446, 190.85284640619696, 187.8474123741944, 185.73987099551573, 183.8500632509169, 182.9955878554441, 182.98462948016117, 183.51498431221475, 184.5718504909843, 185.7874723321024, 190.86667952966303, 226.5485334651782, 232.4298569822668, 231.90506087585575, 224.58225432150297, 220.59941380330076, 214.46088035589725, 208.73023513630517, 205.05263694571602, 202.15517979046567, 198.862728315452, 196.2124361493516, 194.1533736436481, 192.47372829718566, 191.21669982541496, 190.410011318728, 189.71319629103905, 189.44514930630578, 189.27313218283368, 190.59577177391066, 190.9071793655264, 192.8983106777253, 194.89261926446045, 198.1428683363134, 210.0807742365576, 216.4879334908788, 211.46411142123833, 208.41924042059333, 208.6147629210405, 212.3228137006516, 233.690078403659, 246.3275860789114, 214.49189197118847, 225.05085601907126, 192.95604498049747, 171.64292779903198, 155.99497954514717, 144.87825449180505, 136.848536413085, 134.203328603451, 131.4310138060205, 128.03974270706397, 127.47557921225034]"
