id,fecha,imagen_path,angulo,ultrasonico,infrarrojo,kalman
204,2025-12-06T17:06:47.222877,,"[0, 3, 6, 9, 12, 15, 18, 21, 24, 27, 30, 33, 36, 39, 42, 45, 48, 51, 54, 57, 60, 63, 66, 69, 72, 75, 78, 81, 84, 87, 90, 93, 96, 99, 102, 105, 108, 111, 114, 117, 120, 123, 126, 129, 132, 135, 138, 141, 144, 147, 150, 153, 156, 159, 162, 165, 168, 171, 174, 177, 180]","[207.0, 211.0, 207.0, 211.0, 195.0, 195.0, 189.0, 184.0, 184.0, 183.0, 183.0, 184.0, 188.0, 184.0, 189.0, 189.0, 190.0, 205.0, 196.0, 217.0, 238.0, 216.0, 212.0, 194.0, 193.0, 191.0, 191.0, 186.0, 186.0, 190.0, 186.0, 186.0, 186.0, 186.0, 186.0, 191.0, 187.0, 192.0, 192.0, 193.0, 198.0, 199.0, 205.0, 209.0, 215.0, 232.0, 290.0, 400.0, 404.0, 369.0, 156.0, 150.0, 141.0, 140.0, 135.0, 135.0, 130.0, 134.0, 125.0, 125.0, 124.0]","[233.93, 233.93, 233.93, 232.93, 221.93, 214.93, 207.93, 203.93, 198.93, 195.93, 193.93, 192.93, 190.93, 190.93, 189.93, 189.93, 190.93, 196.93, 219.93, 225.93, 226.93, 219.93, 217.93, 209.93, 206.93, 200.93, 199.93, 194.93, 195.93, 194.93, 192.93, 189.93, 188.93, 187.93, 186.93, 186.93, 186.93, 187.93, 188.93, 191.93, 197.93, 203.93, 207.93, 199.93, 189.93, 189.93, 186.93, 176.93, 167.93, 157.93, 150.93, 147.93, 142.93, 139.93, 135.93, 132.93, 131.93, 130.93, 130.93, 129.93, 129.93]","[210.06570754716978, 216.70546888694128, 218.29874154125847, 219.70716747941185, 215.56161590398307, 211.719814031289, 206.9478101568346, 202.28720520321585, 198.4068376635095, 195.20225754482001, 192.7882430139139, 191.23931836152505, 190.60364014610622, 189.4791874595538, 189.47410467412, 189.47084285023936, 189.82700741991079, 193.81727870344625, 198.88580754160535, 206.97497454239098, 216.10696929028822, 216.77262286183347, 216.12502828661047, 211.0520909616346, 207.0800566986773, 203.09800350006816, 200.3634222179179, 196.81723753214425, 194.72062913773303, 193.91253292515992, 192.31917058913612, 190.75925601670127, 189.57906386286112, 188.64255569684607, 187.86242988545268, 188.2574339748889, 187.79440972031168, 188.57204011828355, 189.25020732465993, 190.40193113495945, 193.1114578044766, 196.1041775281236, 199.81602060487327, 201.48155266360644, 201.8338801160697, 205.10517293245937, 217.05658349646947, 242.63918923455265, 258.1609888958074, 260.06119102257304, 221.87229870933902, 195.7527070752427, 176.48285386972583, 163.40005629916294, 153.39211092570253, 146.43220138313924, 140.89095940871704, 137.87229567028163, 134.3229320031724, 131.8660259519499, 130.11019630636955]"
