id,fecha,imagen_path,angulo,ultrasonico,infrarrojo,kalman
206,2025-12-06T17:07:59.042228,,"[0, 3, 6, 9, 12, 15, 18, 21, 24, 27, 30, 33, 36, 39, 42, 45, 48, 51, 54, 57, 60, 63, 66, 69, 72, 75, 78, 81, 84, 87, 90, 93, 96, 99, 102, 105, 108, 111, 114, 117, 120, 123, 126, 129, 132, 135, 138, 141, 144, 147, 150, 153, 156, 159, 162, 165, 168, 171, 174, 177, 180]","[393.0, 397.0, 709.0, 393.0, 245.0, 241.0, 230.0, 235.0, 224.0, 223.0, 218.0, 222.0, 218.0, 222.0, 221.0, 230.0, 222.0, 235.0, 235.0, 254.0, 276.0, 283.0, 270.0, 273.0, 273.0, 272.0, 267.0, 267.0, 267.0, 267.0, 267.0, 267.0, 267.0, 267.0, 268.0, 186.0, 168.0, 274.0, 158.0, 147.0, 142.0, 142.0, 141.0, 141.0, 136.0, 135.0, 135.0, 135.0, 135.0, 135.0, 135.0, 135.0, 135.0, 136.0, 141.0, 142.0, 143.0, 152.0, 157.0, 158.0, 160.0]","[306.93, 305.93, 307.93, 309.93, 290.93, 273.93, 266.93, 256.93, 247.93, 240.93, 237.93, 230.93, 227.93, 218.93, 212.93, 193.93, 179.93, 219.93, 293.93, 322.93, 320.93, 311.93, 303.93, 296.93, 291.93, 288.93, 283.93, 279.93, 278.93, 275.93, 273.93, 270.93, 267.93, 267.93, 268.93, 268.93, 258.93, 222.93, 176.93, 158.93, 153.93, 150.93, 146.93, 143.93, 141.93, 139.93, 138.93, 136.93, 134.93, 133.93, 132.93, 132.93, 131.93, 132.93, 133.93, 135.93, 135.93, 138.93, 139.93, 142.93, 143.93]","[333.4572169811321, 343.10029798422437, 413.18112715887287, 389.4723255915209, 344.6664742328273, 313.05158981643206, 289.79909784526876, 274.0634126517576, 260.4029949279938, 250.21137251311387, 242.2403151282144, 236.58836023633035, 231.7075713594149, 227.67979532254284, 223.84112319207247, 219.58640504106194, 212.9151411320071, 218.12773968627735, 234.72841588411836, 253.97995482937068, 269.9170593071103, 279.7863176649462, 282.3581349591326, 283.2920640939703, 282.9957621216784, 282.0890974347814, 279.71596438746514, 277.4765090789192, 275.86022680152183, 274.2856035302161, 272.91684339547083, 271.50106558558065, 270.0551145385651, 269.1271863992634, 268.8899531093102, 254.04915009189972, 239.50957111993154, 242.71792130429543, 215.75799262037603, 193.26192770284595, 177.03396047840715, 166.08239899540644, 158.15867338774805, 152.5362961033959, 147.6742765464884, 144.0167259446352, 141.49039174696125, 139.51087832918395, 137.88228300774787, 136.65801550311357, 135.6932223143542, 135.07407358846564, 134.4976107955224, 134.48592773117923, 135.55320292155866, 136.7755050504932, 137.73903697427414, 140.50692170988344, 143.35796349595617, 145.9041131202113, 148.07547172275207]"
