id,fecha,imagen_path,angulo,ultrasonico,infrarrojo,kalman
23,2025-12-06T13:22:25.252536,,"[0, 3, 6, 9, 12, 15, 18, 21, 24, 27, 30, 33, 36, 39, 42, 45, 48, 51, 54, 57, 60, 63, 66, 69, 72, 75, 78, 81, 84, 87, 90, 93, 96, 99, 102, 105, 108, 111, 114, 117, 120, 123, 126, 129, 132, 135, 138, 141, 144, 147, 150, 153, 156, 159, 162, 165, 168, 171, 174, 177, 180]","[179.0, 179.0, 179.0, 179.0, 179.0, 179.0, 184.0, 179.0, 186.0, 190.0, 192.0, 203.0, 203.0, 532.0, 346.0, 333.0, 329.0, 285.0, 272.0, 294.0, 279.0, 269.0, 283.0, 268.0, 263.0, 257.0, 262.0, 257.0, 256.0, 256.0, 256.0, 255.0, 255.0, 255.0, 255.0, 255.0, 256.0, 256.0, 261.0, 261.0, 262.0, 263.0, 264.0, 265.0, 270.0, 275.0, 285.0, 286.0, 293.0, 303.0, 289.0, 289.0, 285.0, 264.0, 482.0, 522.0, 207.0, 206.0, 200.0, 195.0, 199.0]","[181.93, 181.93, 181.93, 181.93, 179.93, 176.93, 178.93, 178.93, 184.93, 186.93, 189.93, 193.93, 197.93, 204.93, 214.93, 215.93, 210.93, 209.93, 208.93, 230.93, 275.93, 348.93, 392.93, 320.93, 291.93, 285.93, 282.93, 276.93, 271.93, 269.93, 266.93, 264.93, 255.93, 254.93, 252.93, 255.93, 255.93, 255.93, 255.93, 257.93, 260.93, 261.93, 257.93, 260.93, 261.93, 262.93, 241.93, 210.93, 218.93, 286.93, 378.93, 329.93, 279.93, 248.93, 240.93, 235.93, 233.93, 228.93, 223.93, 218.93, 210.93]","[171.9525, 176.51090271691498, 178.18663165336835, 179.06188720672753, 179.2105351323421, 178.7589665138986, 179.73319385874075, 179.45742551119992, 181.61147790634215, 184.06764647826353, 186.5390247082779, 190.8118442267915, 194.2702432199682, 256.67744924760103, 265.1995539987082, 268.5189757191918, 269.0370252205533, 261.30868170206736, 253.84127408314063, 256.9307893188613, 264.2873258748653, 280.2934409483583, 300.9547135927053, 298.6297245710401, 291.0473017828508, 284.03179393934965, 279.8879024553811, 275.2581748307033, 271.21230946390045, 268.25764842046556, 265.8241307069048, 263.7250527804897, 260.76582634744483, 258.6876363991429, 256.99571616117447, 256.4473255096845, 256.2745287448792, 256.16363772904975, 256.98811818276926, 257.87547984253814, 259.16145260980585, 260.34497346853027, 260.5671026667174, 261.42616753723917, 263.05223862369553, 265.17053014337773, 264.55951105950976, 258.79353064510997, 257.7801881309491, 271.10192845330585, 293.6230996766515, 299.29858038268566, 293.2678227888762, 280.0829329459567, 309.2386744892649, 334.2186583965988, 293.4655492182024, 266.2377771749597, 246.79414393448326, 232.5250516334255, 222.6514545200617]"
