id,fecha,imagen_path,angulo,ultrasonico,infrarrojo,kalman
24,2025-12-06T13:23:18.037563,,"[0, 3, 6, 9, 12, 15, 18, 21, 24, 27, 30, 33, 36, 39, 42, 45, 48, 51, 54, 57, 60, 63, 66, 69, 72, 75, 78, 81, 84, 87, 90, 93, 96, 99, 102, 105, 108, 111, 114, 117, 120, 123, 126, 129, 132, 135, 138, 141, 144, 147, 150, 153, 156, 159, 162, 165, 168, 171, 174, 177, 180]","[188.0, 188.0, 188.0, 188.0, 188.0, 188.0, 188.0, 188.0, 189.0, 193.0, 195.0, 201.0, 200.0, 207.0, 267.0, 223.0, 223.0, 283.0, 209.0, 209.0, 202.0, 197.0, 201.0, 191.0, 191.0, 185.0, 180.0, 179.0, 179.0, 179.0, 179.0, 179.0, 179.0, 179.0, 179.0, 180.0, 185.0, 185.0, 186.0, 186.0, 187.0, 191.0, 193.0, 198.0, 208.0, 221.0, 206.0, 255.0, 255.0, 249.0, 250.0, 255.0, 254.0, 255.0, 225.0, 245.0, 249.0, 191.0, 190.0, 171.0, 171.0]","[194.93, 194.93, 194.93, 193.93, 191.93, 189.93, 187.93, 184.93, 182.93, 186.93, 190.93, 191.93, 190.93, 195.93, 206.93, 214.93, 220.93, 229.93, 234.93, 239.93, 237.93, 227.93, 216.93, 210.93, 207.93, 201.93, 197.93, 194.93, 191.93, 189.93, 184.93, 181.93, 182.93, 183.93, 183.93, 182.93, 181.93, 180.93, 182.93, 186.93, 187.93, 189.93, 192.93, 196.93, 200.93, 204.93, 210.93, 211.93, 220.93, 231.93, 239.93, 236.93, 226.93, 225.93, 231.93, 228.93, 220.93, 210.93, 204.93, 194.93, 185.93]","[182.43363207547168, 187.26988606485537, 189.0477567922432, 189.78428289751946, 189.85092236631115, 189.52973131467775, 188.96639607070554, 188.068438018692, 187.31423751553658, 188.2642190603531, 189.94854735260296, 192.2832516750741, 193.42316441055542, 196.30424131406156, 210.87132509615762, 213.7709502486437, 216.70653262036495, 230.95030855409505, 227.7312533740017, 226.56109332253556, 224.1979929137812, 219.99455935525566, 216.0431362147457, 210.6412797744459, 206.6372929441664, 201.91821928819698, 197.27763042841528, 193.58305251587782, 190.6746987524542, 188.45002717008515, 186.12671709801114, 184.09836409130375, 182.975812687608, 182.43455260618236, 182.08720304599333, 181.864294095003, 182.43775910200446, 182.62664714465902, 183.28525097048876, 184.4244201294074, 185.5137308837031, 187.28756052322618, 189.32154619113345, 192.23900015999754, 196.61905714733024, 202.47511490484143, 204.62103658059075, 214.95460480984784, 223.19825306380463, 229.3841958542613, 234.96613687830038, 238.90656284749508, 239.4648847539631, 239.82318361122375, 235.75402835678216, 236.18786811440947, 235.74976635592748, 223.28786050578114, 214.0366252635565, 202.90498031635715, 194.14917236969913]"
