id,fecha,imagen_path,angulo,ultrasonico,infrarrojo,kalman
25,2025-12-06T13:23:46.639172,,"[0, 3, 6, 9, 12, 15, 18, 21, 24, 27, 30, 33, 36, 39, 42, 45, 48, 51, 54, 57, 60, 63, 66, 69, 72, 75, 78, 81, 84, 87, 90, 93, 96, 99, 102, 105, 108, 111, 114, 117, 120, 123, 126, 129, 132, 135, 138, 141, 144, 147, 150, 153, 156, 159, 162, 165, 168, 171, 174, 177, 180]","[189.0, 189.0, 189.0, 189.0, 188.0, 188.0, 188.0, 188.0, 189.0, 194.0, 195.0, 200.0, 201.0, 220.0, 263.0, 262.0, 219.0, 210.0, 211.0, 226.0, 398.0, 202.0, 191.0, 186.0, 196.0, 186.0, 180.0, 180.0, 179.0, 179.0, 179.0, 179.0, 179.0, 179.0, 180.0, 180.0, 185.0, 185.0, 186.0, 187.0, 187.0, 192.0, 198.0, 198.0, 213.0, 209.0, 223.0, 255.0, 259.0, 250.0, 255.0, 255.0, 255.0, 259.0, 261.0, 262.0, 258.0, 186.0, 190.0, 175.0, 175.0]","[195.93, 195.93, 195.93, 194.93, 191.93, 189.93, 188.93, 188.93, 188.93, 189.93, 192.93, 194.93, 192.93, 193.93, 198.93, 214.93, 216.93, 226.93, 236.93, 240.93, 234.93, 220.93, 215.93, 204.93, 194.93, 196.93, 195.93, 192.93, 190.93, 189.93, 186.93, 185.93, 184.93, 184.93, 183.93, 181.93, 182.93, 185.93, 185.93, 186.93, 187.93, 191.93, 195.93, 198.93, 202.93, 200.93, 206.93, 213.93, 225.93, 240.93, 259.93, 244.93, 225.93, 227.93, 227.93, 218.93, 209.93, 207.93, 201.93, 196.93, 191.93]","[183.3864622641509, 188.2479754601227, 190.0351318048682, 190.77650791182543, 190.47726420206024, 189.92899299018217, 189.40192560132013, 189.0655854680258, 189.02951993630057, 190.0815387052533, 191.47301467798613, 193.61981367867824, 194.81828071655164, 199.16997778765935, 210.56083146056304, 220.55772779225907, 219.62886279478116, 219.21190002033177, 220.91473426569326, 225.41096218066906, 258.0317611094028, 241.3488663188336, 227.77668440270878, 216.20077886625316, 208.77202912379408, 202.5716549332578, 197.33871023790192, 193.44312123651673, 190.40577012838352, 188.2774442612425, 186.3742208921237, 184.9737129166885, 183.8958187398452, 183.2040883109716, 182.76017554429248, 182.11704031697633, 182.77908586154223, 183.74133493265995, 184.53797977505744, 185.40747814196197, 186.1446009220067, 188.22980294918293, 191.35925341367366, 193.90494091514248, 198.94206350984783, 201.099826098036, 206.06712960078724, 216.2408816288598, 225.63587053866897, 232.7398062646987, 241.5977940776152, 244.59540893483782, 243.11565866881998, 243.2408128450529, 243.67938715979196, 242.52780862850707, 239.46011762120233, 224.2359200668014, 214.1076489562652, 204.02533194202618, 196.65943739245347]"
