id,fecha,imagen_path,angulo,ultrasonico,infrarrojo,kalman
26,2025-12-06T13:24:02.558583,,"[0, 3, 6, 9, 12, 15, 18, 21, 24, 27, 30, 33, 36, 39, 42, 45, 48, 51, 54, 57, 60, 63, 66, 69, 72, 75, 78, 81, 84, 87, 90, 93, 96, 99, 102, 105, 108, 111, 114, 117, 120, 123, 126, 129, 132, 135, 138, 141, 144, 147, 150, 153, 156, 159, 162, 165, 168, 171, 174, 177, 180]","[189.0, 189.0, 189.0, 189.0, 188.0, 188.0, 188.0, 188.0, 189.0, 194.0, 195.0, 200.0, 201.0, 207.0, 217.0, 232.0, 257.0, 279.0, 214.0, 205.0, 219.0, 239.0, 190.0, 186.0, 191.0, 185.0, 181.0, 185.0, 179.0, 179.0, 179.0, 179.0, 179.0, 179.0, 180.0, 180.0, 181.0, 186.0, 187.0, 192.0, 193.0, 197.0, 198.0, 203.0, 218.0, 214.0, 260.0, 255.0, 254.0, 250.0, 250.0, 255.0, 255.0, 259.0, 261.0, 265.0, 258.0, 195.0, 185.0, 179.0, 170.0]","[195.93, 195.93, 194.93, 194.93, 191.93, 189.93, 189.93, 188.93, 189.93, 190.93, 192.93, 195.93, 194.93, 193.93, 196.93, 215.93, 222.93, 229.93, 234.93, 239.93, 234.93, 224.93, 212.93, 205.93, 200.93, 198.93, 196.93, 192.93, 190.93, 187.93, 186.93, 185.93, 184.93, 183.93, 182.93, 183.93, 181.93, 178.93, 182.93, 188.93, 191.93, 188.93, 190.93, 196.93, 204.93, 208.93, 214.93, 219.93, 226.93, 244.93, 256.93, 238.93, 227.93, 229.93, 227.93, 217.93, 210.93, 205.93, 199.93, 194.93, 188.93]","[183.3864622641509, 188.2479754601227, 189.82323401676598, 190.6460125519369, 190.39488903303015, 189.8764829291744, 189.5483304511953, 189.15943350159392, 189.26899622927942, 190.41438161070985, 191.68659724569608, 193.93601342990533, 195.37946295303536, 197.2014130743691, 200.69930621153352, 209.03443107144727, 220.1155491570361, 232.42150342288048, 229.5710255116705, 227.0252379605141, 227.00365725476104, 228.7810958626195, 218.99489771785764, 210.74426252429882, 205.44947985038624, 200.61856287213988, 196.44358576119916, 193.7643258030209, 190.61190072757913, 188.0514694434731, 186.22920326333582, 184.88064895112424, 183.83609564439163, 182.98663268179016, 182.44149625554692, 182.27078786516094, 181.98210826305933, 182.1551078830652, 183.16177300342306, 185.77820935669126, 188.17380272028888, 189.89028541269204, 191.52921154187698, 194.55139661166302, 200.6108230529809, 204.49941410489495, 216.3095847846732, 223.88867242138608, 229.82726725086292, 236.14611851698143, 242.35073890346973, 244.0038328689307, 243.09427677595207, 243.58534874665062, 243.90049046667932, 243.02795757155712, 239.96021320427727, 225.810754115003, 213.86438529276467, 204.22747689685355, 195.35613210909625]"
