id,fecha,imagen_path,angulo,ultrasonico,infrarrojo,kalman
28,2025-12-06T13:24:56.185215,,"[0, 3, 6, 9, 12, 15, 18, 21, 24, 27, 30, 33, 36, 39, 42, 45, 48, 51, 54, 57, 60, 63, 66, 69, 72, 75, 78, 81, 84, 87, 90, 93, 96, 99, 102, 105, 108, 111, 114, 117, 120, 123, 126, 129, 132, 135, 138, 141, 144, 147, 150, 153, 156, 159, 162, 165, 168, 171, 174, 177, 180]","[190.0, 189.0, 189.0, 189.0, 189.0, 189.0, 189.0, 189.0, 190.0, 195.0, 200.0, 198.0, 202.0, 205.0, 217.0, 245.0, 231.0, 211.0, 210.0, 232.0, 264.0, 201.0, 196.0, 191.0, 186.0, 180.0, 186.0, 180.0, 180.0, 179.0, 179.0, 179.0, 179.0, 180.0, 180.0, 181.0, 181.0, 186.0, 186.0, 192.0, 192.0, 193.0, 198.0, 203.0, 213.0, 214.0, 260.0, 255.0, 254.0, 250.0, 250.0, 250.0, 260.0, 260.0, 241.0, 236.0, 237.0, 186.0, 281.0, 179.0, 183.0]","[195.93, 195.93, 195.93, 194.93, 191.93, 189.93, 184.93, 183.93, 184.93, 191.93, 193.93, 193.93, 193.93, 199.93, 208.93, 212.93, 221.93, 232.93, 237.93, 233.93, 230.93, 223.93, 212.93, 206.93, 202.93, 199.93, 195.93, 193.93, 191.93, 189.93, 183.93, 180.93, 180.93, 182.93, 184.93, 184.93, 182.93, 183.93, 188.93, 189.93, 192.93, 193.93, 195.93, 199.93, 203.93, 208.93, 214.93, 220.93, 227.93, 242.93, 252.93, 225.93, 209.93, 219.93, 226.93, 225.93, 219.93, 209.93, 200.93, 192.93, 187.93]","[183.86287735849055, 188.46927256792287, 190.16264417735582, 190.8550352673351, 190.71120968210565, 190.25939650572323, 189.07334645234715, 188.13699505771757, 187.89604714000154, 189.89185116694085, 192.42621829609928, 193.6940873941244, 195.22421082765482, 197.8183039567139, 203.24474452042122, 212.4592361577798, 217.4769105294673, 219.08480301129737, 220.83317072752894, 225.17949060548153, 233.16344319444246, 225.7480691827049, 218.12324852026006, 211.25966096009316, 205.24284654059585, 199.7694423705497, 196.61518424580748, 193.15793269258216, 190.58101010855006, 188.3899031920357, 185.90900420545788, 183.77951970573656, 182.41293914716573, 182.07333277227235, 182.21365052132916, 182.48282715939956, 182.29731165985427, 183.2530312007666, 184.7620009055712, 186.98427228472457, 188.94778447506624, 190.56611112991672, 192.8585615039851, 195.94188324158063, 200.42838461396136, 204.38233561762112, 216.23445055169032, 224.01958438084534, 230.0904077946562, 235.956729399624, 241.51268473199454, 240.2416998225736, 238.3512821691806, 238.92940879710164, 237.1508717674695, 234.93473638284453, 232.6169043510495, 220.20259731984905, 227.64088524092853, 212.71018388793658, 202.94939052778417]"
