id,fecha,imagen_path,angulo,ultrasonico,infrarrojo,kalman
29,2025-12-06T13:25:39.999997,,"[0, 3, 6, 9, 12, 15, 18, 21, 24, 27, 30, 33, 36, 39, 42, 45, 48, 51, 54, 57, 60, 63, 66, 69, 72, 75, 78, 81, 84, 87, 90, 93, 96, 99, 102, 105, 108, 111, 114, 117, 120, 123, 126, 129, 132, 135, 138, 141, 144, 147, 150, 153, 156, 159, 162, 165, 168, 171, 174, 177, 180]","[187.0, 187.0, 187.0, 187.0, 187.0, 187.0, 192.0, 192.0, 198.0, 194.0, 209.0, 205.0, 211.0, 227.0, 219.0, 602.0, 279.0, 237.0, 211.0, 199.0, 206.0, 204.0, 199.0, 194.0, 188.0, 187.0, 187.0, 182.0, 182.0, 182.0, 182.0, 182.0, 177.0, 182.0, 182.0, 182.0, 182.0, 183.0, 188.0, 188.0, 194.0, 199.0, 209.0, 214.0, 249.0, 249.0, 413.0, 242.0, 268.0, 307.0, 497.0, 599.0, 533.0, 251.0, 225.0, 212.0, 207.0, 201.0, 201.0, 199.0, 194.0]","[186.93, 187.93, 186.93, 186.93, 186.93, 185.93, 187.93, 188.93, 192.93, 194.93, 197.93, 193.93, 184.93, 187.93, 215.93, 254.93, 320.93, 380.93, 349.93, 283.93, 230.93, 223.93, 215.93, 208.93, 205.93, 201.93, 197.93, 194.93, 192.93, 190.93, 187.93, 186.93, 183.93, 181.93, 183.93, 185.93, 185.93, 187.93, 188.93, 190.93, 191.93, 194.93, 197.93, 201.93, 206.93, 207.93, 204.93, 211.93, 206.93, 190.93, 205.93, 232.93, 253.93, 299.93, 394.93, 457.93, 325.93, 237.93, 226.93, 218.93, 212.93]","[178.14589622641506, 183.13623137598597, 184.75884658115342, 185.60636012489738, 186.10735885890367, 186.23702161332133, 187.5791700028135, 188.61513320474853, 191.07119463257175, 192.28746824616513, 196.29246937517314, 197.42911861729016, 197.62110677929306, 201.1477908408256, 206.99357829274246, 286.3375243455232, 291.2196740170847, 297.5770731783288, 291.4465427157182, 273.5402758406144, 253.8091409874184, 239.53467576206074, 228.0454716303947, 218.52281645485417, 210.7995655237009, 204.94758377903878, 200.47560365290272, 196.17271397986758, 193.0531095335263, 190.69286942445854, 188.64081684605824, 187.144798852129, 184.75171035064474, 183.75335027353438, 183.47091782062677, 183.64792650134012, 183.7615204823215, 184.3718049140105, 185.83822303698838, 187.1375433368595, 189.22527379733705, 191.99808929526438, 196.10619685396586, 200.35470284619063, 210.24630079756523, 216.77328769320064, 249.8016664718707, 241.620257846277, 240.13160526964236, 243.2962357961354, 282.04851435515286, 330.02510901766607, 352.75293017006186, 325.06394415599107, 319.65463312071614, 325.13968794697405, 304.1190368521793, 273.79108736152796, 252.3579387109565, 236.81208995509837, 224.86524255803423]"
