id,fecha,imagen_path,angulo,ultrasonico,infrarrojo,kalman
33,2025-12-06T13:30:46.915352,,"[0, 3, 6, 9, 12, 15, 18, 21, 24, 27, 30, 33, 36, 39, 42, 45, 48, 51, 54, 57, 60, 63, 66, 69, 72, 75, 78, 81, 84, 87, 90, 93, 96, 99, 102, 105, 108, 111, 114, 117, 120, 123, 126, 129, 132, 135, 138, 141, 144, 147, 150, 153, 156, 159, 162, 165, 168, 171, 174, 177, 180]","[199.0, 199.0, 200.0, 199.0, 200.0, 200.0, 200.0, 205.0, 207.0, 213.0, 212.0, 246.0, 224.0, 640.0, 674.0, 282.0, 715.0, 596.0, 283.0, 270.0, 254.0, 254.0, 247.0, 246.0, 238.0, 240.0, 241.0, 235.0, 235.0, 234.0, 234.0, 233.0, 233.0, 233.0, 234.0, 234.0, 234.0, 235.0, 240.0, 240.0, 246.0, 246.0, 246.0, 247.0, 253.0, 253.0, 264.0, 313.0, 318.0, 281.0, 327.0, 323.0, 265.0, 628.0, 218.0, 216.0, 206.0, 201.0, 196.0, 199.0, 199.0]","[199.93, 200.93, 202.93, 202.93, 200.93, 200.93, 201.93, 203.93, 205.93, 208.93, 212.93, 217.93, 223.93, 229.93, 231.93, 214.93, 207.93, 228.93, 246.93, 272.93, 365.93, 413.93, 367.93, 301.93, 281.93, 267.93, 255.93, 253.93, 246.93, 242.93, 243.93, 240.93, 239.93, 237.93, 236.93, 236.93, 236.93, 233.93, 233.93, 232.93, 238.93, 242.93, 244.93, 245.93, 248.93, 249.93, 240.93, 216.93, 202.93, 227.93, 325.93, 438.93, 351.93, 265.93, 249.93, 235.93, 221.93, 218.93, 212.93, 215.93, 213.93]","[190.05627358490563, 195.36234881682734, 197.9486253913746, 199.10739264299752, 199.60801063574155, 199.91871203082084, 200.29539707754665, 201.7922126205806, 203.46766897412127, 206.15456610342287, 208.41564622709606, 216.8528713586195, 219.40090633397534, 296.6291367023744, 352.6378707349344, 315.31708879368097, 367.67572033971726, 383.7218233653339, 341.176287491512, 316.20168986594604, 313.96734846857083, 321.1316585603443, 316.23547466492323, 301.0917571290689, 286.35778507036935, 274.7528246191399, 265.3350124628496, 257.85817252226866, 251.8060655932718, 247.02652785931278, 244.1384244820064, 241.56849086211972, 239.74012662991294, 238.2085301541942, 237.22563970931466, 236.59487720629815, 236.1900901445413, 235.57206354219716, 236.0710935720314, 236.21221353152413, 238.45232161429516, 240.60640915891642, 242.34703610481654, 243.82232784117554, 246.38124420849977, 248.20253820227174, 249.72959740599364, 255.18779570960908, 257.0783940924162, 256.1421258767331, 281.3358278400786, 317.0287329089491, 313.96071077117966, 361.61050416278454, 315.8805360843869, 283.66761466690195, 258.6961253488504, 241.2378308225866, 228.06368582861444, 220.6840507088519, 215.58996816136417]"
