id,fecha,imagen_path,angulo,ultrasonico,infrarrojo,kalman
36,2025-12-06T13:33:01.888100,,"[0, 3, 6, 9, 12, 15, 18, 21, 24, 27, 30, 33, 36, 39, 42, 45, 48, 51, 54, 57, 60, 63, 66, 69, 72, 75, 78, 81, 84, 87, 90, 93, 96, 99, 102, 105, 108, 111, 114, 117, 120, 123, 126, 129, 132, 135, 138, 141, 144, 147, 150, 153, 156, 159, 162, 165, 168, 171, 174, 177, 180]","[179.0, 179.0, 178.0, 178.0, 179.0, 178.0, 184.0, 184.0, 185.0, 186.0, 192.0, 196.0, 207.0, 354.0, 288.0, 302.0, 308.0, 298.0, 626.0, 617.0, 259.0, 254.0, 253.0, 247.0, 247.0, 236.0, 246.0, 235.0, 234.0, 234.0, 234.0, 233.0, 233.0, 233.0, 233.0, 233.0, 235.0, 234.0, 235.0, 240.0, 240.0, 241.0, 242.0, 247.0, 257.0, 253.0, 254.0, 308.0, 314.0, 281.0, 347.0, 285.0, 252.0, 243.0, 217.0, 211.0, 211.0, 201.0, 200.0, 199.0, 199.0]","[178.93, 180.93, 180.93, 177.93, 176.93, 173.93, 177.93, 180.93, 183.93, 186.93, 189.93, 191.93, 198.93, 202.93, 210.93, 213.93, 207.93, 202.93, 211.93, 259.93, 352.93, 420.93, 344.93, 284.93, 272.93, 267.93, 260.93, 254.93, 248.93, 246.93, 244.93, 241.93, 234.93, 228.93, 228.93, 233.93, 234.93, 235.93, 236.93, 236.93, 237.93, 234.93, 232.93, 240.93, 246.93, 248.93, 248.93, 233.93, 210.93, 228.93, 313.93, 416.93, 331.93, 264.93, 247.93, 238.93, 232.93, 225.93, 219.93, 217.93, 214.93]","[170.5232547169811, 175.579263803681, 177.2260216139784, 177.50990676237157, 177.67772248755736, 177.05677514741362, 178.46381594743966, 179.90017202061895, 181.5369188742334, 183.30304697823235, 186.04838746827906, 188.88473885410875, 193.92921986266808, 224.2151018562293, 233.26110575868233, 242.11147767965906, 247.7911259690265, 248.7490618524332, 309.7302172718154, 355.85042986210124, 337.9785966520909, 337.7945967623092, 323.8835997549674, 303.13382294942653, 287.66826535275834, 274.87730028141857, 267.2061816245458, 259.2381099527087, 252.87075877856904, 248.42630179078037, 245.21584759169005, 242.4390477719573, 239.40315601338497, 236.38012274900453, 234.44011403442576, 234.09077205047134, 234.4039708308546, 234.60496377740876, 235.09220704894025, 236.30053565399876, 237.25510017460482, 237.50942716063625, 237.49351079404713, 239.8119707879887, 244.16588549549272, 246.60171973259966, 248.34402670097435, 256.4481616147078, 258.6037395106703, 257.30013353755004, 283.51200076885635, 307.6775483285934, 302.0484089538096, 284.82216372895556, 266.0648135057376, 251.3404942124503, 240.81650105316626, 231.017618763803, 223.4753587339658, 218.0977840966784, 214.1093799244833]"
