id,fecha,imagen_path,angulo,ultrasonico,infrarrojo,kalman
37,2025-12-06T13:33:25.866525,,"[0, 3, 6, 9, 12, 15, 18, 21, 24, 27, 30, 33, 36, 39, 42, 45, 48, 51, 54, 57, 60, 63, 66, 69, 72, 75, 78, 81, 84, 87, 90, 93, 96, 99, 102, 105, 108, 111, 114, 117, 120, 123, 126, 129, 132, 135, 138, 141, 144, 147, 150, 153, 156, 159, 162, 165, 168, 171, 174, 177, 180]","[179.0, 179.0, 179.0, 179.0, 179.0, 179.0, 179.0, 179.0, 186.0, 186.0, 197.0, 197.0, 212.0, 280.0, 275.0, 320.0, 311.0, 276.0, 694.0, 259.0, 260.0, 258.0, 257.0, 247.0, 246.0, 241.0, 241.0, 235.0, 234.0, 234.0, 234.0, 233.0, 233.0, 233.0, 233.0, 234.0, 234.0, 234.0, 235.0, 235.0, 240.0, 241.0, 242.0, 251.0, 253.0, 253.0, 259.0, 313.0, 314.0, 273.0, 327.0, 297.0, 256.0, 276.0, 221.0, 217.0, 210.0, 205.0, 205.0, 199.0, 199.0]","[180.93, 180.93, 180.93, 180.93, 179.93, 178.93, 179.93, 180.93, 184.93, 186.93, 190.93, 195.93, 200.93, 204.93, 208.93, 207.93, 200.93, 194.93, 217.93, 273.93, 370.93, 379.93, 395.93, 309.93, 277.93, 263.93, 247.93, 246.93, 240.93, 246.93, 245.93, 242.93, 238.93, 238.93, 236.93, 236.93, 231.93, 231.93, 229.93, 234.93, 237.93, 239.93, 241.93, 244.93, 247.93, 249.93, 246.93, 227.93, 208.93, 229.93, 302.93, 411.93, 349.93, 277.93, 251.93, 239.93, 228.93, 220.93, 214.93, 210.93, 212.93]","[171.47608490566037, 176.02185801928132, 177.69294414705584, 178.56577469957455, 178.89736421446756, 178.92188556070434, 179.117417855799, 179.42168522874388, 181.5885525196766, 183.336176132779, 187.14457073417591, 190.483879353705, 196.20937398483653, 212.78096566776338, 223.23640936720125, 237.82775967806026, 244.3255677920451, 241.1512014093972, 318.10987978371526, 299.60770978468804, 305.28870414865736, 310.1883407000725, 316.01957711998296, 302.5653655789091, 288.01997727768037, 275.28213753171565, 264.241664739724, 255.90262340377467, 249.29720525575507, 246.13300086752076, 243.92326786806998, 241.78867330324914, 239.7022982600898, 238.36338286894969, 237.14588648210423, 236.54369617642757, 235.26160118229748, 234.4388264246269, 233.7316881671339, 234.17353146680665, 235.89011133782307, 237.52909983064748, 239.11829464384476, 242.2876938027845, 245.2172756460201, 247.45557018795532, 249.42936512172497, 256.96554054601233, 258.5775059540419, 256.029396857924, 277.14352279636046, 304.8445272891446, 304.17117241073504, 294.42435520758727, 273.65997748138585, 257.4685346954969, 243.85348072324706, 232.78744869392537, 224.611133694902, 217.57275758738112, 213.41419056683205]"
