id,fecha,imagen_path,angulo,ultrasonico,infrarrojo,kalman
38,2025-12-06T13:34:16.279997,,"[0, 3, 6, 9, 12, 15, 18, 21, 24, 27, 30, 33, 36, 39, 42, 45, 48, 51, 54, 57, 60, 63, 66, 69, 72, 75, 78, 81, 84, 87, 90, 93, 96, 99, 102, 105, 108, 111, 114, 117, 120, 123, 126, 129, 132, 135, 138, 141, 144, 147, 150, 153, 156, 159, 162, 165, 168, 171, 174, 177, 180]","[178.0, 179.0, 179.0, 178.0, 179.0, 178.0, 179.0, 184.0, 190.0, 190.0, 192.0, 198.0, 202.0, 663.0, 280.0, 525.0, 320.0, 307.0, 260.0, 250.0, 611.0, 254.0, 247.0, 246.0, 247.0, 241.0, 240.0, 234.0, 240.0, 234.0, 234.0, 233.0, 233.0, 233.0, 233.0, 234.0, 234.0, 234.0, 240.0, 240.0, 241.0, 241.0, 246.0, 247.0, 248.0, 253.0, 259.0, 309.0, 305.0, 290.0, 316.0, 325.0, 325.0, 317.0, 314.0, 318.0, 315.0, 315.0, 320.0, 326.0, 189.0]","[177.93, 179.93, 180.93, 180.93, 178.93, 178.93, 180.93, 182.93, 182.93, 182.93, 189.93, 195.93, 199.93, 203.93, 212.93, 213.93, 209.93, 199.93, 208.93, 237.93, 277.93, 340.93, 333.93, 284.93, 276.93, 265.93, 255.93, 251.93, 249.93, 247.93, 245.93, 241.93, 239.93, 238.93, 237.93, 236.93, 235.93, 231.93, 224.93, 229.93, 229.93, 237.93, 243.93, 245.93, 247.93, 248.93, 247.93, 228.93, 209.93, 219.93, 252.93, 311.93, 338.93, 309.93, 288.93, 267.93, 259.93, 250.93, 241.93, 231.93, 221.93]","[169.57042452830188, 174.86892199824715, 177.02861731138267, 177.9645754857811, 178.33348223162108, 178.3811639833642, 178.95137731038974, 180.5716900171029, 182.68477217823823, 184.0395320584327, 186.52098391522298, 190.26284943876468, 194.0970677602514, 279.8532876363645, 267.8916322453193, 304.28112100825047, 290.19581334494563, 277.036717694869, 261.7850758012043, 255.40089844905955, 323.1345452926218, 313.93823631093295, 305.52877169370123, 291.1756222020105, 280.7106956824953, 270.9497189657753, 262.71526941276096, 255.63958589578033, 251.81533469732346, 247.9281201604205, 245.07527208613902, 242.34883450535565, 240.2409062561517, 238.70903047343154, 237.54683200065026, 236.80099992799913, 236.1432390562001, 235.0046108566499, 234.0947760436819, 234.40654036318924, 234.78574154008223, 236.46212130297403, 239.50834195868634, 242.0006173603793, 244.13740258839147, 246.5834410425687, 249.0488116289986, 256.1839368684098, 256.64288743230367, 256.0417715589194, 266.2246082974387, 284.94012405829557, 301.78714181900193, 305.97082290784044, 304.3565777443, 300.2754587889071, 295.6860149590699, 291.12861505831654, 287.48742303023533, 284.43420046921005, 256.14288664410134]"
