id,fecha,imagen_path,angulo,ultrasonico,infrarrojo,kalman
4,2025-12-06T13:06:39.521396,,"[0, 3, 6, 9, 12, 15, 18, 21, 24, 27, 30, 33, 36, 39, 42, 45, 48, 51, 54, 57, 60, 63, 66, 69, 72, 75, 78, 81, 84, 87, 90, 93, 96, 99, 102, 105, 108, 111, 114, 117, 120, 123, 126, 129, 132, 135, 138, 141, 144, 147, 150, 153, 156, 159, 162, 165, 168, 171, 174, 177, 180]","[191.0, 191.0, 191.0, 196.0, 197.0, 197.0, 198.0, 208.0, 203.0, 214.0, 214.0, 262.0, 294.0, 240.0, 224.0, 246.0, 219.0, 221.0, 210.0, 204.0, 205.0, 199.0, 189.0, 184.0, 189.0, 183.0, 187.0, 183.0, 182.0, 183.0, 183.0, 184.0, 184.0, 184.0, 184.0, 188.0, 188.0, 189.0, 194.0, 194.0, 195.0, 196.0, 201.0, 202.0, 212.0, 225.0, 231.0, 252.0, 252.0, 256.0, 248.0, 265.0, 236.0, 231.0, 225.0, 225.0, 219.0, 218.0, 218.0, 212.0, 212.0]","[188.93, 194.93, 197.93, 194.93, 194.93, 195.93, 201.93, 203.93, 206.93, 209.93, 213.93, 222.93, 227.93, 249.93, 251.93, 229.93, 212.93, 215.93, 216.93, 212.93, 209.93, 207.93, 206.93, 202.93, 198.93, 196.93, 193.93, 191.93, 189.93, 188.93, 187.93, 186.93, 187.93, 185.93, 184.93, 181.93, 188.93, 183.93, 185.93, 188.93, 192.93, 195.93, 197.93, 201.93, 205.93, 208.93, 213.93, 212.93, 219.93, 237.93, 261.93, 260.93, 235.93, 231.93, 238.93, 239.93, 237.93, 233.93, 229.93, 225.93, 223.93]","[181.0043867924528, 187.40923751095528, 190.39943844056154, 192.34541916502872, 193.68014034404393, 194.68979089082092, 196.58897395352827, 199.95480561166434, 201.7512413017157, 205.41165309773655, 208.47638731230137, 220.65377357604788, 235.09592163142685, 238.63162855186042, 238.39280285651387, 238.2395389883958, 230.25951128820648, 226.03403714120466, 221.5310839176628, 216.8500602251189, 213.48779129262942, 209.8970504152484, 205.62230302000657, 201.26685718240535, 198.65091157394082, 195.53911800387624, 193.7212768202979, 191.47991829247712, 189.50415706901512, 188.23622725939808, 187.24341411692345, 186.60628379783708, 186.37653902306695, 185.87084448341471, 185.36719005569773, 185.22310242386817, 186.3845367700468, 186.4133633312436, 187.68576405192366, 189.03970393723182, 190.8042285337253, 192.65311397595505, 195.09352370661034, 197.55528210232666, 201.64289990497738, 207.13215824458825, 212.62526486534247, 219.73300015412102, 225.5482369669583, 233.2209544376387, 241.0109233518115, 248.87613749231127, 244.25062475489253, 239.67007790572217, 236.90967542244402, 235.31733680840247, 232.86243527805908, 230.39137687958853, 228.08907871804453, 224.8203084526315, 222.3643423082492]"
