id,fecha,imagen_path,angulo,ultrasonico,infrarrojo,kalman
41,2025-12-06T13:35:58.621096,,"[0, 3, 6, 9, 12, 15, 18, 21, 24, 27, 30, 33, 36, 39, 42, 45, 48, 51, 54, 57, 60, 63, 66, 69, 72, 75, 78, 81, 84, 87, 90, 93, 96, 99, 102, 105, 108, 111, 114, 117, 120, 123, 126, 129, 132, 135, 138, 141, 144, 147, 150, 153, 156, 159, 162, 165, 168, 171, 174, 177, 180]","[178.0, 179.0, 178.0, 179.0, 179.0, 179.0, 179.0, 179.0, 186.0, 191.0, 196.0, 199.0, 198.0, 470.0, 288.0, 480.0, 485.0, 272.0, 275.0, 277.0, 260.0, 262.0, 260.0, 253.0, 247.0, 245.0, 252.0, 246.0, 240.0, 239.0, 239.0, 234.0, 234.0, 233.0, 234.0, 234.0, 234.0, 234.0, 239.0, 239.0, 215.0, 202.0, 222.0, 219.0, 167.0, 176.0, 186.0, 165.0, 159.0, 154.0, 148.0, 147.0, 147.0, 142.0, 142.0, 142.0, 141.0, 141.0, 141.0, 141.0, 141.0]","[180.93, 180.93, 180.93, 180.93, 179.93, 178.93, 179.93, 180.93, 184.93, 185.93, 186.93, 189.93, 191.93, 199.93, 201.93, 212.93, 209.93, 209.93, 211.93, 220.93, 271.93, 306.93, 324.93, 290.93, 276.93, 264.93, 258.93, 245.93, 252.93, 250.93, 249.93, 246.93, 243.93, 241.93, 239.93, 239.93, 237.93, 237.93, 237.93, 236.93, 234.93, 224.93, 214.93, 207.93, 198.93, 191.93, 184.93, 178.93, 172.93, 165.93, 160.93, 155.93, 153.93, 149.93, 147.93, 145.93, 144.93, 142.93, 142.93, 141.93, 140.93]","[170.99966981132076, 175.80056091148117, 177.35353398646603, 178.35675198417636, 178.76541866845918, 178.83777685716922, 179.06359000405084, 179.3871806474949, 181.5664197660298, 184.03873629612977, 186.69962737417188, 189.48179276631384, 191.44624033370832, 242.8634297421974, 243.61633625473522, 280.4627102243365, 304.4668042558428, 281.7167957464324, 268.0127987713583, 261.1887803507353, 262.8998972275868, 270.62575859584365, 278.44983216723676, 276.12659195319804, 271.0530944369632, 265.2894128248074, 261.7697425641302, 256.10757390637593, 252.65304881493947, 249.89874713231723, 247.95206609143423, 245.26976799086114, 243.0110371342206, 241.02412735018208, 239.5699142514327, 238.63668400297, 237.6795329856057, 237.0652885653626, 237.566745781931, 237.70942337013776, 233.1436372289295, 226.0936164843079, 223.3606068840258, 219.81543081307095, 206.61348503511496, 198.49949383367758, 193.82978775321908, 185.996562035214, 178.82010330727823, 172.06511982382457, 165.75974367291013, 160.63854354809098, 156.99379456339443, 153.04264542864664, 150.14876781013257, 147.93338618414944, 146.15342422550063, 144.65288954245636, 143.68993276790334, 142.89283376218322, 142.20217272415192]"
