id,fecha,imagen_path,angulo,ultrasonico,infrarrojo,kalman
48,2025-12-06T13:43:38.097882,,"[0, 3, 6, 9, 12, 15, 18, 21, 24, 27, 30, 33, 36, 39, 42, 45, 48, 51, 54, 57, 60, 63, 66, 69, 72, 75, 78, 81, 84, 87, 90, 93, 96, 99, 102, 105, 108, 111, 114, 117, 120, 123, 126, 129, 132, 135, 138, 141, 144, 147, 150, 153, 156, 159, 162, 165, 168, 171, 174, 177, 180]","[176.0, 175.0, 176.0, 175.0, 186.0, 190.0, 198.0, 232.0, 224.0, 241.0, 233.0, 213.0, 278.0, 207.0, 201.0, 196.0, 196.0, 195.0, 190.0, 189.0, 189.0, 189.0, 189.0, 189.0, 189.0, 193.0, 194.0, 190.0, 190.0, 191.0, 191.0, 240.0, 217.0, 201.0, 197.0, 198.0, 203.0, 213.0, 218.0, 219.0, 225.0, 226.0, 265.0, 265.0, 260.0, 256.0, 273.0, 269.0, 287.0, 291.0, 292.0, 276.0, 226.0, 217.0, 202.0, 198.0, 197.0, 196.0, 190.0, 189.0, 189.0]","[175.93, 175.93, 175.93, 175.93, 178.93, 180.93, 185.93, 195.93, 204.93, 221.93, 240.93, 229.93, 217.93, 219.93, 219.93, 216.93, 212.93, 207.93, 203.93, 200.93, 197.93, 193.93, 194.93, 193.93, 191.93, 189.93, 191.93, 193.93, 194.93, 196.93, 198.93, 198.93, 198.93, 199.93, 200.93, 201.93, 201.93, 203.93, 204.93, 212.93, 218.93, 224.93, 229.93, 233.93, 236.93, 246.93, 268.93, 275.93, 246.93, 230.93, 233.93, 240.93, 238.93, 233.93, 228.93, 221.93, 215.93, 211.93, 207.93, 203.93, 200.93]","[167.66476415094337, 171.8417528483786, 173.58916675083324, 174.30978485059586, 177.3170221180077, 180.27107055850482, 184.48112408854175, 195.06532708195024, 202.02119787339964, 212.57328195993824, 221.31303420938963, 221.36748027190302, 230.89647137178184, 224.65145317851167, 219.56902828776242, 214.87440310531946, 211.14515307836442, 207.6771639796937, 203.83944969962852, 200.66011076655354, 198.0824078199646, 195.7116713586635, 194.36939797949586, 193.32887541707265, 192.30287037022882, 192.00269696776778, 192.34744931324687, 192.21043395182232, 192.30163416552006, 192.89754756656686, 193.6382280504184, 202.89086459700283, 204.70871201377295, 203.18837006207914, 201.67531576855814, 201.0625821982445, 201.5650089913188, 204.0369829996303, 206.69812631635463, 210.01805395908002, 214.2981378105949, 218.29875071746332, 228.74778029672723, 236.16988107432775, 240.57470049729824, 244.47623272821514, 253.96603410993896, 260.59342866789393, 262.876092327202, 262.191429034977, 262.46856668873846, 261.03425861751754, 250.79910546291495, 241.72297041442624, 232.31585375386695, 224.3084912118553, 217.9159254189802, 212.9179007861622, 207.9191684630987, 203.815625908916, 200.64482218227312]"
