id,fecha,imagen_path,angulo,ultrasonico,infrarrojo,kalman
51,2025-12-06T13:49:53.525842,,"[0, 3, 6, 9, 12, 15, 18, 21, 24, 27, 30, 33, 36, 39, 42, 45, 48, 51, 54, 57, 60, 63, 66, 69, 72, 75, 78, 81, 84, 87, 90, 93, 96, 99, 102, 105, 108, 111, 114, 117, 120, 123, 126, 129, 132, 135, 138, 141, 144, 147, 150, 153, 156, 159, 162, 165, 168, 171, 174, 177, 180]","[175.0, 175.0, 175.0, 175.0, 191.0, 186.0, 202.0, 198.0, 228.0, 232.0, 229.0, 213.0, 209.0, 207.0, 201.0, 196.0, 196.0, 195.0, 195.0, 189.0, 189.0, 189.0, 189.0, 189.0, 189.0, 189.0, 194.0, 195.0, 190.0, 196.0, 196.0, 217.0, 212.0, 196.0, 196.0, 198.0, 203.0, 213.0, 218.0, 218.0, 232.0, 229.0, 227.0, 235.0, 265.0, 260.0, 273.0, 273.0, 287.0, 291.0, 292.0, 280.0, 598.0, 212.0, 207.0, 202.0, 196.0, 191.0, 195.0, 189.0, 189.0]","[172.93, 175.93, 175.93, 174.93, 177.93, 182.93, 189.93, 193.93, 202.93, 218.93, 242.93, 234.93, 214.93, 214.93, 215.93, 212.93, 208.93, 203.93, 202.93, 201.93, 198.93, 196.93, 195.93, 193.93, 192.93, 192.93, 191.93, 189.93, 194.93, 194.93, 194.93, 198.93, 198.93, 199.93, 200.93, 201.93, 203.93, 207.93, 208.93, 207.93, 209.93, 218.93, 223.93, 228.93, 233.93, 241.93, 267.93, 291.93, 252.93, 227.93, 235.93, 237.93, 229.93, 227.93, 225.93, 222.93, 216.93, 210.93, 207.93, 200.93, 197.93]","[165.75910377358488, 170.9565644171779, 172.86721947278053, 173.6731006020949, 177.6526157296524, 180.1224448604314, 185.82608840675482, 189.465782819979, 198.78796037147757, 208.34849077205985, 218.2437121029421, 220.29352605942017, 217.3096970593241, 215.0366388807467, 212.68228993952482, 209.7383786906797, 207.1326339228159, 204.3856452500483, 202.4436578306331, 199.94350071751438, 197.80165753876057, 196.06888835029187, 194.77776806484076, 193.59094382798455, 192.65017957400227, 192.04645123551478, 192.37552828337425, 192.40758220311247, 192.4281525634715, 193.51612614501846, 194.2143249555596, 199.14060837591003, 201.40636954769582, 200.17347285780195, 199.5613995242166, 199.70599244971802, 201.0526853583976, 204.4247183252258, 207.66346766558587, 209.56278175431532, 213.6477127498725, 217.34395900389097, 220.253383412931, 224.4491587062785, 233.41127320705442, 239.7000287034846, 250.7218125457756, 262.09404973116875, 264.91387724410083, 262.9617757261495, 263.3211884161581, 261.7605509419205, 316.2889469278825, 281.7801638172777, 258.3805119768939, 241.93093225390652, 229.22499356472693, 219.100636956267, 212.7825365238083, 206.39926919438994, 201.7654693496062]"
