id,fecha,imagen_path,angulo,ultrasonico,infrarrojo,kalman
55,2025-12-06T13:51:01.492308,,"[0, 3, 6, 9, 12, 15, 18, 21, 24, 27, 30, 33, 36, 39, 42, 45, 48, 51, 54, 57, 60, 63, 66, 69, 72, 75, 78, 81, 84, 87, 90, 93, 96, 99, 102, 105, 108, 111, 114, 117, 120, 123, 126, 129, 132, 135, 138, 141, 144, 147, 150, 153, 156, 159, 162, 165, 168, 171, 174, 177, 180]","[175.0, 176.0, 175.0, 175.0, 190.0, 186.0, 202.0, 198.0, 232.0, 227.0, 215.0, 253.0, 208.0, 207.0, 201.0, 196.0, 196.0, 190.0, 190.0, 190.0, 189.0, 189.0, 189.0, 189.0, 189.0, 194.0, 194.0, 190.0, 191.0, 196.0, 196.0, 245.0, 204.0, 197.0, 197.0, 198.0, 203.0, 213.0, 228.0, 229.0, 225.0, 226.0, 235.0, 265.0, 260.0, 269.0, 273.0, 273.0, 262.0, 235.0, 229.0, 228.0, 218.0, 217.0, 211.0, 211.0, 206.0, 210.0, 205.0, 204.0, 204.0]","[171.93, 172.93, 173.93, 174.93, 178.93, 181.93, 190.93, 196.93, 210.93, 218.93, 231.93, 229.93, 214.93, 217.93, 216.93, 205.93, 205.93, 206.93, 199.93, 198.93, 197.93, 195.93, 194.93, 193.93, 192.93, 192.93, 193.93, 194.93, 193.93, 192.93, 195.93, 197.93, 196.93, 199.93, 201.93, 201.93, 205.93, 208.93, 209.93, 215.93, 218.93, 221.93, 218.93, 226.93, 236.93, 249.93, 276.93, 280.93, 241.93, 234.93, 241.93, 243.93, 240.93, 236.93, 230.93, 222.93, 216.93, 216.93, 212.93, 212.93, 210.93]","[165.28268867924527, 170.19977212971077, 172.00735683264315, 173.14356187644614, 177.31834451824267, 179.72808869585032, 185.75371873496408, 189.95786674434672, 201.25494112601805, 209.03540255477483, 214.2056454430968, 223.97208377318992, 219.49121897156456, 216.97399799971063, 214.10470218126414, 209.39729653504995, 206.37636039082875, 203.54205484122215, 200.46925966113926, 198.31818808475174, 196.57949668272803, 195.1054470894391, 193.98035814426345, 193.0792120478406, 192.3217795777509, 192.7313469477198, 193.17331249187328, 192.9195541800813, 192.75670670431865, 193.3687157084192, 194.2988542084431, 204.0313315723001, 202.7536662911919, 201.21721912933157, 200.58947336283353, 200.36575105365006, 201.83433801792674, 205.10546678751007, 210.07074947056006, 214.51108354095658, 217.1815055347966, 219.61174377458713, 222.24610347778182, 230.74357769694896, 237.09241137924485, 245.10756060184116, 255.80421427198723, 263.38522593552193, 259.2938435487714, 250.57785119035026, 245.16355785474693, 241.86810487484078, 237.4245986681815, 233.67736827141954, 229.123066111968, 224.76734689692773, 220.00168042904727, 217.65986518596745, 214.544863917351, 212.36670664745694, 210.61063313755866]"
