id,fecha,imagen_path,angulo,ultrasonico,infrarrojo,kalman
56,2025-12-06T13:51:18.192501,,"[0, 3, 6, 9, 12, 15, 18, 21, 24, 27, 30, 33, 36, 39, 42, 45, 48, 51, 54, 57, 60, 63, 66, 69, 72, 75, 78, 81, 84, 87, 90, 93, 96, 99, 102, 105, 108, 111, 114, 117, 120, 123, 126, 129, 132, 135, 138, 141, 144, 147, 150, 153, 156, 159, 162, 165, 168, 171, 174, 177, 180]","[180.0, 175.0, 176.0, 175.0, 191.0, 186.0, 202.0, 198.0, 232.0, 232.0, 224.0, 204.0, 258.0, 207.0, 201.0, 196.0, 195.0, 195.0, 190.0, 189.0, 189.0, 189.0, 189.0, 189.0, 189.0, 189.0, 195.0, 191.0, 191.0, 197.0, 196.0, 245.0, 208.0, 197.0, 197.0, 198.0, 208.0, 208.0, 213.0, 218.0, 229.0, 225.0, 227.0, 257.0, 265.0, 265.0, 273.0, 269.0, 283.0, 239.0, 233.0, 223.0, 222.0, 217.0, 211.0, 211.0, 210.0, 205.0, 205.0, 205.0, 204.0]","[175.93, 173.93, 173.93, 174.93, 180.93, 184.93, 191.93, 194.93, 205.93, 221.93, 240.93, 234.93, 212.93, 210.93, 216.93, 216.93, 209.93, 207.93, 204.93, 200.93, 197.93, 195.93, 194.93, 193.93, 192.93, 191.93, 190.93, 190.93, 195.93, 196.93, 197.93, 199.93, 199.93, 199.93, 201.93, 201.93, 205.93, 207.93, 208.93, 210.93, 206.93, 215.93, 224.93, 230.93, 236.93, 247.93, 272.93, 280.93, 245.93, 234.93, 242.93, 244.93, 239.93, 231.93, 225.93, 224.93, 219.93, 218.93, 216.93, 212.93, 210.93]","[169.57042452830188, 172.19144609991235, 173.36686597313403, 173.98080343592167, 178.39997838927883, 180.96140115864526, 186.7230237280667, 190.22022520621562, 200.52683914963134, 210.00176005784132, 218.05052281788963, 218.55729945999857, 224.6147563060553, 219.00805732080667, 215.4100413922161, 212.20540724035692, 208.71583021119073, 206.1181646654956, 203.01810256156602, 200.13301747205287, 197.74414969179347, 195.8528543387638, 194.46000108812117, 193.38701927616816, 192.51931253652177, 191.7833395200303, 192.2066783315942, 191.7618376704042, 192.37200846707162, 194.01748245038345, 195.0734529237576, 204.8866820040273, 204.5564824494165, 202.37416275246312, 201.3319331754985, 200.8422190183815, 203.03575165140998, 204.80169218421597, 207.0097438623519, 209.68064580619276, 212.64857840450668, 215.44887060746092, 219.21635356413304, 228.08274348455228, 236.28048508835107, 243.51174034204578, 254.0635935608268, 261.55168063076434, 262.5953993471511, 253.41311477183956, 247.8787107203915, 242.89401853503938, 238.6203573482084, 233.54909342929778, 228.14510277927326, 224.49800390035557, 221.08273309302226, 217.81623619580665, 215.36172896825678, 213.07005239536713, 211.0619999473075]"
