id,fecha,imagen_path,angulo,ultrasonico,infrarrojo,kalman
57,2025-12-06T13:57:00.942966,,"[0, 3, 6, 9, 12, 15, 18, 21, 24, 27, 30, 33, 36, 39, 42, 45, 48, 51, 54, 57, 60, 63, 66, 69, 72, 75, 78, 81, 84, 87, 90, 93, 96, 99, 102, 105, 108, 111, 114, 117, 120, 123, 126, 129, 132, 135, 138, 141, 144, 147, 150, 153, 156, 159, 162, 165, 168, 171, 174, 177, 180]","[175.0, 180.0, 180.0, 175.0, 195.0, 186.0, 211.0, 202.0, 236.0, 240.0, 224.0, 199.0, 209.0, 202.0, 201.0, 196.0, 196.0, 190.0, 195.0, 189.0, 189.0, 189.0, 189.0, 189.0, 189.0, 194.0, 195.0, 191.0, 191.0, 197.0, 196.0, 204.0, 200.0, 197.0, 198.0, 203.0, 213.0, 213.0, 219.0, 219.0, 221.0, 226.0, 257.0, 269.0, 265.0, 266.0, 269.0, 273.0, 282.0, 243.0, 233.0, 223.0, 218.0, 217.0, 211.0, 211.0, 210.0, 205.0, 205.0, 204.0, 204.0]","[176.93, 173.93, 173.93, 174.93, 181.93, 185.93, 191.93, 195.93, 209.93, 225.93, 242.93, 224.93, 207.93, 217.93, 217.93, 212.93, 209.93, 208.93, 203.93, 199.93, 196.93, 195.93, 194.93, 192.93, 190.93, 189.93, 192.93, 194.93, 192.93, 196.93, 199.93, 199.93, 199.93, 200.93, 201.93, 203.93, 208.93, 209.93, 205.93, 209.93, 217.93, 221.93, 226.93, 232.93, 240.93, 254.93, 283.93, 273.93, 235.93, 231.93, 239.93, 234.93, 234.93, 233.93, 232.93, 227.93, 223.93, 218.93, 215.93, 211.93, 210.93]","[167.66476415094337, 172.64499561787903, 174.47579436420563, 174.66372707934218, 179.75294931374967, 182.0051275729179, 189.01107925199952, 192.58436514200673, 203.47752666731196, 214.04526166186906, 221.00351288245457, 217.76520881777193, 214.43325877289817, 212.83245544804748, 211.62603414088315, 209.06053516057958, 206.87676204391738, 204.22144143460838, 202.5174100875815, 199.63257308212692, 197.24386450792548, 195.53180011038663, 194.25396696766552, 193.07566965404646, 191.96124870364844, 191.96259263396212, 192.6799702301283, 192.7820843027205, 192.48935766635006, 194.09279041074586, 195.4800388067734, 197.8033252421346, 198.57776158692778, 198.71649267961038, 199.16377987771065, 200.70472454458758, 204.38054589159887, 206.91860520167768, 208.9056431215876, 210.89732480480617, 213.96675929646392, 217.54870471014456, 226.29602731677465, 235.13387351221994, 241.52200954910035, 248.3084792670177, 258.39576595026796, 263.79443311508504, 262.0642521452332, 253.2513838602729, 247.23753477787164, 240.6912608798278, 235.5945952340106, 231.96559106549992, 228.38280361685466, 225.1879329678414, 222.2420049886574, 218.56019015972703, 215.66002700849864, 212.90322533523104, 210.95493994426187]"
