id,fecha,imagen_path,angulo,ultrasonico,infrarrojo,kalman
58,2025-12-06T13:57:23.626323,,"[0, 3, 6, 9, 12, 15, 18, 21, 24, 27, 30, 33, 36, 39, 42, 45, 48, 51, 54, 57, 60, 63, 66, 69, 72, 75, 78, 81, 84, 87, 90, 93, 96, 99, 102, 105, 108, 111, 114, 117, 120, 123, 126, 129, 132, 135, 138, 141, 144, 147, 150, 153, 156, 159, 162, 165, 168, 171, 174, 177, 180]","[175.0, 175.0, 175.0, 175.0, 199.0, 190.0, 214.0, 214.0, 223.0, 220.0, 233.0, 199.0, 209.0, 202.0, 201.0, 196.0, 196.0, 190.0, 190.0, 189.0, 189.0, 189.0, 189.0, 189.0, 189.0, 190.0, 195.0, 191.0, 191.0, 192.0, 196.0, 217.0, 205.0, 197.0, 197.0, 203.0, 213.0, 214.0, 219.0, 547.0, 225.0, 225.0, 265.0, 265.0, 261.0, 249.0, 274.0, 273.0, 278.0, 231.0, 229.0, 223.0, 218.0, 217.0, 211.0, 211.0, 210.0, 210.0, 205.0, 204.0, 204.0]","[176.93, 176.93, 174.93, 173.93, 177.93, 185.93, 191.93, 197.93, 208.93, 223.93, 246.93, 231.93, 213.93, 215.93, 218.93, 213.93, 210.93, 205.93, 201.93, 200.93, 195.93, 191.93, 190.93, 193.93, 193.93, 193.93, 192.93, 194.93, 196.93, 197.93, 199.93, 195.93, 197.93, 200.93, 197.93, 200.93, 206.93, 209.93, 212.93, 214.93, 216.93, 221.93, 227.93, 232.93, 235.93, 245.93, 272.93, 269.93, 239.93, 235.93, 243.93, 239.93, 234.93, 233.93, 232.93, 227.93, 222.93, 218.93, 210.93, 209.93, 211.93]","[167.66476415094337, 172.10950043821208, 173.31964852035148, 173.75964552285222, 179.18224801757754, 182.36643373490597, 189.7823384615357, 195.59163487870606, 202.89662893553313, 209.73036100588266, 220.56367966454317, 218.73693279844576, 216.13164540233922, 213.56411510224214, 212.27469963312302, 209.65594002575858, 207.4379873704196, 204.04421697582873, 201.14977600025568, 198.93403307584836, 196.61645296315427, 194.41264835771187, 192.81924466174831, 192.33407626005604, 192.02272311124446, 192.00204336970145, 192.7052874411655, 192.79833143126473, 193.21629927711356, 193.84278454787426, 195.3195994366941, 199.31252355356335, 200.0836645336606, 199.68289449675035, 198.88831700494688, 199.99056197686303, 203.56397990011646, 206.57370894238431, 209.93821005111133, 271.209852136832, 253.20925353062557, 242.5531495542832, 243.95459958719593, 245.7496134612868, 246.7224212428872, 246.98845570356949, 256.47387811185087, 261.8445610035112, 260.81293647717905, 251.01533122414526, 245.80256492442726, 240.66602376211682, 235.57839950475181, 231.9551975788416, 228.37613367546513, 225.18365258344275, 222.06012929962216, 219.33911673673484, 215.26425331947317, 212.29098299661055, 210.74116684256563]"
