id,fecha,imagen_path,angulo,ultrasonico,infrarrojo,kalman
6,2025-12-06T13:07:34.237977,,"[0, 3, 6, 9, 12, 15, 18, 21, 24, 27, 30, 33, 36, 39, 42, 45, 48, 51, 54, 57, 60, 63, 66, 69, 72, 75, 78, 81, 84, 87, 90, 93, 96, 99, 102, 105, 108, 111, 114, 117, 120, 123, 126, 129, 132, 135, 138, 141, 144, 147, 150, 153, 156, 159, 162, 165, 168, 171, 174, 177, 180]","[233.0, 238.0, 237.0, 237.0, 232.0, 232.0, 231.0, 231.0, 232.0, 232.0, 237.0, 237.0, 242.0, 244.0, 248.0, 250.0, 250.0, 261.0, 382.0, 254.0, 216.0, 242.0, 205.0, 211.0, 203.0, 198.0, 187.0, 187.0, 186.0, 186.0, 186.0, 185.0, 185.0, 189.0, 189.0, 189.0, 190.0, 190.0, 190.0, 190.0, 191.0, 187.0, 193.0, 197.0, 203.0, 208.0, 266.0, 232.0, 249.0, 249.0, 261.0, 540.0, 241.0, 241.0, 244.0, 243.0, 238.0, 238.0, 237.0, 237.0, 237.0]","[242.93, 252.93, 252.93, 251.93, 245.93, 243.93, 240.93, 238.93, 236.93, 235.93, 237.93, 239.93, 240.93, 234.93, 236.93, 253.93, 266.93, 241.93, 233.93, 236.93, 235.93, 231.93, 223.93, 217.93, 207.93, 207.93, 207.93, 203.93, 200.93, 197.93, 194.93, 189.93, 185.93, 186.93, 189.93, 189.93, 189.93, 189.93, 189.93, 184.93, 186.93, 190.93, 193.93, 195.93, 197.93, 202.93, 203.93, 204.93, 210.93, 223.93, 232.93, 243.93, 263.93, 253.93, 238.93, 231.93, 235.93, 245.93, 244.93, 241.93, 238.93]","[226.7402358490566, 236.76725679228747, 240.2414240985759, 241.86394851093473, 240.794960649955, 239.76895874301024, 238.39945587280332, 237.16654544274934, 236.19788988260794, 235.3976657235149, 236.1384085184096, 236.97197602555067, 238.58167444486764, 238.89813563421464, 240.17599698591974, 244.39950362146956, 249.438577641186, 250.1645589963132, 270.8720069269466, 261.76975393889614, 248.94242956201327, 244.65142472328137, 233.83690953378746, 226.89677629811226, 219.21868020719796, 213.39567623944086, 207.6883908889256, 203.30926857789018, 199.78248484365562, 196.98181172398006, 194.64711459488015, 192.07406767627668, 189.70631915394085, 189.08247838613377, 189.21951964979704, 189.30746484341967, 189.54303179047403, 189.6942050956232, 189.79121941989703, 188.95783370441129, 188.9604010840512, 188.96204868050134, 190.57526507578186, 192.6853071947055, 195.4724410305526, 199.05235091998813, 211.918329293541, 214.26372362912494, 219.88882473973308, 225.82736500000914, 233.40008273999067, 290.20716460483, 276.68574844600136, 266.2171941288951, 257.34953322059425, 250.22574867842997, 245.47498508720386, 244.21750636089646, 243.05227133727277, 241.76710422686025, 240.4049716075764]"
