id,fecha,imagen_path,angulo,ultrasonico,infrarrojo,kalman
62,2025-12-06T13:59:13.759638,,"[0, 3, 6, 9, 12, 15, 18, 21, 24, 27, 30, 33, 36, 39, 42, 45, 48, 51, 54, 57, 60, 63, 66, 69, 72, 75, 78, 81, 84, 87, 90, 93, 96, 99, 102, 105, 108, 111, 114, 117, 120, 123, 126, 129, 132, 135, 138, 141, 144, 147, 150, 153, 156, 159, 162, 165, 168, 171, 174, 177, 180]","[176.0, 176.0, 176.0, 176.0, 186.0, 190.0, 271.0, 202.0, 229.0, 224.0, 234.0, 207.0, 223.0, 204.0, 195.0, 193.0, 193.0, 192.0, 191.0, 186.0, 186.0, 186.0, 191.0, 186.0, 187.0, 187.0, 191.0, 193.0, 188.0, 185.0, 185.0, 189.0, 193.0, 189.0, 189.0, 190.0, 195.0, 196.0, 197.0, 197.0, 198.0, 202.0, 208.0, 209.0, 255.0, 275.0, 243.0, 246.0, 245.0, 236.0, 234.0, 234.0, 229.0, 233.0, 228.0, 228.0, 228.0, 228.0, 228.0, 228.0, 229.0]","[176.93, 176.93, 176.93, 176.93, 180.93, 185.93, 189.93, 190.93, 201.93, 220.93, 240.93, 233.93, 216.93, 217.93, 216.93, 212.93, 208.93, 205.93, 201.93, 198.93, 194.93, 190.93, 190.93, 190.93, 189.93, 187.93, 188.93, 190.93, 192.93, 193.93, 194.93, 194.93, 193.93, 192.93, 191.93, 189.93, 190.93, 190.93, 196.93, 195.93, 198.93, 201.93, 204.93, 208.93, 211.93, 214.93, 220.93, 230.93, 245.93, 242.93, 230.93, 233.93, 238.93, 237.93, 235.93, 233.93, 232.93, 228.93, 230.93, 229.93, 229.93]","[168.141179245283, 172.59854513584574, 174.2371316028684, 175.09298714950364, 178.1801686138827, 181.7276581033386, 199.2740969905584, 198.26567961471778, 204.4326006141669, 210.8950606518756, 220.4152874273803, 220.43309836907764, 220.2653945666777, 216.93342493343633, 213.00388770573443, 209.4073741762978, 206.38282763832828, 203.72533398329122, 201.12426407262356, 198.0220170229815, 195.31465841800855, 192.86071642125887, 192.18156166144178, 190.85007531188904, 189.99560402710037, 189.0889959787827, 189.40283105032273, 190.32074747090775, 190.37242703137477, 190.04733442861766, 190.0178374963352, 190.71542320231188, 191.70047990299355, 191.43698866053418, 191.0887663654339, 190.68616855867265, 191.5025771721327, 192.2056300047671, 193.91071033158946, 194.8258039399819, 196.1295734753619, 198.2201591990488, 201.1739358252756, 203.96514354029648, 214.53369041601846, 225.43593742414336, 227.77502351365433, 231.60478850761749, 236.5703141895732, 237.60735729247006, 235.76506886739185, 235.1201805700354, 234.70632838668598, 234.97812823491716, 233.89865223689722, 232.84764911676115, 231.9940470352295, 230.7297392217526, 230.2766368221218, 229.80673300216753, 229.68430456739458]"
