id,fecha,imagen_path,angulo,ultrasonico,infrarrojo,kalman
67,2025-12-06T14:04:44.671888,,"[0, 3, 6, 9, 12, 15, 18, 21, 24, 27, 30, 33, 36, 39, 42, 45, 48, 51, 54, 57, 60, 63, 66, 69, 72, 75, 78, 81, 84, 87, 90, 93, 96, 99, 102, 105, 108, 111, 114, 117, 120, 123, 126, 129, 132, 135, 138, 141, 144, 147, 150, 153, 156, 159, 162, 165, 168, 171, 174, 177, 180]","[191.0, 191.0, 191.0, 191.0, 202.0, 202.0, 210.0, 206.0, 210.0, 201.0, 199.0, 193.0, 193.0, 187.0, 187.0, 182.0, 182.0, 181.0, 181.0, 185.0, 185.0, 186.0, 181.0, 182.0, 182.0, 206.0, 197.0, 183.0, 183.0, 173.0, 173.0, 173.0, 172.0, 172.0, 172.0, 172.0, 173.0, 173.0, 173.0, 173.0, 179.0, 179.0, 180.0, 185.0, 187.0, 187.0, 193.0, 199.0, 208.0, 205.0, 199.0, 226.0, 184.0, 184.0, 178.0, 173.0, 173.0, 167.0, 167.0, 166.0, 161.0]","[186.93, 185.93, 188.93, 191.93, 199.93, 202.93, 218.93, 232.93, 214.93, 204.93, 211.93, 213.93, 208.93, 205.93, 198.93, 192.93, 188.93, 189.93, 187.93, 186.93, 185.93, 183.93, 181.93, 182.93, 185.93, 188.93, 189.93, 188.93, 186.93, 184.93, 178.93, 179.93, 179.93, 177.93, 175.93, 174.93, 171.93, 171.93, 172.93, 174.93, 175.93, 176.93, 178.93, 177.93, 179.93, 183.93, 188.93, 194.93, 205.93, 209.93, 195.93, 193.93, 196.93, 194.93, 190.93, 184.93, 177.93, 175.93, 172.93, 171.93, 169.93]","[180.05155660377358, 184.55691498685363, 186.8488374911625, 188.6221775557933, 193.17359587637284, 196.5421933687752, 202.9947699559236, 208.9072985073985, 210.18293402979216, 207.59616733145717, 206.83255263041528, 205.62603121334948, 203.95614148670157, 201.2723568608929, 198.29617128759597, 194.41581569269945, 191.20911600727646, 189.15124238343284, 187.47236038080118, 186.93233708842098, 186.40665245906902, 185.89016954880802, 184.30481905631459, 183.64568995197476, 183.76008519376106, 188.66997466354164, 190.38782878641715, 188.8033168950371, 187.42821081324473, 184.39620147714245, 181.37565972800542, 179.61637870922834, 178.30824464755165, 177.11050194589043, 175.983602063912, 175.0812938099683, 174.1439867485227, 173.54247703678166, 173.33559151714476, 173.5610818704324, 174.95969009104104, 176.03636511460567, 177.26469951533483, 178.76948895812208, 180.45169133152496, 182.24774711022397, 185.3707689431935, 189.52448998177522, 195.7726847116678, 199.96154516864175, 199.06713896438822, 202.97138017170712, 198.49087480820356, 195.25728683684514, 191.39086838537781, 186.93920697876035, 182.8284854746604, 178.7574307875102, 175.60747590361865, 173.22775863095524, 170.44669159124834]"
