id,fecha,imagen_path,angulo,ultrasonico,infrarrojo,kalman
7,2025-12-06T13:07:50.860610,,"[0, 3, 6, 9, 12, 15, 18, 21, 24, 27, 30, 33, 36, 39, 42, 45, 48, 51, 54, 57, 60, 63, 66, 69, 72, 75, 78, 81, 84, 87, 90, 93, 96, 99, 102, 105, 108, 111, 114, 117, 120, 123, 126, 129, 132, 135, 138, 141, 144, 147, 150, 153, 156, 159, 162, 165, 168, 171, 174, 177, 180]","[238.0, 238.0, 237.0, 237.0, 232.0, 232.0, 231.0, 236.0, 236.0, 232.0, 237.0, 238.0, 238.0, 248.0, 250.0, 259.0, 261.0, 344.0, 274.0, 344.0, 237.0, 225.0, 225.0, 198.0, 197.0, 192.0, 193.0, 187.0, 187.0, 186.0, 186.0, 186.0, 185.0, 189.0, 189.0, 189.0, 185.0, 186.0, 191.0, 191.0, 191.0, 192.0, 197.0, 198.0, 208.0, 217.0, 210.0, 232.0, 246.0, 249.0, 519.0, 250.0, 245.0, 249.0, 243.0, 238.0, 243.0, 238.0, 237.0, 238.0, 237.0]","[252.93, 252.93, 252.93, 252.93, 247.93, 243.93, 235.93, 224.93, 223.93, 231.93, 238.93, 240.93, 241.93, 246.93, 255.93, 264.93, 244.93, 234.93, 233.93, 234.93, 235.93, 228.93, 224.93, 215.93, 210.93, 206.93, 207.93, 203.93, 200.93, 196.93, 194.93, 189.93, 183.93, 188.93, 190.93, 189.93, 189.93, 189.93, 186.93, 184.93, 186.93, 192.93, 195.93, 197.93, 200.93, 203.93, 206.93, 204.93, 210.93, 221.93, 238.93, 257.93, 262.93, 246.93, 236.93, 235.93, 236.93, 244.93, 243.93, 241.93, 239.93]","[233.8864622641509, 240.08671340929007, 242.1541096858903, 243.2339383101535, 242.0285166344443, 240.55528914772717, 238.0026401853135, 235.29675734778513, 233.38502330158644, 232.8761146620447, 234.6995039373121, 236.40687831080976, 237.68163288398762, 241.18663279637843, 245.40633915249185, 251.3386146707644, 251.92127992750633, 265.37160564869345, 261.28510235505036, 271.380764480039, 258.8719273123086, 247.44102898998358, 239.38882144503984, 227.77274196429263, 219.24343818812207, 212.1576629927623, 207.96867796763908, 203.48914068901874, 200.0770451941809, 196.99171481450668, 194.65346982826418, 192.25727488394296, 189.46563342317876, 189.28627770978244, 189.52943510783828, 189.50635074271395, 188.77502138714124, 188.48482509374458, 188.65685138859243, 188.40899039166317, 188.60818504256213, 189.98991819520805, 192.3096652648779, 194.3357317417667, 197.96461876873013, 202.4429749664131, 204.6004110183875, 209.56750496899525, 216.3376756083579, 223.1901843558612, 278.997691197153, 270.02954009092747, 264.2742970028874, 258.43136789845136, 251.8156518177409, 246.49529339209187, 244.15576635334796, 243.19177893951704, 242.2148897440939, 241.40884971274178, 240.35419326969463]"
