id,fecha,imagen_path,angulo,ultrasonico,infrarrojo,kalman
73,2025-12-06T14:10:05.309434,,"[0, 3, 6, 9, 12, 15, 18, 21, 24, 27, 30, 33, 36, 39, 42, 45, 48, 51, 54, 57, 60, 63, 66, 69, 72, 75, 78, 81, 84, 87, 90, 93, 96, 99, 102, 105, 108, 111, 114, 117, 120, 123, 126, 129, 132, 135, 138, 141, 144, 147, 150, 153, 156, 159, 162, 165, 168, 171, 174, 177, 180]","[191.0, 192.0, 192.0, 192.0, 198.0, 198.0, 490.0, 478.0, 229.0, 221.0, 197.0, 196.0, 191.0, 190.0, 189.0, 184.0, 189.0, 184.0, 184.0, 184.0, 184.0, 183.0, 188.0, 185.0, 185.0, 185.0, 197.0, 188.0, 184.0, 193.0, 188.0, 188.0, 189.0, 189.0, 194.0, 195.0, 196.0, 196.0, 197.0, 203.0, 253.0, 257.0, 256.0, 255.0, 255.0, 231.0, 255.0, 255.0, 246.0, 255.0, 205.0, 204.0, 194.0, 189.0, 187.0, 187.0, 182.0, 181.0, 176.0, 175.0, 175.0]","[188.93, 188.93, 190.93, 190.93, 197.93, 200.93, 214.93, 227.93, 217.93, 212.93, 212.93, 209.93, 203.93, 202.93, 200.93, 195.93, 193.93, 192.93, 186.93, 186.93, 186.93, 187.93, 187.93, 187.93, 188.93, 187.93, 190.93, 193.93, 194.93, 193.93, 192.93, 191.93, 187.93, 189.93, 192.93, 193.93, 195.93, 197.93, 194.93, 199.93, 205.93, 209.93, 213.93, 215.93, 222.93, 238.93, 254.93, 234.93, 216.93, 219.93, 221.93, 217.93, 212.93, 208.93, 203.93, 197.93, 193.93, 187.93, 183.93, 183.93, 180.93]","[181.0043867924528, 186.0704995617879, 188.356664983335, 189.55075964720226, 192.65351251175946, 195.12301651428905, 251.7693453904048, 288.09684024404305, 264.92270057425117, 247.73559658269988, 232.41054169808373, 221.86083970531615, 213.12063603961667, 207.15356946964988, 202.78690444945954, 198.19335243679149, 195.78286758454811, 193.1611853855909, 190.40396839261916, 188.6345454952717, 187.49903180721446, 186.77032450973445, 187.19832604865232, 186.93560644045047, 186.94613690565953, 186.77376596720282, 189.3500799937159, 189.92863731012008, 189.76253573426627, 191.08897158326124, 190.86542904040715, 190.5428435208873, 189.7984403513017, 189.67898282147257, 191.03535213392044, 192.26404944264786, 193.58994299414817, 194.7990827139737, 195.21678140709835, 197.45525301386843, 208.92298716928852, 217.71534903654864, 223.89516706536187, 228.04014729199528, 231.9540584702623, 233.03275106459944, 240.89014526176817, 242.34999281633466, 238.45036174597772, 238.09734844178982, 229.27262315806587, 222.71377858221612, 215.8177579515927, 209.78012984855772, 204.65162622199975, 200.28567513135496, 195.87170000425104, 191.7851633847628, 187.55050037949698, 184.65380866538277, 182.25749233010174]"
