id,fecha,imagen_path,angulo,ultrasonico,infrarrojo,kalman
74,2025-12-06T14:10:27.415131,,"[0, 3, 6, 9, 12, 15, 18, 21, 24, 27, 30, 33, 36, 39, 42, 45, 48, 51, 54, 57, 60, 63, 66, 69, 72, 75, 78, 81, 84, 87, 90, 93, 96, 99, 102, 105, 108, 111, 114, 117, 120, 123, 126, 129, 132, 135, 138, 141, 144, 147, 150, 153, 156, 159, 162, 165, 168, 171, 174, 177, 180]","[191.0, 191.0, 187.0, 191.0, 198.0, 202.0, 473.0, 465.0, 242.0, 216.0, 201.0, 195.0, 195.0, 190.0, 185.0, 189.0, 184.0, 184.0, 183.0, 183.0, 183.0, 188.0, 188.0, 185.0, 185.0, 189.0, 192.0, 188.0, 188.0, 188.0, 189.0, 188.0, 189.0, 194.0, 194.0, 195.0, 195.0, 197.0, 207.0, 212.0, 212.0, 265.0, 256.0, 256.0, 251.0, 226.0, 254.0, 250.0, 246.0, 250.0, 277.0, 195.0, 194.0, 189.0, 183.0, 182.0, 182.0, 176.0, 176.0, 175.0, 175.0]","[189.93, 189.93, 189.93, 190.93, 197.93, 200.93, 215.93, 226.93, 215.93, 210.93, 214.93, 213.93, 209.93, 207.93, 199.93, 194.93, 194.93, 191.93, 189.93, 188.93, 186.93, 182.93, 185.93, 187.93, 188.93, 191.93, 193.93, 193.93, 189.93, 191.93, 192.93, 192.93, 191.93, 191.93, 190.93, 190.93, 195.93, 197.93, 202.93, 205.93, 208.93, 207.93, 213.93, 218.93, 224.93, 241.93, 260.93, 238.93, 214.93, 220.93, 223.93, 219.93, 214.93, 206.93, 201.93, 198.93, 193.93, 189.93, 186.93, 181.93, 179.93]","[181.48080188679245, 186.29179666958808, 187.2127906272094, 188.65423537680692, 192.08758175087678, 195.4873636545481, 249.122356659306, 283.8871955364707, 264.1945080696134, 246.01404236353216, 232.38075900727256, 222.3791451314508, 215.24458094429352, 209.41224028827148, 203.34073849802232, 199.26528725135682, 195.7542577402014, 192.96369640185537, 190.6354889518494, 188.96225085104265, 187.53020544808865, 186.79032995770552, 186.85290682273208, 186.71393626703684, 186.80388174984802, 188.1155050760915, 189.8528733409802, 190.25130113482777, 189.7904740166174, 189.8529992712383, 190.2513819496029, 190.32791223313862, 190.37702496330198, 191.30418660986484, 191.72005679365262, 192.16606712091868, 193.34793479610744, 194.82290456950884, 198.45638702802887, 202.22117717013703, 205.17458910051596, 216.38461565788324, 223.0411789925838, 228.20862204954008, 231.70391830115216, 232.51396793501235, 241.4528640390212, 242.53198454739172, 238.2088959923024, 237.22587448315147, 241.9688914130646, 229.60761113728051, 220.60008038046578, 212.49089149802293, 205.31646428295895, 199.9958147854956, 195.68568432139242, 191.1284028740898, 187.66641564736176, 184.3699388416193, 181.89619223470513]"
