id,fecha,imagen_path,angulo,ultrasonico,infrarrojo,kalman
77,2025-12-06T14:12:43.486794,,"[0, 3, 6, 9, 12, 15, 18, 21, 24, 27, 30, 33, 36, 39, 42, 45, 48, 51, 54, 57, 60, 63, 66, 69, 72, 75, 78, 81, 84, 87, 90, 93, 96, 99, 102, 105, 108, 111, 114, 117, 120, 123, 126, 129, 132, 135, 138, 141, 144, 147, 150, 153, 156, 159, 162, 165, 168, 171, 174, 177, 180]","[191.0, 191.0, 191.0, 187.0, 202.0, 198.0, 211.0, 211.0, 229.0, 202.0, 201.0, 195.0, 190.0, 189.0, 184.0, 184.0, 184.0, 183.0, 183.0, 183.0, 183.0, 188.0, 189.0, 185.0, 185.0, 189.0, 192.0, 183.0, 184.0, 193.0, 192.0, 188.0, 189.0, 194.0, 194.0, 195.0, 196.0, 197.0, 202.0, 202.0, 212.0, 209.0, 252.0, 251.0, 226.0, 259.0, 254.0, 255.0, 255.0, 256.0, 200.0, 199.0, 189.0, 188.0, 187.0, 182.0, 182.0, 176.0, 176.0, 175.0, 175.0]","[190.93, 190.93, 190.93, 189.93, 192.93, 200.93, 217.93, 227.93, 219.93, 211.93, 214.93, 213.93, 209.93, 204.93, 199.93, 193.93, 191.93, 187.93, 188.93, 188.93, 185.93, 183.93, 185.93, 187.93, 189.93, 191.93, 193.93, 194.93, 193.93, 191.93, 188.93, 189.93, 191.93, 189.93, 189.93, 194.93, 195.93, 199.93, 202.93, 204.93, 205.93, 207.93, 207.93, 213.93, 227.93, 248.93, 262.93, 232.93, 215.93, 222.93, 222.93, 218.93, 214.93, 207.93, 199.93, 193.93, 190.93, 187.93, 184.93, 180.93, 178.93]","[181.95721698113204, 186.7808413672217, 188.5540692859307, 188.51985252407135, 191.81837749972124, 194.5906596044556, 201.74582822061913, 208.1067053166714, 213.97207143219075, 211.46087377385365, 210.2082735827292, 208.1505826296478, 205.21796542238096, 202.26124891165475, 198.57252481046726, 195.13055056211445, 192.56343606414123, 190.02036689067188, 188.5675008351543, 187.6351351664512, 186.4994102242262, 186.3079537146179, 186.72247430600683, 186.6302321868015, 186.9292940748217, 188.19598748632478, 189.90452231853337, 189.56793133619533, 189.35192662111373, 190.46720872350247, 190.46641743158878, 189.92852327174887, 190.12072012050317, 190.78144734760144, 191.20546404421984, 192.55234625816894, 193.77495529324736, 195.4551993107142, 197.9665134683062, 199.93638788905503, 203.17095651984056, 205.06758766984643, 213.98727409797664, 220.60705926944112, 222.8848396625681, 234.0195423645895, 242.77731260225895, 243.2028106026942, 240.4306813829558, 240.08471871779093, 229.8314878503079, 222.35591062914744, 215.05071254734742, 208.92962669703454, 203.38930712339842, 197.86343234221627, 193.779857675234, 189.54709548056843, 186.29336602777315, 183.30966585679354, 181.03664128767707]"
