id,fecha,imagen_path,angulo,ultrasonico,infrarrojo,kalman
79,2025-12-06T14:14:00.270702,,"[0, 3, 6, 9, 12, 15, 18, 21, 24, 27, 30, 33, 36, 39, 42, 45, 48, 51, 54, 57, 60, 63, 66, 69, 72, 75, 78, 81, 84, 87, 90, 93, 96, 99, 102, 105, 108, 111, 114, 117, 120, 123, 126, 129, 132, 135, 138, 141, 144, 147, 150, 153, 156, 159, 162, 165, 168, 171, 174, 177, 180]","[191.0, 187.0, 191.0, 187.0, 198.0, 199.0, 210.0, 304.0, 217.0, 197.0, 202.0, 195.0, 191.0, 189.0, 189.0, 184.0, 184.0, 183.0, 183.0, 183.0, 183.0, 188.0, 189.0, 185.0, 185.0, 193.0, 187.0, 184.0, 184.0, 188.0, 188.0, 188.0, 189.0, 194.0, 194.0, 195.0, 195.0, 196.0, 202.0, 202.0, 220.0, 269.0, 256.0, 260.0, 259.0, 264.0, 255.0, 255.0, 251.0, 251.0, 205.0, 199.0, 189.0, 189.0, 187.0, 177.0, 182.0, 176.0, 175.0, 175.0, 175.0]","[188.93, 190.93, 190.93, 190.93, 198.93, 202.93, 214.93, 225.93, 220.93, 213.93, 213.93, 212.93, 210.93, 204.93, 198.93, 196.93, 194.93, 191.93, 189.93, 187.93, 185.93, 187.93, 187.93, 188.93, 189.93, 191.93, 191.93, 194.93, 193.93, 192.93, 191.93, 191.93, 189.93, 188.93, 191.93, 195.93, 196.93, 196.93, 197.93, 199.93, 203.93, 209.93, 214.93, 219.93, 228.93, 246.93, 246.93, 224.93, 217.93, 222.93, 221.93, 215.93, 210.93, 205.93, 201.93, 195.93, 188.93, 186.93, 182.93, 180.93, 180.93]","[181.0043867924528, 185.26725679228747, 187.68193515806485, 188.1748359789018, 191.96933608283692, 195.23071299752658, 201.4354084504483, 224.24143622875226, 222.34953790646793, 216.2984490224533, 213.31250601835444, 209.96349638285983, 206.73963969166684, 203.23776647596478, 199.9157141947833, 196.5299186305037, 193.99885630861348, 191.65805216356364, 189.7976016996788, 188.24541427042647, 186.8910522153621, 187.27580214159352, 187.70184127742837, 187.43786231190725, 187.44758459409064, 189.2451116429837, 189.32388831133636, 189.37444264194642, 189.22775671619243, 189.67100848792705, 189.77633317249493, 189.8439244915614, 189.70817192419221, 190.33756888065284, 191.2788659674873, 192.7785801715581, 193.92013919468826, 194.83185484150383, 196.6708429498547, 198.20925721767208, 203.1373561934753, 216.15200956910215, 223.07103458056707, 229.12342557087555, 234.4405319533415, 241.97270677567494, 245.19426389041325, 243.32084051878277, 240.14816861868314, 239.0077743660591, 229.85688210350065, 221.83482084466885, 213.99979198355393, 208.07607759541082, 203.19980601786315, 197.20443508792343, 192.9986936060728, 188.8666605674544, 185.31931571858792, 182.68457644394343, 180.99375245808764]"
