id,fecha,imagen_path,angulo,ultrasonico,infrarrojo,kalman
8,2025-12-06T13:08:24.845302,,"[0, 3, 6, 9, 12, 15, 18, 21, 24, 27, 30, 33, 36, 39, 42, 45, 48, 51, 54, 57, 60, 63, 66, 69, 72, 75, 78, 81, 84, 87, 90, 93, 96, 99, 102, 105, 108, 111, 114, 117, 120, 123, 126, 129, 132, 135, 138, 141, 144, 147, 150, 153, 156, 159, 162, 165, 168, 171, 174, 177, 180]","[221.0, 221.0, 221.0, 221.0, 210.0, 210.0, 206.0, 206.0, 212.0, 212.0, 223.0, 254.0, 258.0, 297.0, 297.0, 297.0, 277.0, 292.0, 272.0, 272.0, 240.0, 241.0, 230.0, 223.0, 230.0, 223.0, 227.0, 226.0, 245.0, 218.0, 218.0, 214.0, 214.0, 214.0, 213.0, 213.0, 213.0, 213.0, 214.0, 214.0, 214.0, 220.0, 220.0, 221.0, 226.0, 231.0, 233.0, 234.0, 239.0, 285.0, 263.0, 263.0, 263.0, 268.0, 511.0, 486.0, 206.0, 200.0, 199.0, 194.0, 193.0]","[215.93, 215.93, 215.93, 214.93, 210.93, 208.93, 209.93, 209.93, 213.93, 216.93, 220.93, 216.93, 216.93, 227.93, 243.93, 267.93, 289.93, 262.93, 252.93, 238.93, 236.93, 245.93, 248.93, 249.93, 246.93, 243.93, 238.93, 235.93, 233.93, 224.93, 219.93, 219.93, 224.93, 223.93, 221.93, 220.93, 219.93, 214.93, 211.93, 216.93, 219.93, 219.93, 220.93, 223.93, 217.93, 219.93, 226.93, 233.93, 241.93, 260.93, 272.93, 237.93, 219.93, 219.93, 231.93, 233.93, 230.93, 223.93, 217.93, 209.93, 203.93]","[208.1600471698113, 213.67829973707273, 215.70688213311786, 216.57435828378075, 214.32153115728866, 212.56079634686154, 210.90621576039263, 209.8503700246117, 210.9671395579691, 212.22070447966587, 215.7121653334395, 222.78917961904128, 228.04702934424878, 240.37764953897045, 251.15671439440993, 262.373163473689, 269.92947877231364, 272.62913705858875, 268.98775759425, 264.1431270924022, 254.9437435086696, 250.83139672480885, 246.7592990465616, 243.07128848537178, 241.4210507672657, 238.57073535593207, 236.5624382318861, 234.55711361544903, 236.31540106296757, 230.9951324720782, 226.68524645190956, 223.2028945831464, 221.863765554757, 220.82526085257206, 219.62142196665835, 218.66973868932863, 217.87987436511688, 216.47734099018953, 215.21901824380453, 215.30714306991936, 215.90108286426147, 217.35701193994262, 218.47047218836008, 219.90154201344072, 220.6407914564617, 222.36910068400957, 225.09038911108948, 228.2697856383696, 232.63881349504496, 247.08597505933577, 254.5660437880158, 253.0968138081263, 248.92962846440182, 247.15101273729664, 291.68743966833773, 316.14839248384715, 281.1525777125009, 256.3656042819335, 239.20485021451825, 225.86339198828534, 216.04771066647496]"
