id,fecha,imagen_path,angulo,ultrasonico,infrarrojo,kalman
81,2025-12-06T14:15:35.659047,,"[0, 3, 6, 9, 12, 15, 18, 21, 24, 27, 30, 33, 36, 39, 42, 45, 48, 51, 54, 57, 60, 63, 66, 69, 72, 75, 78, 81, 84, 87, 90, 93, 96, 99, 102, 105, 108, 111, 114, 117, 120, 123, 126, 129, 132, 135, 138, 141, 144, 147, 150, 153, 156, 159, 162, 165, 168, 171, 174, 177, 180]","[234.0, 235.0, 234.0, 234.0, 235.0, 235.0, 240.0, 240.0, 242.0, 247.0, 257.0, 254.0, 259.0, 279.0, 289.0, 652.0, 652.0, 236.0, 236.0, 221.0, 221.0, 211.0, 210.0, 210.0, 209.0, 209.0, 204.0, 203.0, 203.0, 203.0, 203.0, 203.0, 203.0, 204.0, 204.0, 205.0, 205.0, 211.0, 216.0, 221.0, 222.0, 222.0, 228.0, 237.0, 239.0, 244.0, 255.0, 742.0, 237.0, 1373.0, 249.0, 245.0, 199.0, 198.0, 238.0, 196.0, 190.0, 176.0, 176.0, 176.0, 171.0]","[240.93, 240.93, 240.93, 240.93, 238.93, 235.93, 227.93, 231.93, 244.93, 246.93, 241.93, 227.93, 200.93, 234.93, 359.93, 391.93, 313.93, 280.93, 258.93, 247.93, 237.93, 235.93, 233.93, 228.93, 224.93, 220.93, 212.93, 213.93, 214.93, 211.93, 209.93, 208.93, 207.93, 201.93, 204.93, 208.93, 209.93, 210.93, 211.93, 207.93, 209.93, 210.93, 199.93, 178.93, 174.93, 185.93, 233.93, 356.93, 417.93, 583.93, 1218.93, 977.93, 351.93, 239.93, 220.93, 209.93, 201.93, 197.93, 191.93, 187.93, 186.93]","[226.26382075471696, 232.5297458369851, 234.6212847187153, 235.71372334734906, 236.17513187094505, 235.917673643113, 235.21467123444216, 235.48402632161955, 238.3456530063211, 241.4346587623469, 244.31199576584825, 243.11283942962598, 238.40241356329255, 245.05266628946495, 273.5028515756827, 362.51644596527893, 405.66808192710806, 352.9314486031027, 315.1472906459295, 286.24224790609486, 265.90136866528013, 250.69821824488886, 240.40432527807, 232.90265348668126, 227.19286848182318, 222.81214203838448, 217.6721698020077, 214.37363152667587, 212.43594834159998, 210.65506847063824, 209.15394472432314, 208.01148113813005, 207.0991849948168, 205.61808192672834, 205.20498159822932, 205.8355215131152, 206.4192945153719, 208.0478279139375, 210.16769960377738, 211.7072399991205, 213.23261474853112, 214.39064123239572, 214.23815203900054, 211.99074783643195, 210.19023563165416, 211.90083110917186, 223.56719110864367, 340.3225480259973, 335.71623412053077, 565.9858447807956, 626.1656486555491, 620.8990299982036, 497.1446739899825, 397.4847001032574, 337.2903707168875, 289.1672898822621, 255.77686403762002, 231.12449287504168, 214.22924757898494, 202.670336659734, 194.17772036394314]"
