id,fecha,imagen_path,angulo,ultrasonico,infrarrojo,kalman
83,2025-12-06T14:16:35.735751,,"[0, 3, 6, 9, 12, 15, 18, 21, 24, 27, 30, 33, 36, 39, 42, 45, 48, 51, 54, 57, 60, 63, 66, 69, 72, 75, 78, 81, 84, 87, 90, 93, 96, 99, 102, 105, 108, 111, 114, 117, 120, 123, 126, 129, 132, 135, 138, 141, 144, 147, 150, 153, 156, 159, 162, 165, 168, 171, 174, 177, 180]","[147.0, 147.0, 151.0, 142.0, 162.0, 153.0, 308.0, 304.0, 288.0, 288.0, 299.0, 293.0, 289.0, 266.0, 270.0, 263.0, 275.0, 288.0, 292.0, 246.0, 240.0, 235.0, 238.0, 223.0, 228.0, 227.0, 223.0, 222.0, 222.0, 222.0, 221.0, 222.0, 221.0, 222.0, 222.0, 227.0, 228.0, 228.0, 229.0, 230.0, 231.0, 231.0, 237.0, 242.0, 243.0, 253.0, 318.0, 301.0, 268.0, 618.0, 249.0, 248.0, 299.0, 241.0, 214.0, 204.0, 204.0, 202.0, 202.0, 197.0, 196.0]","[140.93, 138.93, 138.93, 139.93, 143.93, 146.93, 150.93, 157.93, 163.93, 169.93, 176.93, 188.93, 196.93, 195.93, 190.93, 241.93, 320.93, 304.93, 300.93, 283.93, 272.93, 266.93, 257.93, 244.93, 239.93, 240.93, 239.93, 234.93, 233.93, 231.93, 224.93, 222.93, 223.93, 224.93, 224.93, 224.93, 225.93, 220.93, 223.93, 225.93, 223.93, 214.93, 197.93, 192.93, 210.93, 228.93, 280.93, 368.93, 454.93, 817.93, 770.93, 400.93, 287.93, 264.93, 250.93, 235.93, 225.93, 223.93, 219.93, 215.93, 211.93]","[137.17419811320752, 140.27514460999123, 142.2626845773154, 141.76416745453187, 145.89447676454836, 147.37024449365182, 176.9260338411227, 196.3250907730239, 206.9526606152613, 214.8414534800708, 223.1268094923418, 229.51784810441993, 234.33550749678574, 233.1279857569942, 232.1739470748267, 239.44338254527375, 260.40920942913834, 273.32647299216774, 281.6160264088221, 275.6506698707774, 268.77725827743865, 262.39588186762535, 257.22590918666515, 248.89251238565112, 243.5446180767021, 240.11264738704065, 237.0145622520049, 233.9516168592284, 231.80686605370477, 230.0722308894696, 227.5260116251572, 225.7128659011374, 224.54929335734778, 224.16083705452408, 223.9115481626053, 224.6472128269466, 225.47757762617277, 225.11481402689452, 225.59852837198633, 226.44633474571876, 226.81127928384717, 225.43332061601487, 222.57860943915983, 220.74662015013675, 222.97440180134907, 229.4196697857694, 254.51393954283526, 283.3361409255614, 311.32639608503274, 457.00775398668634, 475.9800882305958, 421.6986609791936, 375.757981269267, 331.76646624862263, 296.1909643030433, 268.88243559937786, 249.56610616811008, 236.45348283147314, 227.32204092213965, 219.84984813450396, 214.15898105003012]"
