id,fecha,imagen_path,angulo,ultrasonico,infrarrojo,kalman
84,2025-12-06T14:17:24.749150,,"[0, 3, 6, 9, 12, 15, 18, 21, 24, 27, 30, 33, 36, 39, 42, 45, 48, 51, 54, 57, 60, 63, 66, 69, 72, 75, 78, 81, 84, 87, 90, 93, 96, 99, 102, 105, 108, 111, 114, 117, 120, 123, 126, 129, 132, 135, 138, 141, 144, 147, 150, 153, 156, 159, 162, 165, 168, 171, 174, 177, 180]","[173.0, 173.0, 173.0, 173.0, 173.0, 173.0, 179.0, 179.0, 181.0, 185.0, 191.0, 198.0, 197.0, 239.0, 511.0, 373.0, 378.0, 519.0, 519.0, 300.0, 298.0, 288.0, 292.0, 281.0, 280.0, 275.0, 274.0, 268.0, 268.0, 267.0, 267.0, 262.0, 261.0, 261.0, 261.0, 262.0, 262.0, 262.0, 267.0, 263.0, 268.0, 268.0, 269.0, 269.0, 275.0, 271.0, 290.0, 290.0, 246.0, 241.0, 206.0, 192.0, 187.0, 182.0, 176.0, 179.0, 169.0, 168.0, 163.0, 167.0, 166.0]","[173.93, 173.93, 176.93, 176.93, 176.93, 176.93, 177.93, 179.93, 181.93, 182.93, 181.93, 188.93, 194.93, 199.93, 205.93, 208.93, 201.93, 195.93, 195.93, 280.93, 432.93, 511.93, 510.93, 470.93, 494.93, 530.93, 513.93, 404.93, 318.93, 296.93, 281.93, 280.93, 274.93, 270.93, 268.93, 265.93, 259.93, 257.93, 263.93, 263.93, 262.93, 273.93, 272.93, 272.93, 257.93, 234.93, 233.93, 239.93, 234.93, 227.93, 221.93, 212.93, 206.93, 200.93, 193.93, 186.93, 185.93, 181.93, 177.93, 173.93, 170.93]","[165.28268867924527, 169.6642769500438, 171.91069992930008, 173.08403658597268, 173.77764223262622, 174.2081186541166, 175.74068291550086, 177.07764852180497, 178.6507600957947, 180.55527997009966, 182.67278103501516, 186.53940013439123, 189.91627354772402, 200.50243293419723, 257.0939482734888, 269.2285292511265, 276.6575319822889, 305.6074272895185, 324.18579742068823, 312.10506591365, 331.2216665869237, 355.84948633562857, 372.1915894472781, 373.54344234247753, 378.530945755299, 387.2846306439851, 389.6779235330353, 370.61399088157617, 342.9747809188522, 321.1175650912585, 304.4039305108832, 292.6033093242567, 283.77644850926396, 277.39536225713806, 272.9420908869458, 269.72598012464755, 266.58729267879215, 264.21480619919964, 264.66269759167284, 264.23361336348944, 264.6747669469951, 266.9282905521254, 268.3744722676808, 269.3025484367724, 268.2859752304883, 262.79711988211153, 262.4990066356173, 263.3824674247333, 255.17211124615415, 247.7536318998323, 235.64859875881743, 223.7603233203668, 214.16069591376385, 206.02979105768796, 198.48317021142836, 192.92366826846327, 187.38548334696512, 182.935751171121, 178.468010166771, 175.60087119577517, 173.0443913249432]"
