id,fecha,imagen_path,angulo,ultrasonico,infrarrojo,kalman
86,2025-12-06T14:18:42.384580,,"[0, 3, 6, 9, 12, 15, 18, 21, 24, 27, 30, 33, 36, 39, 42, 45, 48, 51, 54, 57, 60, 63, 66, 69, 72, 75, 78, 81, 84, 87, 90, 93, 96, 99, 102, 105, 108, 111, 114, 117, 120, 123, 126, 129, 132, 135, 138, 141, 144, 147, 150, 153, 156, 159, 162, 165, 168, 171, 174, 177, 180]","[186.0, 186.0, 186.0, 186.0, 191.0, 191.0, 192.0, 193.0, 204.0, 204.0, 210.0, 221.0, 225.0, 515.0, 502.0, 552.0, 262.0, 244.0, 233.0, 233.0, 232.0, 226.0, 226.0, 225.0, 225.0, 220.0, 220.0, 220.0, 220.0, 225.0, 225.0, 225.0, 225.0, 226.0, 227.0, 232.0, 233.0, 238.0, 247.0, 272.0, 264.0, 280.0, 262.0, 264.0, 268.0, 277.0, 273.0, 273.0, 288.0, 289.0, 303.0, 307.0, 182.0, 172.0, 159.0, 154.0, 154.0, 154.0, 149.0, 149.0, 149.0]","[191.93, 191.93, 187.93, 188.93, 190.93, 193.93, 196.93, 196.93, 201.93, 204.93, 207.93, 209.93, 218.93, 198.93, 186.93, 194.93, 220.93, 345.93, 459.93, 460.93, 336.93, 259.93, 251.93, 244.93, 234.93, 229.93, 229.93, 230.93, 229.93, 228.93, 226.93, 223.93, 219.93, 224.93, 229.93, 233.93, 233.93, 235.93, 236.93, 239.93, 253.93, 281.93, 292.93, 242.93, 204.93, 212.93, 225.93, 229.93, 220.93, 209.93, 199.93, 190.93, 181.93, 176.93, 170.93, 165.93, 161.93, 156.93, 152.93, 150.93, 149.93]","[180.05155660377358, 184.8246625766871, 185.73172810827188, 186.39757998905282, 188.08181705959126, 189.67093952863286, 191.39689925086878, 192.67778588677615, 196.36632911520257, 199.26873471479664, 202.74298594213735, 207.30100896763955, 212.55462063762, 264.29124270355896, 293.01421486164077, 321.83636584940706, 293.0426958159017, 293.7313760362261, 312.62359819684593, 324.9266659322695, 310.4309675502045, 286.26077379462566, 269.31670477056645, 257.00994649438843, 247.32088969064412, 239.31172298428118, 234.17190087720894, 231.05258773097682, 228.87166334635015, 228.1885867700358, 227.39196997823802, 226.34336082784674, 224.95390870403483, 225.1370110295177, 226.3292882693909, 228.70658222587232, 230.41132141227592, 232.7592263743692, 236.05726445881425, 243.18936140796032, 248.8411033471852, 260.34973248474995, 266.48140662603015, 261.81818042462237, 252.73521162671415, 249.9514744948612, 249.77719132471063, 250.38186155849337, 251.84467681246153, 250.99213958144406, 251.1615454057066, 250.37461638737145, 225.8663534903065, 207.45142952008592, 192.2303445436745, 180.67104062852007, 172.5364297000785, 166.42046078791364, 160.8834249706014, 156.97181657791384, 154.28244271606127]"
