id,fecha,imagen_path,angulo,ultrasonico,infrarrojo,kalman
87,2025-12-06T14:18:58.902241,,"[0, 3, 6, 9, 12, 15, 18, 21, 24, 27, 30, 33, 36, 39, 42, 45, 48, 51, 54, 57, 60, 63, 66, 69, 72, 75, 78, 81, 84, 87, 90, 93, 96, 99, 102, 105, 108, 111, 114, 117, 120, 123, 126, 129, 132, 135, 138, 141, 144, 147, 150, 153, 156, 159, 162, 165, 168, 171, 174, 177, 180]","[186.0, 186.0, 186.0, 186.0, 191.0, 191.0, 192.0, 197.0, 203.0, 197.0, 210.0, 231.0, 248.0, 519.0, 597.0, 590.0, 480.0, 243.0, 243.0, 233.0, 231.0, 222.0, 226.0, 225.0, 225.0, 220.0, 225.0, 225.0, 225.0, 220.0, 225.0, 225.0, 225.0, 226.0, 227.0, 232.0, 238.0, 243.0, 268.0, 259.0, 264.0, 280.0, 262.0, 263.0, 264.0, 277.0, 278.0, 273.0, 283.0, 293.0, 298.0, 299.0, 186.0, 164.0, 159.0, 154.0, 154.0, 149.0, 149.0, 149.0, 153.0]","[190.93, 190.93, 191.93, 191.93, 188.93, 189.93, 193.93, 195.93, 198.93, 204.93, 210.93, 215.93, 218.93, 211.93, 192.93, 196.93, 209.93, 326.93, 580.93, 350.93, 288.93, 259.93, 249.93, 241.93, 236.93, 231.93, 224.93, 226.93, 227.93, 228.93, 226.93, 226.93, 223.93, 220.93, 227.93, 233.93, 234.93, 238.93, 244.93, 249.93, 270.93, 286.93, 299.93, 251.93, 213.93, 211.93, 220.93, 229.93, 222.93, 209.93, 200.93, 191.93, 181.93, 177.93, 173.93, 167.93, 163.93, 159.93, 154.93, 149.93, 150.93]","[179.57514150943393, 184.33561787905344, 186.29752954247044, 187.32226214763764, 188.29677227545503, 189.08286298668418, 190.48051163154443, 192.62883975141722, 195.6178207425353, 197.53414543823715, 202.1673764823924, 209.7978552682366, 218.27699218829608, 271.008730491425, 315.417182807686, 343.3784508986531, 343.9468445153764, 322.8161462564829, 354.7544016558108, 332.25962214546456, 306.359526014469, 282.9314418748951, 266.8218736457535, 254.87152115090313, 246.30682898340055, 239.01921477100072, 233.98418594548596, 231.11125187920857, 229.4466969736717, 227.6619663239085, 227.0540152931875, 226.66386732110618, 225.87610645900304, 225.01230931920534, 225.89100432123138, 228.42531681972937, 231.3055941754077, 234.76614942889765, 242.53992689534866, 246.8121746018782, 254.21120563222598, 264.6915989009483, 270.52166802612135, 265.8440178733724, 256.21440625962964, 252.00509253003852, 251.09508515393304, 251.22760994760532, 251.85004308504205, 251.7120984852438, 250.90705844350316, 248.9573998124808, 225.67338061997617, 206.0736891480242, 191.88357644294692, 180.80676239423335, 172.98178568537526, 166.3480070508621, 161.19518590278238, 156.9927580115202, 155.19152564630102]"
