id,fecha,imagen_path,angulo,ultrasonico,infrarrojo,kalman
90,2025-12-06T14:21:10.502155,,"[0, 3, 6, 9, 12, 15, 18, 21, 24, 27, 30, 33, 36, 39, 42, 45, 48, 51, 54, 57, 60, 63, 66, 69, 72, 75, 78, 81, 84, 87, 90, 93, 96, 99, 102, 105, 108, 111, 114, 117, 120, 123, 126, 129, 132, 135, 138, 141, 144, 147, 150, 153, 156, 159, 162, 165, 168, 171, 174, 177, 180]","[186.0, 186.0, 186.0, 186.0, 191.0, 187.0, 193.0, 193.0, 204.0, 205.0, 219.0, 225.0, 225.0, 582.0, 550.0, 245.0, 241.0, 248.0, 233.0, 227.0, 227.0, 226.0, 226.0, 225.0, 225.0, 220.0, 225.0, 220.0, 220.0, 221.0, 225.0, 221.0, 226.0, 227.0, 231.0, 232.0, 233.0, 234.0, 240.0, 245.0, 250.0, 251.0, 272.0, 272.0, 278.0, 286.0, 278.0, 278.0, 280.0, 172.0, 163.0, 158.0, 157.0, 151.0, 150.0, 150.0, 146.0, 141.0, 141.0, 140.0, 145.0]","[189.93, 188.93, 187.93, 190.93, 192.93, 193.93, 194.93, 196.93, 200.93, 201.93, 211.93, 215.93, 219.93, 202.93, 184.93, 188.93, 210.93, 354.93, 473.93, 448.93, 295.93, 253.93, 239.93, 240.93, 237.93, 234.93, 231.93, 224.93, 223.93, 222.93, 226.93, 226.93, 226.93, 226.93, 225.93, 229.93, 233.93, 235.93, 240.93, 245.93, 250.93, 282.93, 291.93, 237.93, 208.93, 211.93, 221.93, 221.93, 219.93, 205.93, 193.93, 184.93, 174.93, 167.93, 161.93, 156.93, 154.93, 148.93, 145.93, 141.93, 140.93]","[179.09872641509435, 183.57882559158634, 185.01387132612868, 186.33965323563805, 188.4140010145731, 189.1575904599681, 190.88835611967235, 192.3518009696914, 195.97795003108033, 198.66116263020257, 204.6821151195226, 210.33678209024535, 214.68191207608226, 278.37467758398486, 310.292089672433, 276.8568973972849, 258.6244773612474, 273.9724232346048, 302.4512439089367, 315.1743164623563, 295.9325469057481, 275.8817494169292, 260.50649902846146, 250.639548512594, 243.7701213623786, 237.92868821139012, 234.53825027398548, 230.21291697474322, 227.25803828592186, 225.3617672543476, 225.57787995164577, 225.00005350028033, 225.52488167271122, 226.04081496443183, 226.9092976032821, 228.36228368652772, 230.19037043081778, 231.90091761551477, 234.9690649555404, 238.72931313415202, 242.93371178707196, 251.54310269408344, 262.44197768234534, 259.7632938306956, 253.92430669598573, 252.1475975326987, 251.365665445447, 250.86386644728472, 250.54184073857937, 228.48147143835928, 210.56269194610738, 196.5556478566079, 185.59631670620425, 176.23457469532016, 168.97284613026557, 163.41704286752514, 158.77687546980297, 153.8286665338157, 150.11580455034817, 146.83745955321132, 145.45012160570786]"
