id,fecha,imagen_path,angulo,ultrasonico,infrarrojo,kalman
93,2025-12-06T14:22:40.442645,,"[0, 3, 6, 9, 12, 15, 18, 21, 24, 27, 30, 33, 36, 39, 42, 45, 48, 51, 54, 57, 60, 63, 66, 69, 72, 75, 78, 81, 84, 87, 90, 93, 96, 99, 102, 105, 108, 111, 114, 117, 120, 123, 126, 129, 132, 135, 138, 141, 144, 147, 150, 153, 156, 159, 162, 165, 168, 171, 174, 177, 180]","[186.0, 186.0, 186.0, 186.0, 191.0, 191.0, 193.0, 197.0, 204.0, 199.0, 220.0, 225.0, 225.0, 586.0, 256.0, 245.0, 236.0, 243.0, 238.0, 232.0, 226.0, 226.0, 226.0, 225.0, 225.0, 220.0, 220.0, 220.0, 220.0, 220.0, 221.0, 226.0, 226.0, 226.0, 236.0, 237.0, 239.0, 239.0, 245.0, 245.0, 256.0, 256.0, 272.0, 272.0, 278.0, 286.0, 278.0, 279.0, 285.0, 189.0, 167.0, 158.0, 157.0, 147.0, 155.0, 146.0, 141.0, 141.0, 140.0, 140.0, 140.0]","[190.93, 188.93, 185.93, 188.93, 191.93, 191.93, 195.93, 197.93, 203.93, 206.93, 211.93, 216.93, 219.93, 200.93, 178.93, 193.93, 230.93, 441.93, 580.93, 387.93, 288.93, 249.93, 241.93, 239.93, 236.93, 233.93, 230.93, 226.93, 225.93, 227.93, 226.93, 226.93, 226.93, 227.93, 227.93, 233.93, 236.93, 240.93, 246.93, 253.93, 261.93, 292.93, 289.93, 231.93, 204.93, 211.93, 225.93, 225.93, 215.93, 201.93, 190.93, 182.93, 172.93, 168.93, 161.93, 156.93, 152.93, 147.93, 144.93, 143.93, 141.93]","[179.57514150943393, 183.8001226993865, 184.71758812241188, 185.7730309382231, 187.87194570306303, 189.174607123628, 191.07925665276048, 193.37162839024714, 197.1699462523329, 199.24678042505508, 205.2370553575943, 210.87203842693017, 215.02540418359968, 278.95337093442294, 256.9246070851124, 243.50439683492408, 239.90770444646998, 276.6496423155857, 324.23175511405094, 319.1205818562153, 297.03200251658836, 275.8708015848028, 260.8577309107775, 250.68582012925197, 243.62068703725666, 237.6536610796083, 233.28698098539996, 229.76818194979853, 227.33089051958748, 226.12503476284368, 225.3511859586792, 225.7502182699933, 226.00629423530546, 226.3497578324264, 228.3614608435106, 230.9063575165313, 233.4351696165971, 235.77453077897346, 239.425343514118, 243.02212644532065, 248.7337815757955, 257.952185348611, 266.19670039287, 261.0980860003311, 254.0643843281547, 252.23749129282612, 252.13986922454953, 252.25634978593064, 251.6145851655067, 231.49857125592698, 212.6780217008555, 197.55488714524267, 185.87931338645265, 175.87879931848408, 169.64017389896011, 163.1287802727591, 157.33798363837974, 152.7261398079374, 149.05000880009135, 146.5117507675158, 144.52458531894783]"
