id,fecha,imagen_path,angulo,ultrasonico,infrarrojo,kalman
94,2025-12-06T14:23:05.435155,,"[0, 3, 6, 9, 12, 15, 18, 21, 24, 27, 30, 33, 36, 39, 42, 45, 48, 51, 54, 57, 60, 63, 66, 69, 72, 75, 78, 81, 84, 87, 90, 93, 96, 99, 102, 105, 108, 111, 114, 117, 120, 123, 126, 129, 132, 135, 138, 141, 144, 147, 150, 153, 156, 159, 162, 165, 168, 171, 174, 177, 180]","[186.0, 186.0, 186.0, 186.0, 191.0, 191.0, 198.0, 198.0, 204.0, 204.0, 220.0, 221.0, 235.0, 547.0, 510.0, 595.0, 272.0, 250.0, 240.0, 234.0, 228.0, 228.0, 227.0, 222.0, 222.0, 222.0, 222.0, 222.0, 222.0, 222.0, 222.0, 227.0, 227.0, 232.0, 233.0, 234.0, 244.0, 245.0, 246.0, 247.0, 252.0, 257.0, 275.0, 279.0, 279.0, 284.0, 279.0, 280.0, 287.0, 295.0, 313.0, 192.0, 178.0, 169.0, 164.0, 163.0, 163.0, 159.0, 159.0, 159.0, 159.0]","[190.93, 191.93, 190.93, 189.93, 189.93, 189.93, 190.93, 194.93, 200.93, 205.93, 212.93, 217.93, 219.93, 198.93, 176.93, 188.93, 207.93, 393.93, 493.93, 592.93, 415.93, 274.93, 256.93, 244.93, 236.93, 230.93, 230.93, 231.93, 230.93, 228.93, 228.93, 223.93, 225.93, 229.93, 230.93, 233.93, 234.93, 236.93, 241.93, 255.93, 268.93, 278.93, 302.93, 268.93, 220.93, 216.93, 228.93, 235.93, 233.93, 220.93, 212.93, 204.93, 197.93, 189.93, 183.93, 176.93, 172.93, 170.93, 167.93, 163.93, 160.93]","[179.57514150943393, 184.60336546888692, 186.2399091000909, 186.90261817978254, 188.2162472103166, 189.0315322746157, 190.9876916727069, 192.95395090428326, 196.3641954419313, 199.44655595088994, 205.54440377022277, 210.53185291588923, 216.59842639743752, 272.61848782197717, 297.9998902335227, 331.66365841942354, 298.81189728360755, 307.1066739437324, 328.55137485779596, 358.97232528297496, 345.71417061067467, 311.9486915449897, 286.87650422343415, 267.7414285107412, 254.02860825568985, 244.1537369531583, 237.81661304426, 233.92894052976195, 231.254927336666, 229.18064204146197, 227.8494851545685, 226.9952252985935, 226.80526807183423, 228.29552352217237, 229.61014124644024, 231.1703023589872, 234.14194057555724, 236.58635326148206, 239.22980930819003, 243.61315898775285, 249.65045859032654, 256.2117816821824, 267.94587006988195, 270.1022689291242, 262.8879399062972, 258.4373276494775, 256.8350824157878, 257.239883943238, 258.39530618307475, 258.2411457357875, 259.9335022831356, 237.9119460546457, 220.01807455738128, 205.48962863088067, 194.19569179833047, 185.51486304746402, 179.2274917670992, 174.11784613166748, 170.30138336832584, 167.13568213965823, 164.56673098467888]"
