id,fecha,imagen_path,angulo,ultrasonico,infrarrojo,kalman
96,2025-12-06T14:25:49.015872,,"[0, 3, 6, 9, 12, 15, 18, 21, 24, 27, 30, 33, 36, 39, 42, 45, 48, 51, 54, 57, 60, 63, 66, 69, 72, 75, 78, 81, 84, 87, 90, 93, 96, 99, 102, 105, 108, 111, 114, 117, 120, 123, 126, 129, 132, 135, 138, 141, 144, 147, 150, 153, 156, 159, 162, 165, 168, 171, 174, 177, 180]","[186.0, 186.0, 186.0, 186.0, 192.0, 187.0, 193.0, 193.0, 204.0, 209.0, 210.0, 230.0, 226.0, 513.0, 440.0, 221.0, 544.0, 211.0, 210.0, 205.0, 199.0, 199.0, 199.0, 194.0, 194.0, 194.0, 194.0, 194.0, 194.0, 199.0, 200.0, 200.0, 201.0, 206.0, 212.0, 213.0, 213.0, 224.0, 225.0, 276.0, 271.0, 271.0, 276.0, 280.0, 267.0, 267.0, 276.0, 277.0, 278.0, 288.0, 289.0, 294.0, 300.0, 301.0, 176.0, 176.0, 163.0, 167.0, 163.0, 163.0, 158.0]","[189.93, 190.93, 190.93, 190.93, 191.93, 193.93, 194.93, 193.93, 199.93, 204.93, 211.93, 215.93, 219.93, 208.93, 188.93, 199.93, 197.93, 282.93, 822.93, 263.93, 227.93, 217.93, 211.93, 207.93, 205.93, 201.93, 197.93, 199.93, 199.93, 199.93, 199.93, 196.93, 198.93, 203.93, 208.93, 211.93, 216.93, 219.93, 219.93, 230.93, 242.93, 284.93, 314.93, 290.93, 242.93, 210.93, 214.93, 229.93, 228.93, 218.93, 212.93, 206.93, 197.93, 191.93, 184.93, 179.93, 175.93, 171.93, 168.93, 165.93, 159.93]","[179.09872641509435, 184.1143207712533, 185.95811938188064, 186.92115996566568, 188.7810770180346, 189.39158310075067, 191.0381066288209, 191.90931949652716, 195.51484494006056, 199.61835706383044, 203.68395211384842, 210.59193537979792, 215.02478565491518, 267.309488092036, 284.20337583418717, 257.78600031410355, 298.33326160843114, 279.93018783123364, 364.6705846467953, 318.02344611056867, 280.56459059400873, 254.734366295242, 237.08324281635944, 224.14360891259759, 215.48143924484526, 209.2060422932958, 204.4623386632525, 201.77636033596337, 200.0526540760054, 199.84212255503013, 199.88614432981097, 199.3770086163099, 199.58766098031515, 201.5141333878616, 204.72084910520573, 207.49524978258188, 210.17134434021324, 214.3965107523563, 217.2871080997184, 230.2481117213873, 239.81963918056815, 253.4855034352699, 268.5249758431983, 274.5938677248106, 267.5616772817696, 257.31670118315327, 253.07073952288886, 253.21198632316685, 253.30263038807823, 253.36080053060527, 252.5024868555144, 251.7725417667786, 250.76671867715515, 249.22559539922378, 224.59159161442864, 207.88726222878026, 194.12219594817546, 185.28856885720575, 178.36575404444267, 173.38570368632472, 168.21937743324602]"
