id,fecha,imagen_path,angulo,ultrasonico,infrarrojo,kalman
97,2025-12-06T14:26:29.674281,,"[0, 3, 6, 9, 12, 15, 18, 21, 24, 27, 30, 33, 36, 39, 42, 45, 48, 51, 54, 57, 60, 63, 66, 69, 72, 75, 78, 81, 84, 87, 90, 93, 96, 99, 102, 105, 108, 111, 114, 117, 120, 123, 126, 129, 132, 135, 138, 141, 144, 147, 150, 153, 156, 159, 162, 165, 168, 171, 174, 177, 180]","[186.0, 186.0, 186.0, 186.0, 191.0, 187.0, 198.0, 193.0, 204.0, 209.0, 220.0, 234.0, 222.0, 457.0, 487.0, 212.0, 211.0, 205.0, 205.0, 200.0, 200.0, 199.0, 199.0, 194.0, 199.0, 194.0, 194.0, 194.0, 195.0, 200.0, 200.0, 201.0, 201.0, 211.0, 212.0, 218.0, 213.0, 225.0, 238.0, 276.0, 280.0, 267.0, 276.0, 280.0, 267.0, 272.0, 277.0, 282.0, 283.0, 284.0, 285.0, 295.0, 300.0, 190.0, 167.0, 168.0, 163.0, 163.0, 158.0, 159.0, 163.0]","[190.93, 190.93, 190.93, 190.93, 191.93, 193.93, 193.93, 195.93, 200.93, 207.93, 213.93, 217.93, 220.93, 205.93, 180.93, 216.93, 335.93, 670.93, 358.93, 239.93, 217.93, 214.93, 209.93, 205.93, 202.93, 197.93, 198.93, 199.93, 199.93, 199.93, 200.93, 197.93, 202.93, 206.93, 209.93, 214.93, 220.93, 222.93, 227.93, 239.93, 250.93, 269.93, 296.93, 282.93, 226.93, 208.93, 220.93, 232.93, 225.93, 217.93, 212.93, 204.93, 195.93, 188.93, 181.93, 176.93, 174.93, 170.93, 167.93, 163.93, 158.93]","[179.57514150943393, 184.33561787905344, 186.08563175436825, 186.99968732117534, 188.64627229194576, 189.30565181254318, 191.70315322424682, 192.69460858781733, 196.1978418913952, 200.5941519639968, 206.45996083047726, 213.44819533828783, 216.3203451120964, 257.5721963928107, 284.9406077667967, 259.69214556079277, 264.6263783183285, 326.726269250241, 310.6902038463576, 278.1872112594524, 253.3878296067968, 236.75649936694614, 225.18782524946985, 216.15155716726758, 210.7108581044132, 205.4280428185584, 202.21696488278616, 200.33540870872807, 199.3070630612633, 199.54277394981807, 199.87316841308268, 199.72693898946665, 200.52874128748354, 203.55109482946622, 206.2071824763326, 209.88212325069102, 212.41961745993527, 216.55583814763563, 222.43454459032336, 235.16359918846535, 246.01930539551728, 254.0606453901594, 265.6697507137539, 271.3285183326213, 262.60010347041526, 254.67003510057103, 252.62616309155345, 254.35971304155905, 254.39743289138968, 253.1677378262637, 251.66207518739932, 251.0540851555104, 249.94739701573235, 228.2791204636091, 208.99980446177395, 195.9109342133024, 186.25734931425677, 179.34571913907135, 173.47720251371786, 169.17374003686456, 166.23289678263637]"
