id,fecha,imagen_path,angulo,ultrasonico,infrarrojo,kalman
99,2025-12-06T14:27:55.965120,,"[0, 3, 6, 9, 12, 15, 18, 21, 24, 27, 30, 33, 36, 39, 42, 45, 48, 51, 54, 57, 60, 63, 66, 69, 72, 75, 78, 81, 84, 87, 90, 93, 96, 99, 102, 105, 108, 111, 114, 117, 120, 123, 126, 129, 132, 135, 138, 141, 144, 147, 150, 153, 156, 159, 162, 165, 168, 171, 174, 177, 180]","[184.0, 179.0, 179.0, 179.0, 185.0, 185.0, 196.0, 195.0, 207.0, 202.0, 236.0, 233.0, 233.0, 255.0, 549.0, 573.0, 559.0, 557.0, 471.0, 329.0, 342.0, 388.0, 347.0, 550.0, 550.0, 232.0, 228.0, 218.0, 218.0, 212.0, 207.0, 202.0, 206.0, 206.0, 206.0, 205.0, 200.0, 200.0, 201.0, 201.0, 201.0, 206.0, 207.0, 207.0, 212.0, 217.0, 214.0, 224.0, 230.0, 231.0, 254.0, 250.0, 251.0, 251.0, 252.0, 252.0, 262.0, 259.0, 260.0, 266.0, 323.0]","[183.93, 183.93, 183.93, 182.93, 185.93, 187.93, 189.93, 191.93, 197.93, 204.93, 210.93, 216.93, 218.93, 188.93, 183.93, 220.93, 318.93, 399.93, 469.93, 488.93, 481.93, 481.93, 472.93, 486.93, 500.93, 464.93, 438.93, 298.93, 244.93, 236.93, 227.93, 223.93, 219.93, 217.93, 215.93, 210.93, 206.93, 206.93, 207.93, 205.93, 205.93, 204.93, 200.93, 205.93, 210.93, 213.93, 215.93, 213.93, 222.93, 246.93, 274.93, 261.93, 208.93, 196.93, 207.93, 208.93, 197.93, 187.93, 175.93, 165.93, 158.93]","[175.28740566037735, 178.59547765118316, 179.81156852843148, 180.25466953200808, 182.1759799661076, 183.73096368426206, 187.055405428336, 189.3563393440691, 194.05652940174656, 197.42834165790913, 206.75748948340234, 213.28084748271493, 217.8251500222872, 219.30829724932377, 272.0285141696105, 316.7880308392305, 360.5588850300195, 402.799655198873, 427.0412800004609, 420.56531555017665, 417.4841873431812, 423.74682084956163, 418.8093791921693, 454.5117597388046, 479.93129515711587, 432.8324997724746, 397.2333408136909, 347.5185323088624, 305.9414758918299, 276.75191166756014, 255.51192679058155, 240.2691682090638, 230.4872432693814, 223.8515094140856, 219.23481987211295, 215.1973215960766, 210.99412857652558, 208.29676127227978, 206.9240037919855, 205.68478950059279, 204.8895331093186, 205.0956984788993, 204.69061719001647, 205.3263032628759, 207.52553783578847, 210.36991025384106, 212.01613593791404, 214.50561908755216, 218.79015782591762, 226.0179477481614, 239.7918952421748, 245.58603244391074, 239.98967932754363, 234.2487166597117, 232.71404274079566, 231.90830615478652, 231.2121020149869, 228.43664407646335, 224.68509832100676, 221.56105709076036, 228.51266651605562]"
