id,fecha,angulo,ultrasonico,infrarrojo,kalman
1,2026-05-03T16:44:14.247623,"[0, 3, 6, 9, 12, 15, 18, 21, 24, 27, 30, 33, 36, 39, 42, 45, 48, 51, 54, 57, 60, 63, 66, 69, 72, 75, 78, 81, 84, 87, 90, 93, 96, 99, 102, 105, 108, 111, 114, 117, 120, 123, 126, 129, 132, 135, 138, 141, 144, 147, 150, 153, 156, 159, 162, 165, 168, 171, 174, 177, 180]","[294.0, 294.0, 298.0, 298.0, 297.0, 287.0, 287.0, 286.0, 286.0, 285.0, 285.0, 289.0, 293.0, 297.0, 293.0, 293.0, 290.0, 294.0, 296.0, 301.0, 307.0, 312.0, 317.0, 530.0, 526.0, 368.0, 504.0, 474.0, 495.0, 442.0, 436.0, 439.0, 439.0, 438.0, 429.0, 432.0, 427.0, 427.0, 427.0, 431.0, 426.0, 431.0, 427.0, 431.0, 440.0, 436.0, 576.0, 577.0, 658.0, 356.0, 351.0, 291.0, 277.0, 271.0, 266.0, 265.0, 260.0, 260.0, 258.0, 249.0, 253.0]","[260.93, 259.93, 275.93, 296.93, 297.93, 288.93, 272.93, 287.93, 267.93, 271.93, 276.93, 275.93, 277.93, 275.93, 273.93, 259.93, 247.93, 247.93, 261.93, 277.93, 280.93, 284.93, 275.93, 290.93, 273.93, 285.93, 285.93, 274.93, 263.93, 273.93, 311.93, 306.93, 276.93, 279.93, 294.93, 308.93, 299.93, 284.93, 297.93, 308.93, 264.93, 241.93, 224.93, 213.93, 213.93, 215.93, 219.93, 222.93, 223.93, 230.93, 253.93, 280.93, 291.93, 277.93, 253.93, 249.93, 243.93, 255.93, 268.93, 264.93, 261.93]","[264.37702830188675, 271.1178264680105, 277.8337885062115, 285.37529377005944, 289.8333754344524, 289.1559961363808, 285.8470497362751, 286.2483746015449, 282.9197641394124, 281.3232636065444, 281.1948948234988, 281.6499460923444, 283.01675078327975, 284.25212435755, 283.97012995228266, 281.28135583658593, 276.8689250880732, 274.75379863510744, 276.2624935771298, 280.99239166716694, 285.63992689065947, 290.23460644893527, 292.46669210704727, 334.7404791559179, 358.1076574783614, 346.95056469990925, 364.1520995928869, 367.8467742273364, 372.00909155457015, 366.9776894484224, 369.4809463439484, 370.7291349387591, 366.15628697888343, 363.5799539842829, 363.00138449502646, 365.6752812454879, 364.88343125857773, 361.6883357521662, 361.9665815979093, 364.83207553445106, 357.89367412524126, 350.21668941561944, 341.52833810941786, 334.6987529318653, 331.9280774034159, 329.7917597861541, 354.21533912980516, 370.6055014384084, 395.81232438401224, 359.1456207058199, 338.8393592942518, 319.8967198448569, 307.20303801019, 295.4743880826053, 282.75288101385564, 273.6933062241382, 265.9089760470227, 263.0629864962852, 263.2070108770305, 260.9707632314605, 259.7147970169305]"
