id,fecha,angulo,ultrasonico,infrarrojo,kalman
10,2026-05-03T16:50:41.545520,"[0, 3, 6, 9, 12, 15, 18, 21, 24, 27, 30, 33, 36, 39, 42, 45, 48, 51, 54, 57, 60, 63, 66, 69, 72, 75, 78, 81, 84, 87, 90, 93, 96, 99, 102, 105, 108, 111, 114, 117, 120, 123, 126, 129, 132, 135, 138, 141, 144, 147, 150, 153, 156, 159, 162, 165, 168, 171, 174, 177, 180]","[311.0, 306.0, 311.0, 306.0, 311.0, 300.0, 304.0, 299.0, 303.0, 306.0, 302.0, 298.0, 298.0, 299.0, 304.0, 309.0, 301.0, 315.0, 311.0, 326.0, 326.0, 333.0, 337.0, 371.0, 375.0, 355.0, 434.0, 478.0, 414.0, 422.0, 408.0, 411.0, 406.0, 405.0, 401.0, 409.0, 404.0, 409.0, 404.0, 404.0, 404.0, 409.0, 409.0, 414.0, 414.0, 410.0, 429.0, 206.0, 200.0, 182.0, 176.0, 175.0, 170.0, 170.0, 164.0, 163.0, 163.0, 158.0, 162.0, 162.0, 163.0]","[297.93, 278.93, 265.93, 283.93, 303.93, 299.93, 298.93, 295.93, 291.93, 273.93, 290.93, 273.93, 270.93, 279.93, 270.93, 273.93, 279.93, 267.93, 285.93, 270.93, 270.93, 286.93, 272.93, 270.93, 268.93, 286.93, 300.93, 322.93, 305.93, 283.93, 269.93, 300.93, 294.93, 299.93, 323.93, 316.93, 316.93, 300.93, 312.93, 282.93, 235.93, 221.93, 235.93, 262.93, 257.93, 248.93, 230.93, 220.93, 221.93, 212.93, 197.93, 196.93, 185.93, 178.93, 178.93, 178.93, 170.93, 166.93, 168.93, 162.93, 165.93]","[290.10344339622634, 291.3680455740578, 290.1377477022523, 291.99217979498917, 297.697785435065, 298.5197638138503, 299.5801090181144, 298.8208213563382, 298.3346833574752, 295.33515217648034, 295.73998590081766, 292.23781945081674, 289.4530813201573, 289.45735131956644, 288.74357347740505, 289.7185467607788, 289.9859694683367, 290.51584350223743, 293.36368932160366, 295.19127257448025, 296.3641102283936, 301.23673198073664, 302.572412224238, 309.16169602664297, 313.74857659226734, 316.33391490338, 334.6520131775391, 358.23001387873825, 358.85158578966025, 356.7426718720151, 350.37368635583925, 352.3768167922861, 351.6918939549605, 351.96886504761875, 355.7291848447568, 358.3214703955936, 359.0894061018101, 357.6118063961628, 357.9174694629827, 352.7397628799654, 340.9979559897949, 331.8505812348533, 328.4881257133514, 332.0624164464491, 333.4605465450977, 332.0291117510445, 331.28962809194803, 289.0780632050056, 261.0934670353254, 238.2980870845198, 219.9076200709146, 207.74741950199672, 197.0776422775135, 188.97649201529842, 182.70286744765627, 178.4976875847976, 174.36601496091612, 170.10238626648774, 168.44100753384365, 166.30005759948153, 165.64263432400688]"
