id,fecha,angulo,ultrasonico,infrarrojo,kalman
100,2026-05-03T17:41:11.266371,"[0, 3, 6, 9, 12, 15, 18, 21, 24, 27, 30, 33, 36, 39, 42, 45, 48, 51, 54, 57, 60, 63, 66, 69, 72, 75, 78, 81, 84, 87, 90, 93, 96, 99, 102, 105, 108, 111, 114, 117, 120, 123, 126, 129, 132, 135, 138, 141, 144, 147, 150, 153, 156, 159, 162, 165, 168, 171, 174, 177, 180]","[176.0, 176.0, 176.0, 172.0, 202.0, 206.0, 189.0, 185.0, 543.0, 542.0, 543.0, 539.0, 531.0, 316.0, 307.0, 302.0, 292.0, 291.0, 290.0, 285.0, 285.0, 284.0, 283.0, 283.0, 283.0, 279.0, 283.0, 283.0, 283.0, 279.0, 284.0, 285.0, 285.0, 295.0, 301.0, 280.0, 303.0, 313.0, 318.0, 307.0, 500.0, 371.0, 337.0, 355.0, 497.0, 166.0, 324.0, 190.0, 152.0, 148.0, 141.0, 136.0, 126.0, 125.0, 129.0, 128.0, 128.0, 118.0, 118.0, 135.0, 122.0]","[175.93, 175.93, 171.93, 171.93, 178.93, 176.93, 184.93, 184.93, 189.93, 202.93, 210.93, 217.93, 219.93, 226.93, 242.93, 292.93, 326.93, 268.93, 258.93, 267.93, 268.93, 285.93, 272.93, 271.93, 269.93, 267.93, 265.93, 263.93, 272.93, 259.93, 270.93, 272.93, 273.93, 274.93, 276.93, 277.93, 255.93, 238.93, 234.93, 242.93, 235.93, 218.93, 207.93, 198.93, 195.93, 182.93, 174.93, 167.93, 163.93, 155.93, 150.93, 146.93, 142.93, 138.93, 136.93, 133.93, 131.93, 130.93, 130.93, 130.93, 130.93]","[167.66476415094337, 172.10950043821208, 172.89585294414704, 172.53825747020625, 179.14874747338317, 183.61400340509476, 184.82043064703294, 184.87232855160372, 249.9834860749828, 293.878470439645, 323.64905414480097, 343.28842431341525, 354.81620233469243, 324.9547084935165, 307.045444244607, 303.6131718301979, 305.70963501249304, 296.48642202713927, 288.5970799725275, 284.2506702793777, 281.64052370118634, 282.8315425095709, 281.0880668123817, 279.79007570026, 278.59884216081656, 276.7596043456764, 275.93754496976084, 275.0517370183905, 276.0954355335005, 273.7200318145554, 275.0616950145148, 276.46008357161634, 277.53661762778694, 280.19789184174033, 283.3387747020236, 281.77183680775534, 280.94539505978594, 279.1611308305392, 278.1952215521481, 277.03797022994326, 309.6132669168164, 304.3654144138752, 292.9368494800584, 287.2148135049834, 308.4416413108481, 260.443495425642, 256.5103663377331, 228.72915186793216, 203.3773588123104, 184.95849210217722, 170.98877839550596, 160.41166130520577, 151.11607348947763, 144.25505644790607, 140.2103082654113, 136.89810659700763, 134.41426867850987, 130.84986786348838, 128.56244062116457, 130.13969084378613, 128.82320503344363]"
