id,fecha,angulo,ultrasonico,infrarrojo,kalman
102,2026-05-03T17:41:42.259485,"[0, 3, 6, 9, 12, 15, 18, 21, 24, 27, 30, 33, 36, 39, 42, 45, 48, 51, 54, 57, 60, 63, 66, 69, 72, 75, 78, 81, 84, 87, 90, 93, 96, 99, 102, 105, 108, 111, 114, 117, 120, 123, 126, 129, 132, 135, 138, 141, 144, 147, 150, 153, 156, 159, 162, 165, 168, 171, 174, 177, 180]","[176.0, 176.0, 176.0, 176.0, 181.0, 206.0, 197.0, 189.0, 190.0, 547.0, 547.0, 527.0, 450.0, 312.0, 307.0, 297.0, 292.0, 291.0, 290.0, 289.0, 284.0, 284.0, 284.0, 283.0, 283.0, 279.0, 283.0, 283.0, 284.0, 283.0, 284.0, 284.0, 286.0, 286.0, 304.0, 333.0, 302.0, 308.0, 309.0, 302.0, 295.0, 456.0, 362.0, 321.0, 360.0, 179.0, 161.0, 183.0, 174.0, 143.0, 154.0, 137.0, 148.0, 130.0, 142.0, 141.0, 123.0, 123.0, 113.0, 118.0, 117.0]","[175.93, 175.93, 175.93, 171.93, 172.93, 181.93, 178.93, 186.93, 191.93, 198.93, 207.93, 216.93, 225.93, 240.93, 270.93, 294.93, 296.93, 250.93, 247.93, 259.93, 267.93, 283.93, 269.93, 281.93, 279.93, 277.93, 266.93, 264.93, 259.93, 269.93, 269.93, 269.93, 256.93, 261.93, 264.93, 276.93, 274.93, 260.93, 222.93, 231.93, 252.93, 233.93, 245.93, 225.93, 220.93, 228.93, 219.93, 183.93, 171.93, 181.93, 174.93, 176.93, 174.93, 171.93, 164.93, 160.93, 165.93, 174.93, 171.93, 159.93, 161.93]","[167.66476415094337, 172.10950043821208, 173.7434440965559, 173.82855677605554, 174.9851208614134, 181.86627385203195, 184.06193987485503, 185.46307115027048, 187.43582122415748, 253.92585829652614, 298.1909440860917, 324.6225958678674, 329.402727681879, 310.4371988729404, 302.74458982981105, 300.3157463900126, 298.21967076378274, 288.45547588675, 281.472864550923, 278.9622439086765, 277.88845856947705, 280.06542555109263, 278.9546746250207, 280.2122752637412, 280.6610733832563, 279.87431347035215, 278.11551475840173, 276.6285614288419, 274.9578052461242, 275.4977691754079, 276.0234157245167, 276.360745418527, 274.6068075640156, 274.37687514604744, 277.99102223699276, 287.654653949996, 287.94496655632076, 286.6982421959274, 279.2704012390511, 274.8618980994807, 274.54057756627554, 299.77065998051194, 301.27331404153176, 291.31077504124266, 291.00776973062705, 259.8240386047688, 234.97563801167396, 216.5215620344448, 200.917093984401, 187.14134025153373, 179.01736970796438, 171.116941334771, 167.659060291262, 161.67828682630173, 158.73581465034079, 155.95186148070903, 151.83660640549778, 150.8078316741162, 147.81894907583654, 144.64695479948966, 142.79048026778852]"
