id,fecha,angulo,ultrasonico,infrarrojo,kalman
12,2026-05-03T16:51:08.638817,"[0, 3, 6, 9, 12, 15, 18, 21, 24, 27, 30, 33, 36, 39, 42, 45, 48, 51, 54, 57, 60, 63, 66, 69, 72, 75, 78, 81, 84, 87, 90, 93, 96, 99, 102, 105, 108, 111, 114, 117, 120, 123, 126, 129, 132, 135, 138, 141, 144, 147, 150, 153, 156, 159, 162, 165, 168, 171, 174, 177, 180]","[311.0, 306.0, 306.0, 311.0, 306.0, 300.0, 300.0, 299.0, 303.0, 307.0, 306.0, 298.0, 299.0, 303.0, 300.0, 305.0, 309.0, 316.0, 325.0, 335.0, 275.0, 329.0, 396.0, 379.0, 347.0, 355.0, 479.0, 428.0, 414.0, 409.0, 403.0, 411.0, 410.0, 405.0, 409.0, 404.0, 400.0, 404.0, 404.0, 408.0, 404.0, 404.0, 409.0, 409.0, 414.0, 419.0, 411.0, 196.0, 182.0, 177.0, 180.0, 179.0, 170.0, 165.0, 169.0, 163.0, 163.0, 163.0, 158.0, 163.0, 162.0]","[278.93, 280.93, 297.93, 301.93, 304.93, 300.93, 281.93, 279.93, 276.93, 292.93, 291.93, 289.93, 283.93, 272.93, 272.93, 271.93, 271.93, 271.93, 273.93, 275.93, 276.93, 270.93, 274.93, 272.93, 284.93, 283.93, 294.93, 320.93, 290.93, 279.93, 273.93, 290.93, 294.93, 300.93, 321.93, 316.93, 314.93, 312.93, 307.93, 283.93, 254.93, 216.93, 218.93, 247.93, 263.93, 254.93, 239.93, 224.93, 216.93, 206.93, 202.93, 197.93, 190.93, 179.93, 175.93, 177.93, 173.93, 170.93, 166.93, 165.93, 164.93]","[281.0515566037735, 287.69889570552147, 293.7448075951924, 298.631383138855, 301.15128076504465, 300.90246975290336, 297.32477759885387, 294.50325298522654, 292.87603475750194, 295.41658155929593, 296.68800893469455, 295.71241361098754, 294.19070907197937, 291.96027966121505, 289.99154612504884, 289.44464850521484, 289.81019740373785, 291.29868730615175, 294.2243309856238, 298.25138594010866, 290.2671193220488, 293.7414585113614, 308.6892331260993, 314.87840738608736, 315.2676874152016, 316.77140642059794, 341.9187926529482, 353.5787177938668, 353.17971996392555, 350.05760557079384, 345.9044668748687, 347.7174411726322, 349.4182900591631, 350.6889257422734, 355.9825661925332, 357.58843203382116, 357.5442115733865, 357.8740909971247, 357.1901446965489, 353.168651640327, 344.67663901549344, 332.42006037334244, 325.8083952990945, 326.76014404235144, 331.1326260737823, 333.2221181809785, 330.44307187517114, 287.46001945240585, 255.9351376556703, 233.01735161885193, 218.13090712105614, 207.50287133898485, 197.81634926874582, 188.7340364962913, 182.90553102309502, 178.4486166155266, 174.8719103920723, 172.0391998927891, 168.6091703093336, 167.12448992673598, 165.81344995998998]"
