id,fecha,angulo,ultrasonico,infrarrojo,kalman
17,2026-05-03T17:01:50.080188,"[0, 3, 6, 9, 12, 15, 18, 21, 24, 27, 30, 33, 36, 39, 42, 45, 48, 51, 54, 57, 60, 63, 66, 69, 72, 75, 78, 81, 84, 87, 90, 93, 96, 99, 102, 105, 108, 111, 114, 117, 120, 123, 126, 129, 132, 135, 138, 141, 144, 147, 150, 153, 156, 159, 162, 165, 168, 171, 174, 177, 180]","[153.0, 158.0, 153.0, 158.0, 168.0, 177.0, 170.0, 193.0, 225.0, 217.0, 212.0, 197.0, 198.0, 186.0, 196.0, 107.0, 191.0, 185.0, 190.0, 189.0, 190.0, 190.0, 190.0, 196.0, 190.0, 195.0, 196.0, 214.0, 206.0, 228.0, 222.0, 218.0, 219.0, 236.0, 227.0, 228.0, 237.0, 362.0, 375.0, 357.0, 356.0, 330.0, 356.0, 311.0, 343.0, 308.0, 308.0, 306.0, 301.0, 295.0, 123.0, 290.0, 285.0, 289.0, 284.0, 284.0, 284.0, 289.0, 289.0, 290.0, 294.0]","[145.93, 148.93, 148.93, 147.93, 151.93, 156.93, 158.93, 159.93, 168.93, 184.93, 209.93, 211.93, 203.93, 204.93, 203.93, 204.93, 202.93, 201.93, 198.93, 188.93, 194.93, 184.93, 176.93, 176.93, 184.93, 194.93, 196.93, 199.93, 201.93, 203.93, 207.93, 204.93, 201.93, 210.93, 219.93, 223.93, 226.93, 223.93, 226.93, 241.93, 246.93, 241.93, 249.93, 294.93, 319.93, 280.93, 262.93, 256.93, 254.93, 263.93, 282.93, 312.93, 420.93, 355.93, 327.93, 321.93, 357.93, 496.93, 372.93, 325.93, 289.93]","[142.41476415094337, 148.3321121822962, 149.4479183920816, 150.79903671037243, 154.17898756284148, 158.8145548958899, 160.84883058361774, 166.45476609829723, 177.3943961494661, 185.84164058929423, 194.8435459312164, 198.29070523986562, 199.24881453833729, 197.89322096118642, 198.63545450064137, 183.34841559581287, 188.2266633918273, 190.10333766600934, 191.66593639542657, 190.69830544045047, 191.33123715194583, 189.94612841548533, 187.62421509395608, 187.20891751129759, 187.30066100134283, 190.04646846343698, 192.34595597167927, 197.58333915382306, 199.86961745795705, 205.63591008760997, 208.9781271652379, 209.8690681826654, 210.08256526712887, 214.8769238084615, 217.95366711148523, 220.82378776054466, 224.81521137868643, 249.23038901179618, 267.76470500322966, 279.12157564106565, 287.1262765461059, 286.7102404331858, 292.53363108832775, 296.27074796113527, 308.87935515679396, 303.7153033124748, 297.1769940051904, 291.5480532209617, 286.6818215876908, 284.0963406262014, 255.03042372354017, 271.665962160902, 300.7919578594668, 308.5564892603096, 307.6280686165372, 305.9574889875854, 311.33404340707125, 340.57895151165343, 337.1346806098401, 326.68442173159633, 314.2459260877425]"
