id,fecha,angulo,ultrasonico,infrarrojo,kalman
20,2026-05-03T17:02:43.196679,"[0, 3, 6, 9, 12, 15, 18, 21, 24, 27, 30, 33, 36, 39, 42, 45, 48, 51, 54, 57, 60, 63, 66, 69, 72, 75, 78, 81, 84, 87, 90, 93, 96, 99, 102, 105, 108, 111, 114, 117, 120, 123, 126, 129, 132, 135, 138, 141, 144, 147, 150, 153, 156, 159, 162, 165, 168, 171, 174, 177, 180]","[154.0, 154.0, 159.0, 154.0, 250.0, 178.0, 166.0, 185.0, 190.0, 225.0, 225.0, 203.0, 198.0, 196.0, 196.0, 191.0, 190.0, 190.0, 190.0, 190.0, 190.0, 190.0, 190.0, 195.0, 191.0, 196.0, 201.0, 201.0, 206.0, 207.0, 213.0, 213.0, 223.0, 236.0, 223.0, 228.0, 237.0, 271.0, 361.0, 248.0, 352.0, 313.0, 360.0, 319.0, 339.0, 307.0, 303.0, 305.0, 301.0, 295.0, 294.0, 290.0, 89.0, 284.0, 290.0, 284.0, 212.0, 284.0, 289.0, 288.0, 284.0]","[151.93, 151.93, 148.93, 148.93, 152.93, 151.93, 155.93, 166.93, 170.93, 179.93, 186.93, 202.93, 218.93, 201.93, 205.93, 204.93, 192.93, 190.93, 197.93, 187.93, 185.93, 193.93, 184.93, 193.93, 187.93, 187.93, 196.93, 197.93, 200.93, 202.93, 206.93, 202.93, 208.93, 218.93, 214.93, 213.93, 216.93, 231.93, 224.93, 240.93, 246.93, 252.93, 247.93, 270.93, 311.93, 271.93, 256.93, 251.93, 251.93, 264.93, 285.93, 281.93, 262.93, 264.93, 279.93, 274.93, 259.93, 258.93, 272.93, 272.93, 273.93]","[145.74966981132076, 149.613444347064, 151.45761438238563, 151.460451633369, 169.8996391512138, 168.11058629660604, 165.53802923076117, 169.28113192049508, 173.29117588558026, 183.74650512117276, 191.7075737214952, 195.74086655955853, 200.29949291070486, 199.82139600606644, 200.23110245846794, 199.41925274066364, 196.56957952238196, 194.3825670790657, 194.2329704947291, 192.34568009824585, 190.77626826239154, 191.2021404089671, 189.86328156468417, 191.51188202910677, 190.77857104789652, 191.20361820075615, 193.98419198034952, 195.94773294041963, 198.6408507664783, 200.90652510002246, 204.1517923010342, 205.5179028232491, 209.26065446607782, 215.78249905131983, 216.92265410611148, 218.37085512111648, 221.44977257731824, 232.20295500162547, 253.97141756032448, 250.5656715105525, 268.08422608514815, 273.41537598009626, 284.3600100304709, 288.15932796147945, 301.5243673543992, 297.20400771635775, 291.0280027113798, 286.52721189443446, 282.92234831738483, 281.8628558970467, 284.7655103510737, 285.1952365973332, 246.062677518545, 256.23802453878085, 266.5296809464765, 271.16385691124174, 258.5535999851974, 263.17920677328584, 269.55110182623946, 273.4610884596932, 275.4329064308422]"
