id,fecha,angulo,ultrasonico,infrarrojo,kalman
23,2026-05-03T17:04:02.862147,"[0, 3, 6, 9, 12, 15, 18, 21, 24, 27, 30, 33, 36, 39, 42, 45, 48, 51, 54, 57, 60, 63, 66, 69, 72, 75, 78, 81, 84, 87, 90, 93, 96, 99, 102, 105, 108, 111, 114, 117, 120, 123, 126, 129, 132, 135, 138, 141, 144, 147, 150, 153, 156, 159, 162, 165, 168, 171, 174, 177, 180]","[244.0, 244.0, 244.0, 244.0, 255.0, 255.0, 252.0, 252.0, 250.0, 231.0, 230.0, 218.0, 219.0, 212.0, 212.0, 207.0, 207.0, 204.0, 205.0, 222.0, 209.0, 200.0, 200.0, 200.0, 200.0, 199.0, 199.0, 199.0, 199.0, 199.0, 199.0, 205.0, 205.0, 206.0, 207.0, 217.0, 222.0, 219.0, 246.0, 250.0, 234.0, 258.0, 254.0, 249.0, 249.0, 254.0, 259.0, 259.0, 264.0, 182.0, 177.0, 175.0, 175.0, 165.0, 164.0, 154.0, 159.0, 159.0, 157.0, 157.0, 152.0]","[238.93, 238.93, 237.93, 238.93, 239.93, 244.93, 252.93, 276.93, 246.93, 234.93, 240.93, 240.93, 225.93, 234.93, 228.93, 225.93, 208.93, 195.93, 203.93, 213.93, 211.93, 210.93, 208.93, 207.93, 208.93, 204.93, 195.93, 197.93, 203.93, 192.93, 192.93, 202.93, 203.93, 196.93, 205.93, 200.93, 202.93, 207.93, 212.93, 226.93, 218.93, 229.93, 262.93, 240.93, 209.93, 210.93, 209.93, 222.93, 218.93, 211.93, 203.93, 194.93, 181.93, 181.93, 178.93, 172.93, 164.93, 159.93, 157.93, 157.93, 159.93]","[230.07514150943393, 236.17435582822085, 238.20460963539037, 239.4571177195034, 242.41002596113526, 245.14908092676404, 247.78296127244565, 253.77152548858112, 251.86883847906148, 245.09407167646876, 241.64389646919855, 237.2804607522331, 231.97258260826098, 228.92464666320095, 225.89390189373862, 222.51592076449552, 217.30293966421655, 211.09148977678632, 208.71749937752753, 212.03048663395342, 211.4696391862747, 209.31843172813515, 207.5796530676531, 206.2846762432724, 205.63276345471692, 204.31875943363664, 201.863348236797, 200.645864257134, 200.93932583746496, 199.15723595304365, 198.01359325924662, 200.145729773271, 201.6931410266943, 201.61140777696855, 203.3502439301146, 205.3617727930224, 207.90655770776914, 209.89791173356525, 216.90796921800373, 224.6309386715032, 225.2880050253563, 231.9791798504534, 241.46792540332711, 242.7207788486759, 237.97179573657831, 235.99894448028311, 235.44939725903572, 237.42540369131677, 238.87261964660897, 223.85889768866946, 211.89528106674254, 202.2473040259384, 193.72711358860067, 186.46805802150516, 181.0930989197195, 174.77769904591307, 170.18745262704587, 166.34605280984889, 163.16434841563049, 161.1225137045382, 159.27479538011016]"
