id,fecha,angulo,ultrasonico,infrarrojo,kalman
24,2026-05-03T17:04:18.832453,"[0, 3, 6, 9, 12, 15, 18, 21, 24, 27, 30, 33, 36, 39, 42, 45, 48, 51, 54, 57, 60, 63, 66, 69, 72, 75, 78, 81, 84, 87, 90, 93, 96, 99, 102, 105, 108, 111, 114, 117, 120, 123, 126, 129, 132, 135, 138, 141, 144, 147, 150, 153, 156, 159, 162, 165, 168, 171, 174, 177, 180]","[249.0, 249.0, 249.0, 249.0, 249.0, 250.0, 255.0, 257.0, 258.0, 244.0, 234.0, 219.0, 219.0, 212.0, 212.0, 207.0, 141.0, 206.0, 225.0, 222.0, 200.0, 200.0, 195.0, 200.0, 199.0, 199.0, 199.0, 199.0, 199.0, 199.0, 200.0, 205.0, 206.0, 206.0, 207.0, 211.0, 212.0, 222.0, 222.0, 245.0, 250.0, 253.0, 249.0, 254.0, 254.0, 254.0, 264.0, 259.0, 261.0, 261.0, 176.0, 176.0, 174.0, 170.0, 160.0, 163.0, 163.0, 162.0, 157.0, 157.0, 157.0]","[229.93, 237.93, 229.93, 229.93, 240.93, 249.93, 261.93, 280.93, 246.93, 232.93, 239.93, 241.93, 230.93, 226.93, 221.93, 226.93, 211.93, 208.93, 216.93, 201.93, 210.93, 196.93, 196.93, 207.93, 200.93, 199.93, 205.93, 204.93, 202.93, 201.93, 201.93, 192.93, 193.93, 197.93, 199.93, 198.93, 199.93, 212.93, 203.93, 209.93, 216.93, 242.93, 252.93, 242.93, 220.93, 201.93, 215.93, 211.93, 206.93, 207.93, 191.93, 192.93, 185.93, 176.93, 176.93, 180.93, 176.93, 179.93, 175.93, 163.93, 164.93]","[228.16948113207545, 236.36015775635406, 237.67597616402384, 238.363245652228, 240.79764392881654, 244.1212678141258, 249.28530447307477, 256.3499757846407, 254.95699407304045, 249.04658523843548, 244.71765434512446, 239.61123594437987, 234.3639853214848, 229.02625837867728, 224.70520370587155, 221.93221249760643, 205.6432282286025, 206.29589194087308, 211.55121155519626, 211.69945440485444, 209.46591387835252, 205.52475317788006, 202.09989922787713, 202.76808569828765, 201.76385902835847, 200.94027538005233, 201.4865195165977, 201.6579387716393, 201.40968821149846, 201.07124650891362, 201.03318289286273, 200.29224071639254, 200.1750042526977, 200.81628377853377, 201.76520641431986, 202.91155668721322, 204.00547586704477, 208.8274522694845, 210.30976006309095, 216.45575462700157, 222.549445533286, 231.65476030391358, 238.57279984381066, 242.1167554287309, 240.45022883494588, 235.977301097942, 237.4059244144735, 236.71057355116957, 235.72695104385622, 235.27484753006186, 216.8927062627529, 205.27523503274233, 196.20765174655008, 188.05992460794656, 181.0398945434544, 177.7887448808877, 174.98582905550734, 173.54533661072406, 171.00875242535545, 167.23137330808444, 164.9863976371781]"
