id,fecha,angulo,ultrasonico,infrarrojo,kalman
26,2026-05-03T17:05:36.033465,"[0, 3, 6, 9, 12, 15, 18, 21, 24, 27, 30, 33, 36, 39, 42, 45, 48, 51, 54, 57, 60, 63, 66, 69, 72, 75, 78, 81, 84, 87, 90, 93, 96, 99, 102, 105, 108, 111, 114, 117, 120, 123, 126, 129, 132, 135, 138, 141, 144, 147, 150, 153, 156, 159, 162, 165, 168, 171, 174, 177, 180]","[255.0, 250.0, 255.0, 264.0, 250.0, 273.0, 278.0, 274.0, 805.0, 1193.0, 454.0, 380.0, 388.0, 384.0, 380.0, 381.0, 478.0, 386.0, 463.0, 458.0, 457.0, 460.0, 455.0, 455.0, 454.0, 450.0, 454.0, 458.0, 458.0, 458.0, 459.0, 464.0, 460.0, 469.0, 524.0, 471.0, 360.0, 483.0, 854.0, 804.0, 802.0, 1307.0, 789.0, 713.0, 586.0, 853.0, 722.0, 497.0, 691.0, 617.0, 1066.0, 335.0, 486.0, 710.0, 709.0, 709.0, 708.0, 237.0, 672.0, 584.0, 703.0]","[246.93, 248.93, 236.93, 248.93, 249.93, 249.93, 251.93, 255.93, 248.93, 251.93, 254.93, 273.93, 262.93, 262.93, 275.93, 261.93, 279.93, 286.93, 290.93, 301.93, 296.93, 273.93, 273.93, 313.93, 300.93, 295.93, 325.93, 298.93, 277.93, 297.93, 314.93, 282.93, 275.93, 281.93, 227.93, 199.93, 205.93, 215.93, 219.93, 213.93, 215.93, 224.93, 223.93, 223.93, 223.93, 221.93, 221.93, 223.93, 222.93, 222.93, 213.93, 214.93, 215.93, 218.93, 226.93, 233.93, 227.93, 220.93, 225.93, 224.93, 225.93]","[239.12702830188675, 244.66296231375983, 245.21476012523985, 249.5366402731819, 249.69459801074566, 253.9619558931506, 257.9232765865026, 260.45113385519124, 356.0113025685563, 487.34115638611576, 439.7305418010077, 399.3290822778152, 372.8660815987524, 355.1675955231104, 345.42202016047804, 336.83922198026454, 351.93111122944924, 346.3902582379363, 357.34389219014287, 365.448075683591, 369.57410107906514, 368.6393708602779, 367.1438708966721, 373.3492965187442, 374.82377844554446, 374.1578569972565, 379.8208856306364, 379.33512934007126, 375.2616944377801, 376.23017411811145, 380.0760067475258, 377.7075635382356, 374.21721640436937, 374.6642443225966, 375.13024989009074, 360.91987387103137, 332.9919502276605, 338.89354500127865, 409.8541430555747, 445.36135777510907, 468.1478440496652, 574.8430944945195, 550.3461245541736, 521.0115918838302, 479.43702192728324, 500.2259843143578, 490.1012727623431, 443.6580967640395, 448.4253955748676, 438.22924342933266, 510.5026052586927, 426.11947527390316, 399.19481562555865, 422.57835324007465, 438.83846299584013, 450.52716684400815, 456.7744025677433, 375.15995969558253, 401.6011740515668, 402.62716137531083, 424.78103514385214]"
