id,fecha,angulo,ultrasonico,infrarrojo,kalman
27,2026-05-03T17:06:03.965562,"[0, 3, 6, 9, 12, 15, 18, 21, 24, 27, 30, 33, 36, 39, 42, 45, 48, 51, 54, 57, 60, 63, 66, 69, 72, 75, 78, 81, 84, 87, 90, 93, 96, 99, 102, 105, 108, 111, 114, 117, 120, 123, 126, 129, 132, 135, 138, 141, 144, 147, 150, 153, 156, 159, 162, 165, 168, 171, 174, 177, 180]","[250.0, 250.0, 255.0, 264.0, 269.0, 269.0, 701.0, 278.0, 528.0, 401.0, 389.0, 258.0, 380.0, 376.0, 385.0, 385.0, 385.0, 464.0, 464.0, 457.0, 461.0, 460.0, 455.0, 454.0, 459.0, 454.0, 458.0, 458.0, 454.0, 458.0, 459.0, 477.0, 469.0, 506.0, 519.0, 480.0, 519.0, 658.0, 492.0, 635.0, 459.0, 748.0, 536.0, 643.0, 642.0, 1301.0, 766.0, 1143.0, 491.0, 1077.0, 463.0, 665.0, 1042.0, 1267.0, 389.0, 668.0, 463.0, 947.0, 523.0, 1043.0, 425.0]","[248.93, 246.93, 247.93, 248.93, 239.93, 239.93, 252.93, 254.93, 245.93, 238.93, 252.93, 268.93, 272.93, 274.93, 273.93, 271.93, 262.93, 293.93, 317.93, 278.93, 267.93, 293.93, 306.93, 296.93, 293.93, 315.93, 318.93, 320.93, 290.93, 286.93, 294.93, 291.93, 299.93, 282.93, 216.93, 213.93, 216.93, 209.93, 203.93, 213.93, 224.93, 225.93, 223.93, 216.93, 223.93, 238.93, 240.93, 237.93, 237.93, 240.93, 324.93, 380.93, 358.93, 331.93, 259.93, 267.93, 380.93, 1890.93, 2773.93, 3267.93, 3615.93]","[237.6977830188679, 243.46357581069236, 246.85454398545602, 250.54648651506483, 251.99143917037446, 252.88822836360228, 333.5604445033359, 309.4743370088902, 337.2590858336192, 331.0612229648391, 327.4436636267478, 304.52148946271694, 312.38310658895523, 317.0698401762671, 321.5105180553848, 324.00201802402614, 323.9887560275696, 343.68441716420784, 360.6230458355655, 363.2533566165051, 363.6874370387785, 368.4442245129344, 372.9298871222159, 373.8381105014657, 374.77921354908085, 378.4283486472454, 382.0240549671057, 384.6898298494469, 380.3101920200151, 377.49959259467937, 377.30807075103866, 379.87209482882633, 381.5175378723755, 386.15606418535526, 379.6389777437712, 367.93327789153454, 367.94464257701264, 391.59693536460196, 375.96546424849123, 393.34079004849093, 374.93502437480316, 415.0706111529357, 402.4937602256279, 412.33553981822485, 419.72620008295354, 545.2019012842848, 530.2493404718998, 587.647813249569, 507.6908810215916, 561.885979214382, 501.727017333719, 509.3356853847302, 577.8092090981536, 657.2190740112704, 538.007408216239, 512.9141852870717, 480.3309512185219, 816.6037041807737, 1114.6243101784166, 1487.5133659460041, 1678.4473230208887]"
