id,fecha,angulo,ultrasonico,infrarrojo,kalman
28,2026-05-03T17:06:21.311122,"[0, 3, 6, 9, 12, 15, 18, 21, 24, 27, 30, 33, 36, 39, 42, 45, 48, 51, 54, 57, 60, 63, 66, 69, 72, 75, 78, 81, 84, 87, 90, 93, 96, 99, 102, 105, 108, 111, 114, 117, 120, 123, 126, 129, 132, 135, 138, 141, 144, 147, 150, 153, 156, 159, 162, 165, 168, 171, 174, 177, 180]","[250.0, 259.0, 250.0, 255.0, 278.0, 278.0, 278.0, 282.0, 955.0, 968.0, 392.0, 388.0, 384.0, 485.0, 372.0, 465.0, 398.0, 462.0, 463.0, 457.0, 457.0, 456.0, 455.0, 454.0, 454.0, 450.0, 458.0, 458.0, 454.0, 458.0, 458.0, 468.0, 468.0, 469.0, 470.0, 515.0, 481.0, 490.0, 457.0, 502.0, 474.0, 669.0, 611.0, 490.0, 630.0, 871.0, 292.0, 588.0, 789.0, 1120.0, 409.0, 361.0, 480.0, 471.0, 1054.0, 687.0, 1150.0, 869.0, 733.0, 962.0, 825.0]","[232.93, 232.93, 248.93, 286.93, 584.93, 417.93, 306.93, 452.93, 888.93, 864.93, 817.93, 2042.93, 1519.93, 2944.93, 456.93, 241.93, 238.93, 256.93, 262.93, 257.93, 239.93, 254.93, 271.93, 300.93, 283.93, 265.93, 250.93, 248.93, 258.93, 280.93, 277.93, 280.93, 299.93, 291.93, 261.93, 223.93, 213.93, 215.93, 218.93, 220.93, 222.93, 223.93, 222.93, 221.93, 220.93, 226.93, 252.93, 286.93, 355.93, 347.93, 314.93, 332.93, 318.93, 271.93, 270.93, 260.93, 301.93, 283.93, 317.93, 398.93, 402.93]","[230.07514150943393, 238.58408413672217, 243.19536814463186, 253.86332029209066, 319.3539762941697, 329.7268996358034, 316.3118544294474, 334.6749515370327, 545.251372668938, 678.287092472515, 652.0151865096532, 853.8870923197771, 889.0250871002569, 1184.9272328569655, 908.9021841445918, 709.9122754929476, 569.6732293234747, 494.36451861991816, 447.2896409427964, 415.1092818484327, 391.2334629392131, 378.41914023737553, 373.06170628402, 374.63921959066704, 372.60638747017094, 367.3609995798322, 362.7409101136985, 359.41774510137293, 358.3599018179977, 362.33838730171857, 364.3541638915035, 367.9764474613058, 373.70446743357354, 376.1264793993177, 372.4860524872384, 371.40373756584177, 362.82750362871053, 359.2941870495473, 351.6528443378598, 355.1681233768905, 352.76667868785665, 386.3348115469614, 397.30830841533873, 382.49675522755314, 397.8904541652213, 452.0140537686383, 387.689246160254, 405.5217867506919, 465.330456573172, 561.5708151838232, 490.060520978882, 438.79546742728337, 424.70502975965957, 405.63138609809135, 497.64397237935634, 489.16080128657507, 573.997697963996, 574.8816275946263, 557.1777466999071, 601.3463384169847, 605.867069446003]"
