id,fecha,angulo,ultrasonico,infrarrojo,kalman
29,2026-05-03T17:06:48.282166,"[0, 3, 6, 9, 12, 15, 18, 21, 24, 27, 30, 33, 36, 39, 42, 45, 48, 51, 54, 57, 60, 63, 66, 69, 72, 75, 78, 81, 84, 87, 90, 93, 96, 99, 102, 105, 108, 111, 114, 117, 120, 123, 126, 129, 132, 135, 138, 141, 144, 147, 150, 153, 156, 159, 162, 165, 168, 171, 174, 177, 180]","[250.0, 251.0, 259.0, 250.0, 273.0, 277.0, 952.0, 1192.0, 602.0, 385.0, 392.0, 380.0, 376.0, 380.0, 367.0, 385.0, 463.0, 464.0, 461.0, 453.0, 456.0, 456.0, 456.0, 454.0, 454.0, 449.0, 454.0, 453.0, 458.0, 458.0, 458.0, 459.0, 459.0, 510.0, 469.0, 510.0, 476.0, 549.0, 1293.0, 668.0, 551.0, 711.0, 618.0, 691.0, 589.0, 677.0, 1126.0, 497.0, 78.0, 502.0, 431.0, 450.0, 212.0, 755.0, 732.0, 610.0, 1074.0, 87.0, 546.0, 993.0, 723.0]","[235.93, 236.93, 226.93, 237.93, 249.93, 237.93, 224.93, 239.93, 258.93, 263.93, 265.93, 271.93, 256.93, 238.93, 235.93, 235.93, 255.93, 298.93, 298.93, 283.93, 282.93, 287.93, 285.93, 297.93, 311.93, 283.93, 281.93, 358.93, 613.93, 834.93, 1928.93, 2241.93, 529.93, 308.93, 254.93, 217.93, 205.93, 199.93, 201.93, 202.93, 213.93, 222.93, 221.93, 221.93, 222.93, 222.93, 217.93, 208.93, 205.93, 214.93, 223.93, 223.93, 223.93, 222.93, 213.93, 206.93, 216.93, 216.93, 206.93, 205.93, 205.93]","[231.5043867924528, 238.17698510078878, 240.20612463387536, 241.65013018436045, 248.95686751340068, 252.04148996422109, 373.1608274033264, 496.22161359869125, 472.6441795972038, 419.5396533454327, 387.0860135887385, 365.18767374943263, 347.73198881087836, 334.0224151192128, 322.3584273064603, 318.097509815111, 332.9177365203506, 350.3101660774839, 360.93423604440534, 363.6321893654797, 365.7218379681655, 367.95849804192227, 369.03560012972923, 371.51811008875376, 375.6190450489795, 372.33953911790866, 370.7723273657117, 383.3803687282279, 438.0449678709298, 512.7130220161865, 756.5975710786577, 969.355072766853, 799.222109519739, 659.5886747695461, 552.9627404222558, 485.25286929841894, 433.5606479358702, 412.3891847385985, 532.4326319108998, 497.6932437827584, 456.4118532279027, 460.19259794100446, 445.78075647601463, 449.60846759281657, 433.9728649686548, 439.7021683960297, 522.9120859306302, 462.02725598226544, 347.3625300667856, 351.3400739604568, 342.7866479918562, 340.70099853183495, 296.7298980082062, 365.59957841952195, 404.06405340281276, 405.6407258342009, 491.55958740288264, 369.89725590607026, 372.2501999422305, 453.6516219643521, 457.52559649744023]"
