id,fecha,angulo,ultrasonico,infrarrojo,kalman
3,2026-05-03T16:45:57.338174,"[0, 3, 6, 9, 12, 15, 18, 21, 24, 27, 30, 33, 36, 39, 42, 45, 48, 51, 54, 57, 60, 63, 66, 69, 72, 75, 78, 81, 84, 87, 90, 93, 96, 99, 102, 105, 108, 111, 114, 117, 120, 123, 126, 129, 132, 135, 138, 141, 144, 147, 150, 153, 156, 159, 162, 165, 168, 171, 174, 177, 180]","[298.0, 298.0, 298.0, 294.0, 292.0, 291.0, 286.0, 286.0, 281.0, 285.0, 285.0, 289.0, 293.0, 292.0, 297.0, 289.0, 291.0, 295.0, 302.0, 305.0, 317.0, 312.0, 317.0, 612.0, 509.0, 534.0, 496.0, 500.0, 444.0, 452.0, 491.0, 444.0, 439.0, 421.0, 433.0, 428.0, 428.0, 432.0, 432.0, 436.0, 431.0, 431.0, 432.0, 703.0, 441.0, 442.0, 357.0, 369.0, 347.0, 355.0, 279.0, 139.0, 272.0, 268.0, 266.0, 261.0, 255.0, 233.0, 259.0, 254.0, 254.0]","[277.93, 291.93, 295.93, 302.93, 301.93, 292.93, 278.93, 277.93, 288.93, 282.93, 279.93, 278.93, 278.93, 267.93, 275.93, 275.93, 265.93, 265.93, 277.93, 271.93, 285.93, 275.93, 274.93, 290.93, 277.93, 276.93, 290.93, 276.93, 293.93, 289.93, 306.93, 317.93, 277.93, 271.93, 305.93, 326.93, 332.93, 314.93, 312.93, 320.93, 276.93, 239.93, 217.93, 205.93, 207.93, 218.93, 220.93, 222.93, 226.93, 236.93, 287.93, 312.93, 300.93, 288.93, 264.93, 261.93, 271.93, 269.93, 267.93, 261.93, 246.93]","[274.38174528301886, 285.4039789658195, 290.30348853651145, 293.4388060731968, 294.7390908105748, 293.7333445074476, 289.67651024924584, 286.9082110572102, 286.2114609062376, 285.40637315711416, 284.3524550762253, 284.21363828583736, 284.8410919114961, 283.09417783580625, 284.30180529941623, 283.64375479582134, 281.78842541079246, 281.314298105121, 284.4134779027321, 285.8649664319416, 291.4537966529018, 292.35345426788905, 293.6473178683486, 350.18669717056855, 365.69147676297837, 379.94064253149713, 384.7858459676211, 386.10393074911354, 379.96377907508224, 376.73989835519376, 384.70220925227653, 383.363325748858, 374.44331208155864, 364.41986999662856, 366.22732600942584, 370.2533077800728, 373.91172381522097, 373.7516816269441, 373.2907181945605, 375.1444438180625, 367.55674775253516, 356.05963620184656, 344.9197474118236, 384.16516335384347, 362.77712793220616, 351.2010635139836, 328.9045226644911, 317.1036893343658, 306.30627574565347, 302.601435431532, 295.74566258502216, 270.7462120095207, 276.3775867904062, 277.12541837340825, 272.9479852276494, 268.834118849438, 266.9105913801054, 261.3770913528469, 262.1251004301048, 260.6347129611579, 256.99133631322576]"
