id,fecha,angulo,ultrasonico,infrarrojo,kalman
30,2026-05-03T17:08:24.017933,"[0, 3, 6, 9, 12, 15, 18, 21, 24, 27, 30, 33, 36, 39, 42, 45, 48, 51, 54, 57, 60, 63, 66, 69, 72, 75, 78, 81, 84, 87, 90, 93, 96, 99, 102, 105, 108, 111, 114, 117, 120, 123, 126, 129, 132, 135, 138, 141, 144, 147, 150, 153, 156, 159, 162, 165, 168, 171, 174, 177, 180]","[493.0, 510.0, 1698.0, 886.0, 1662.0, 686.0, 1009.0, 1918.0, 657.0, 1612.0, 1237.0, 1607.0, 494.0, 478.0, 486.0, 488.0, 483.0, 469.0, 469.0, 463.0, 463.0, 433.0, 438.0, 427.0, 432.0, 426.0, 427.0, 426.0, 426.0, 425.0, 421.0, 425.0, 425.0, 425.0, 426.0, 426.0, 432.0, 432.0, 330.0, 317.0, 312.0, 312.0, 315.0, 328.0, 457.0, 467.0, 321.0, 509.0, 387.0, 501.0, 486.0, 260.0, 559.0, 212.0, 202.0, 206.0, 210.0, 213.0, 208.0, 212.0, 204.0]","[4509.93, 5092.93, 5573.93, 5038.93, 4985.93, 5778.93, 3312.93, 2511.93, 3508.93, 4881.93, 4265.93, 4304.93, 4117.93, 4932.93, 4985.93, 4735.93, 5204.93, 5322.93, 5999.93, 5778.93, 593.93, 279.93, 291.93, 272.93, 270.93, 316.93, 328.93, 282.93, 292.93, 484.93, 803.93, 1069.93, 2981.93, 2665.93, 1760.93, 1434.93, 1206.93, 795.93, 848.93, 2856.93, 5322.93, 5708.93, 1389.93, 955.93, 846.93, 450.93, 462.93, 343.93, 299.93, 259.93, 254.93, 244.93, 229.93, 230.93, 252.93, 303.93, 346.93, 347.93, 306.93, 315.93, 288.93]","[2383.4713679245283, 2607.3049430324277, 3043.2465245934754, 3012.2135802876123, 3127.171980569198, 3165.345952608594, 2803.748288094979, 2592.3852414236994, 2409.7295135224663, 2709.7783732301464, 2724.7150328572166, 2807.5669044311203, 2627.8599192735087, 2655.662801238578, 2684.4317887107354, 2658.4699696653734, 2724.92501419352, 2786.20140118986, 2946.7952473677333, 3009.192882629668, 2120.4533231964724, 1488.491148748889, 1085.9794000797128, 822.2966696282002, 653.6176599294397, 552.5343337326593, 489.9935485150829, 441.4394201248705, 412.0714636096426, 427.4383977040263, 493.72557853479236, 584.6296469542375, 985.460881202335, 1186.0865957103417, 1152.9042079483495, 1073.2136779482485, 982.30629332379, 850.3452368327482, 756.8829172556153, 1054.266106701451, 1685.9454567518933, 2160.4646090653614, 1691.863848220431, 1315.7296386407663, 1077.9309324842109, 856.1817019118498, 689.8725545656545, 595.5048042801877, 505.20963658262497, 460.5189262729238, 428.2564255228516, 365.2778166768708, 375.73434603463716, 320.46618507659485, 287.147806550845, 275.6180724963927, 276.63800582436517, 278.00905545620185, 270.6489920808805, 268.25440132345653, 260.44818336455114]"
