id,fecha,angulo,ultrasonico,infrarrojo,kalman
31,2026-05-03T17:09:38.314653,"[0, 3, 6, 9, 12, 15, 18, 21, 24, 27, 30, 33, 36, 39, 42, 45, 48, 51, 54, 57, 60, 63, 66, 69, 72, 75, 78, 81, 84, 87, 90, 93, 96, 99, 102, 105, 108, 111, 114, 117, 120, 123, 126, 129, 132, 135, 138, 141, 144, 147, 150, 153, 156, 159, 162, 165, 168, 171, 174, 177, 180]","[545.0, 542.0, 592.0, 643.0, 593.0, 657.0, 639.0, 691.0, 620.0, 506.0, 494.0, 756.0, 486.0, 482.0, 478.0, 484.0, 480.0, 465.0, 465.0, 463.0, 463.0, 438.0, 438.0, 428.0, 427.0, 427.0, 426.0, 426.0, 425.0, 425.0, 421.0, 425.0, 426.0, 422.0, 427.0, 422.0, 432.0, 335.0, 326.0, 317.0, 316.0, 320.0, 324.0, 320.0, 324.0, 329.0, 451.0, 334.0, 992.0, 721.0, 585.0, 409.0, 218.0, 221.0, 215.0, 202.0, 210.0, 210.0, 208.0, 208.0, 208.0]","[221.93, 221.93, 220.93, 210.93, 210.93, 221.93, 220.93, 219.93, 219.93, 219.93, 219.93, 209.93, 210.93, 208.93, 246.93, 297.93, 675.93, 1212.93, 1913.93, 348.93, 278.93, 292.93, 504.93, 482.93, 364.93, 334.93, 310.93, 242.93, 266.93, 260.93, 513.93, 2981.93, 1224.93, 422.93, 423.93, 490.93, 589.93, 444.93, 447.93, 654.93, 719.93, 3758.93, 3642.93, 3312.93, 418.93, 253.93, 289.93, 290.93, 300.93, 336.93, 281.93, 249.93, 252.93, 242.93, 272.93, 264.93, 245.93, 235.93, 272.93, 364.93, 372.93]","[365.37702830188675, 374.25980718667836, 387.90822543177455, 402.91223428208895, 402.56294144531125, 415.9417785142646, 420.99042477246894, 433.36620275415265, 428.56111994674245, 405.0527506657464, 387.822515945841, 421.9100142813985, 395.5971514816914, 377.636751502046, 372.2013345941004, 378.9235710083589, 450.23171873999263, 589.4983988003862, 804.4410002533344, 661.6839500269465, 557.5316835188022, 488.72233973837916, 482.5397671269556, 472.8400268479593, 445.29896655879236, 422.25083605801507, 402.9816531567185, 378.4350435258426, 366.80240465066754, 358.26247399737895, 397.38510554596513, 865.2981141006528, 851.0275994575059, 697.4918041991205, 600.0361424890847, 548.6006939312393, 535.1174216971536, 483.11546789353304, 448.66883496013264, 462.0304683988217, 482.0694377411338, 1040.0181866192038, 1378.0151489293617, 1535.0931269196294, 1118.214542372704, 822.0252607406728, 660.2503792469272, 535.6536345718232, 575.3526450226088, 558.7339200621851, 513.8553812273701, 447.79613141048833, 371.72689634311934, 321.65613905113963, 293.8227004033349, 272.19909735649355, 256.35189714872513, 244.39078852322382, 242.98434506854, 258.56161882436106, 269.99124662303666]"
