id,fecha,angulo,ultrasonico,infrarrojo,kalman
33,2026-05-03T17:10:14.875354,"[0, 3, 6, 9, 12, 15, 18, 21, 24, 27, 30, 33, 36, 39, 42, 45, 48, 51, 54, 57, 60, 63, 66, 69, 72, 75, 78, 81, 84, 87, 90, 93, 96, 99, 102, 105, 108, 111, 114, 117, 120, 123, 126, 129, 132, 135, 138, 141, 144, 147, 150, 153, 156, 159, 162, 165, 168, 171, 174, 177, 180]","[512.0, 507.0, 1700.0, 916.0, 1681.0, 697.0, 934.0, 804.0, 697.0, 502.0, 494.0, 489.0, 477.0, 474.0, 482.0, 483.0, 483.0, 465.0, 456.0, 463.0, 439.0, 433.0, 433.0, 428.0, 428.0, 426.0, 426.0, 426.0, 426.0, 425.0, 425.0, 425.0, 426.0, 426.0, 426.0, 427.0, 433.0, 433.0, 326.0, 326.0, 312.0, 312.0, 320.0, 328.0, 462.0, 466.0, 1231.0, 463.0, 822.0, 229.0, 2744.0, 231.0, 222.0, 216.0, 211.0, 211.0, 210.0, 213.0, 208.0, 199.0, 208.0]","[221.93, 223.93, 337.93, 4597.93, 680.93, 410.93, 221.93, 222.93, 221.93, 222.93, 222.93, 235.93, 233.93, 251.93, 280.93, 276.93, 394.93, 434.93, 407.93, 224.93, 231.93, 304.93, 294.93, 244.93, 241.93, 246.93, 243.93, 256.93, 256.93, 241.93, 252.93, 313.93, 297.93, 285.93, 273.93, 279.93, 249.93, 230.93, 229.93, 232.93, 234.93, 235.93, 235.93, 274.93, 333.93, 320.93, 307.93, 283.93, 294.93, 334.93, 278.93, 261.93, 270.93, 300.93, 251.93, 235.93, 227.93, 220.93, 312.93, 365.93, 270.93]","[349.6553301886792, 358.12133216476775, 638.1839551560448, 1452.1326209165773, 1352.1395048066577, 1062.761430231899, 888.2248099573935, 753.6925010346465, 648.1954398659578, 545.7952262459455, 478.6732726576737, 437.03835698171173, 407.8133841040778, 391.74595246304443, 388.06270845262935, 385.1616382483398, 404.4371131466186, 420.747827865163, 424.76646516061675, 395.81872724674884, 374.196547184594, 372.3223057902348, 369.3282377202247, 357.55473403251494, 349.4617908178583, 344.8055921271161, 341.280125508917, 341.34635819475676, 341.3888625195445, 338.55007879225616, 338.69872745567505, 349.7209774798563, 354.1074912287742, 354.77295780647046, 353.0504705284869, 353.1989788494355, 348.9951921063241, 342.89399687426953, 319.6326922643073, 305.24231246145, 293.8578497339092, 286.731085737898, 283.5905691674488, 289.99421931363554, 328.6755687788732, 351.8868729371554, 501.4873978132082, 455.62240473165144, 492.46654295310805, 417.0527717996573, 809.1342367009584, 607.5537235305376, 478.1909550662243, 399.4724684491029, 339.2825211454213, 297.79001751485924, 269.55035832453893, 250.71125566013524, 254.2056084008165, 264.32974935056393, 255.421764682114]"
