id,fecha,angulo,ultrasonico,infrarrojo,kalman
38,2026-05-03T17:12:01.860449,"[0, 3, 6, 9, 12, 15, 18, 21, 24, 27, 30, 33, 36, 39, 42, 45, 48, 51, 54, 57, 60, 63, 66, 69, 72, 75, 78, 81, 84, 87, 90, 93, 96, 99, 102, 105, 108, 111, 114, 117, 120, 123, 126, 129, 132, 135, 138, 141, 144, 147, 150, 153, 156, 159, 162, 165, 168, 171, 174, 177, 180]","[504.0, 525.0, 1709.0, 727.0, 1665.0, 733.0, 1846.0, 728.0, 1163.0, 632.0, 1055.0, 1086.0, 488.0, 489.0, 480.0, 477.0, 470.0, 458.0, 459.0, 464.0, 463.0, 438.0, 433.0, 427.0, 427.0, 427.0, 426.0, 426.0, 426.0, 425.0, 425.0, 426.0, 426.0, 426.0, 426.0, 427.0, 423.0, 428.0, 316.0, 321.0, 299.0, 315.0, 319.0, 315.0, 341.0, 463.0, 653.0, 333.0, 317.0, 417.0, 708.0, 225.0, 221.0, 215.0, 210.0, 210.0, 210.0, 209.0, 209.0, 212.0, 212.0]","[219.93, 223.93, 238.93, 275.93, 338.93, 307.93, 220.93, 219.93, 226.93, 225.93, 235.93, 250.93, 293.93, 384.93, 294.93, 262.93, 222.93, 216.93, 214.93, 213.93, 221.93, 228.93, 218.93, 221.93, 229.93, 232.93, 229.93, 282.93, 293.93, 312.93, 401.93, 357.93, 320.93, 346.93, 345.93, 305.93, 273.93, 265.93, 246.93, 236.93, 270.93, 285.93, 233.93, 240.93, 257.93, 333.93, 349.93, 260.93, 280.93, 294.93, 305.93, 372.93, 352.93, 287.93, 277.93, 474.93, 927.93, 358.93, 243.93, 234.93, 215.93]","[344.891179245283, 360.7278177037686, 620.6150227249773, 574.8424771104421, 732.3439954705436, 655.5272901224421, 791.5925877253187, 677.5697613205673, 683.8069300167456, 592.4765555375927, 611.4627489629445, 631.8854250856594, 545.5717909615303, 506.66220203460784, 463.9587285937632, 430.28470747919664, 400.2556421030639, 377.76041289035044, 363.14514571303357, 354.4824250627501, 350.1770914828057, 344.1898581580959, 337.6606647480167, 332.9332179609661, 331.3324450533808, 330.84254751202275, 329.8116443341577, 338.6438956152644, 346.28234265122677, 354.4085763427543, 375.56598714535954, 381.4410576327966, 378.58357461111285, 381.4071549150969, 383.0400374173518, 377.1019047979128, 366.842516887136, 359.7212459995432, 331.6853535098983, 312.7978877984941, 302.8265450637623, 301.9805036689645, 292.83938134006564, 287.51052163342325, 291.79330399762057, 330.0092465414048, 391.4345680515152, 357.5901302100817, 336.5872335496557, 343.5294650604091, 402.0814825770775, 365.13922215408, 337.1327153279515, 306.44160785032, 284.0588901715356, 304.9833211223734, 399.5567557884357, 358.1451343059436, 310.9697294386442, 279.6204977505869, 256.0989187024388]"
