id,fecha,angulo,ultrasonico,infrarrojo,kalman
42,2026-05-03T17:14:16.155569,"[0, 3, 6, 9, 12, 15, 18, 21, 24, 27, 30, 33, 36, 39, 42, 45, 48, 51, 54, 57, 60, 63, 66, 69, 72, 75, 78, 81, 84, 87, 90, 93, 96, 99, 102, 105, 108, 111, 114, 117, 120, 123, 126, 129, 132, 135, 138, 141, 144, 147, 150, 153, 156, 159, 162, 165, 168, 171, 174, 177, 180]","[540.0, 558.0, 509.0, 1630.0, 1669.0, 831.0, 1662.0, 594.0, 789.0, 644.0, 855.0, 1219.0, 658.0, 1209.0, 579.0, 1383.0, 631.0, 1452.0, 695.0, 1318.0, 753.0, 1073.0, 761.0, 981.0, 927.0, 763.0, 611.0, 1162.0, 635.0, 1161.0, 682.0, 735.0, 729.0, 1332.0, 829.0, 566.0, 1143.0, 1207.0, 699.0, 1025.0, 1352.0, 786.0, 1215.0, 1412.0, 1061.0, 1342.0, 662.0, 431.0, 234.0, 224.0, 227.0, 213.0, 211.0, 216.0, 215.0, 208.0, 212.0, 206.0, 223.0, 205.0, 209.0]","[222.93, 222.93, 227.93, 233.93, 267.93, 246.93, 243.93, 257.93, 245.93, 291.93, 250.93, 249.93, 241.93, 265.93, 243.93, 248.93, 238.93, 251.93, 225.93, 232.93, 231.93, 224.93, 222.93, 222.93, 222.93, 221.93, 222.93, 221.93, 220.93, 219.93, 219.93, 219.93, 222.93, 222.93, 222.93, 222.93, 221.93, 259.93, 292.93, 247.93, 231.93, 228.93, 230.93, 355.93, 799.93, 391.93, 275.93, 234.93, 238.93, 238.93, 233.93, 238.93, 233.93, 227.93, 227.93, 226.93, 222.93, 221.93, 226.93, 245.93, 309.93]","[363.4713679245283, 377.9263277826468, 373.91665892334106, 588.2959142761177, 728.4833430026652, 659.7734896254335, 765.328423867578, 643.5028071291538, 598.311184315126, 551.5976555616477, 552.0875862672764, 617.4294768943768, 557.4326228197975, 621.9312211818426, 546.529797884807, 643.0571600905078, 568.5065171982089, 670.0576931273869, 594.9695155250784, 659.6333922113556, 599.7440491337155, 617.3778275033302, 572.4477325873163, 583.0225170833818, 580.1358505952737, 548.7271047380224, 501.52233333838916, 569.7498602275539, 518.9543608103259, 580.3993455494677, 534.0285115035348, 513.7642053501197, 500.22235391251496, 599.546630460361, 573.1854543721078, 509.1574987696079, 571.246222935762, 629.3623277333422, 581.571725322389, 601.2376564900435, 669.5671710122699, 611.4928412154566, 651.4285858880329, 734.7365164270049, 804.8577272329225, 827.1081278224549, 698.8006413172359, 567.7372536240647, 449.0564611993826, 371.10267316709917, 320.71816219873995, 286.77212460739855, 263.73361044430226, 248.76968958531867, 238.98757785865104, 231.27695142573126, 226.3287152779577, 221.89932069254115, 222.99762351008425, 223.881579814392, 236.62960944442804]"
