id,fecha,angulo,ultrasonico,infrarrojo,kalman
44,2026-05-03T17:15:13.531274,"[0, 3, 6, 9, 12, 15, 18, 21, 24, 27, 30, 33, 36, 39, 42, 45, 48, 51, 54, 57, 60, 63, 66, 69, 72, 75, 78, 81, 84, 87, 90, 93, 96, 99, 102, 105, 108, 111, 114, 117, 120, 123, 126, 129, 132, 135, 138, 141, 144, 147, 150, 153, 156, 159, 162, 165, 168, 171, 174, 177, 180]","[467.0, 489.0, 839.0, 844.0, 1661.0, 815.0, 1056.0, 915.0, 943.0, 1500.0, 1728.0, 931.0, 810.0, 1016.0, 742.0, 1110.0, 965.0, 1130.0, 1045.0, 922.0, 1048.0, 948.0, 1190.0, 1069.0, 788.0, 1024.0, 760.0, 339.0, 563.0, 1162.0, 825.0, 1238.0, 726.0, 882.0, 752.0, 951.0, 1009.0, 798.0, 559.0, 596.0, 1347.0, 538.0, 765.0, 938.0, 1006.0, 733.0, 575.0, 434.0, 1151.0, 223.0, 222.0, 216.0, 211.0, 214.0, 213.0, 212.0, 207.0, 214.0, 214.0, 209.0, 205.0]","[223.93, 225.93, 221.93, 240.93, 270.93, 263.93, 288.93, 266.93, 254.93, 245.93, 255.93, 255.93, 299.93, 262.93, 268.93, 272.93, 250.93, 254.93, 222.93, 222.93, 221.93, 221.93, 220.93, 221.93, 221.93, 221.93, 221.93, 219.93, 220.93, 219.93, 224.93, 265.93, 255.93, 270.93, 279.93, 299.93, 316.93, 316.93, 343.93, 290.93, 229.93, 228.93, 229.93, 232.93, 233.93, 235.93, 235.93, 223.93, 234.93, 234.93, 232.93, 232.93, 233.93, 231.93, 235.93, 232.93, 225.93, 218.93, 220.93, 220.93, 225.93]","[329.1694811320754, 344.3215950920245, 423.20834663165334, 469.02185536038616, 652.2697423832417, 611.3723960546073, 633.3669817228583, 618.1454015199951, 611.268151822807, 705.0551951969743, 807.8573269614717, 731.0451839834158, 667.9616136657468, 657.7523853686298, 603.1940550935885, 634.8178422020667, 625.1976015895476, 649.2966630914558, 643.8039780938433, 618.2462479611193, 624.2358675503331, 610.1667818748791, 644.3080899924637, 644.7225617604629, 594.6533573369712, 604.7962176282381, 564.0153222640773, 462.07301540650224, 436.95628820439765, 527.9568319236093, 526.8849854903148, 607.5216044306778, 565.7643186186652, 569.5979187222896, 550.3835196158864, 577.2820282924301, 607.9786014835435, 589.8817213895805, 540.2928832070019, 505.6035611098591, 606.9408127106647, 526.8789112078916, 516.3411548691935, 541.1052956199454, 569.357381642284, 538.9440433264278, 491.12416568570603, 433.0294171157133, 526.1533072652558, 419.6833466218984, 350.8196689486774, 305.5521523567051, 275.78555109708265, 256.8621888416245, 245.25565070873466, 237.09072757860056, 229.7014045472131, 224.95936242526824, 222.2744503578726, 219.65578443831254, 218.15440419116277]"
