id,fecha,angulo,ultrasonico,infrarrojo,kalman
45,2026-05-03T17:15:48.896767,"[0, 3, 6, 9, 12, 15, 18, 21, 24, 27, 30, 33, 36, 39, 42, 45, 48, 51, 54, 57, 60, 63, 66, 69, 72, 75, 78, 81, 84, 87, 90, 93, 96, 99, 102, 105, 108, 111, 114, 117, 120, 123, 126, 129, 132, 135, 138, 141, 144, 147, 150, 153, 156, 159, 162, 165, 168, 171, 174, 177, 180]","[421.0, 503.0, 608.0, 559.0, 667.0, 604.0, 703.0, 766.0, 380.0, 637.0, 731.0, 971.0, 1450.0, 805.0, 609.0, 677.0, 638.0, 666.0, 621.0, 1036.0, 642.0, 582.0, 894.0, 1070.0, 692.0, 825.0, 711.0, 670.0, 593.0, 690.0, 606.0, 538.0, 586.0, 1328.0, 798.0, 583.0, 676.0, 591.0, 626.0, 807.0, 723.0, 669.0, 622.0, 868.0, 608.0, 682.0, 648.0, 704.0, 224.0, 899.0, 221.0, 208.0, 211.0, 205.0, 208.0, 199.0, 211.0, 214.0, 213.0, 209.0, 205.0]","[208.93, 220.93, 221.93, 221.93, 209.93, 209.93, 210.93, 219.93, 219.93, 219.93, 219.93, 208.93, 198.93, 197.93, 206.93, 220.93, 221.93, 220.93, 217.93, 203.93, 194.93, 206.93, 219.93, 206.93, 194.93, 207.93, 221.93, 223.93, 220.93, 223.93, 222.93, 220.93, 219.93, 218.93, 207.93, 208.93, 223.93, 230.93, 246.93, 248.93, 232.93, 243.93, 261.93, 280.93, 282.93, 262.93, 238.93, 246.93, 258.93, 242.93, 239.93, 240.93, 233.93, 228.93, 223.93, 208.93, 215.93, 212.93, 203.93, 201.93, 206.93]","[300.10816037735844, 333.23219982471517, 367.87019896980104, 376.55019362824373, 399.3812912405905, 402.1307639758356, 421.8722093210791, 447.3932951570553, 394.5319826778119, 406.69291388343953, 431.3345153216608, 488.1683938586507, 608.6520855562319, 570.2511218564102, 512.1106539912269, 489.48820760457744, 468.1635532206594, 459.31510706192796, 445.0385028927244, 507.70724760405784, 475.7355362471542, 446.6197512218855, 486.15177198746636, 540.71913893284, 505.87710747550113, 509.6703001182996, 494.19167430709285, 477.2723607538001, 452.0842165720812, 453.8327941802135, 439.7289839207686, 418.13895551316836, 412.70277109138397, 541.9485703860194, 527.982411209263, 480.6861743383318, 469.6800810878308, 448.6449588445683, 444.281396392357, 474.2616808274631, 475.5884229532826, 468.73731192560354, 459.1459285253592, 500.45985878835154, 480.75753434408387, 477.7866711450137, 465.4906726595744, 469.0640509299086, 387.5249681242579, 453.2437480922537, 373.43157526545394, 320.06317207477144, 285.09788816005204, 260.68876524511734, 244.66613780971053, 230.08464710229882, 224.13053272555493, 220.309524893922, 216.06613419359556, 212.2681976235015, 210.0100293628555]"
