id,fecha,angulo,ultrasonico,infrarrojo,kalman
46,2026-05-03T17:16:10.922875,"[0, 3, 6, 9, 12, 15, 18, 21, 24, 27, 30, 33, 36, 39, 42, 45, 48, 51, 54, 57, 60, 63, 66, 69, 72, 75, 78, 81, 84, 87, 90, 93, 96, 99, 102, 105, 108, 111, 114, 117, 120, 123, 126, 129, 132, 135, 138, 141, 144, 147, 150, 153, 156, 159, 162, 165, 168, 171, 174, 177, 180]","[482.0, 512.0, 665.0, 556.0, 640.0, 710.0, 759.0, 683.0, 1436.0, 1335.0, 703.0, 622.0, 325.0, 624.0, 391.0, 587.0, 451.0, 601.0, 674.0, 908.0, 655.0, 710.0, 814.0, 695.0, 797.0, 674.0, 772.0, 659.0, 611.0, 1140.0, 599.0, 650.0, 546.0, 824.0, 729.0, 659.0, 684.0, 841.0, 487.0, 941.0, 330.0, 503.0, 663.0, 748.0, 657.0, 431.0, 622.0, 1095.0, 514.0, 219.0, 216.0, 211.0, 210.0, 209.0, 208.0, 208.0, 206.0, 202.0, 218.0, 209.0, 204.0]","[219.93, 220.93, 222.93, 216.93, 215.93, 222.93, 221.93, 211.93, 219.93, 219.93, 212.93, 205.93, 212.93, 219.93, 219.93, 220.93, 221.93, 210.93, 221.93, 219.93, 219.93, 220.93, 213.93, 202.93, 208.93, 222.93, 223.93, 225.93, 224.93, 211.93, 210.93, 220.93, 219.93, 219.93, 208.93, 208.93, 222.93, 228.93, 247.93, 263.93, 274.93, 272.93, 262.93, 262.93, 285.93, 260.93, 247.93, 243.93, 237.93, 249.93, 243.93, 236.93, 233.93, 220.93, 197.93, 226.93, 234.93, 224.93, 218.93, 223.93, 217.93]","[334.4100471698113, 351.5753198948291, 390.7296576103424, 389.09135129251365, 403.4260172665893, 426.28079317923846, 449.3884190504458, 448.69794478130825, 584.6864556546111, 653.7745238757764, 583.6143685334351, 522.8326617596244, 431.8804709469215, 428.3281433701108, 384.3113133589425, 391.35240715138474, 371.68856451527887, 383.9683604689177, 406.89564368360584, 463.16693222904007, 453.95902027474494, 458.08112463944155, 478.1019460674403, 467.66341457233773, 480.31047477420657, 468.9015923794864, 479.3137781558783, 466.1124244543454, 448.8632451915763, 530.224167897974, 485.34912284968163, 467.4777582411151, 437.200422882271, 467.5679742597955, 468.068469306004, 455.85064328106733, 454.9959685175087, 483.645479371342, 442.0229432089331, 499.50252451977326, 428.9123398858927, 414.24264542106323, 431.69779775261514, 458.12545633825243, 462.9044488286903, 421.0100061131705, 426.00948830539176, 513.2292682054058, 464.0533050995472, 381.8015569299728, 327.40496108366284, 290.346812037112, 265.8485102589924, 247.61910754620217, 231.62143550870536, 226.5497853306356, 224.3698649271797, 220.46311452269066, 219.74727487021767, 218.57137505279707, 215.84633361371016]"
