id,fecha,angulo,ultrasonico,infrarrojo,kalman
49,2026-05-03T17:17:43.364888,"[0, 3, 6, 9, 12, 15, 18, 21, 24, 27, 30, 33, 36, 39, 42, 45, 48, 51, 54, 57, 60, 63, 66, 69, 72, 75, 78, 81, 84, 87, 90, 93, 96, 99, 102, 105, 108, 111, 114, 117, 120, 123, 126, 129, 132, 135, 138, 141, 144, 147, 150, 153, 156, 159, 162, 165, 168, 171, 174, 177, 180]","[454.0, 552.0, 673.0, 769.0, 653.0, 704.0, 628.0, 680.0, 602.0, 653.0, 749.0, 661.0, 563.0, 894.0, 548.0, 642.0, 544.0, 655.0, 563.0, 671.0, 654.0, 1161.0, 684.0, 650.0, 809.0, 655.0, 672.0, 295.0, 670.0, 257.0, 261.0, 256.0, 252.0, 256.0, 251.0, 252.0, 204.0, 199.0, 193.0, 193.0, 183.0, 182.0, 182.0, 181.0, 176.0, 181.0, 175.0, 175.0, 175.0, 175.0, 175.0, 175.0, 180.0, 182.0, 182.0, 182.0, 184.0, 192.0, 192.0, 200.0, 187.0]","[222.93, 212.93, 212.93, 223.93, 222.93, 215.93, 206.93, 210.93, 218.93, 218.93, 210.93, 208.93, 220.93, 212.93, 218.93, 220.93, 221.93, 221.93, 221.93, 223.93, 213.93, 208.93, 219.93, 238.93, 265.93, 277.93, 279.93, 280.93, 277.93, 271.93, 265.93, 257.93, 249.93, 244.93, 238.93, 227.93, 225.93, 222.93, 222.93, 221.93, 216.93, 223.93, 211.93, 211.93, 207.93, 203.93, 199.93, 198.93, 197.93, 193.93, 193.93, 193.93, 194.93, 197.93, 198.93, 201.93, 201.93, 199.93, 200.93, 202.93, 201.93]","[322.4996698113207, 354.61081507449603, 392.0549277850722, 432.1649897370189, 434.3037447170739, 443.6072298575111, 434.19549296912953, 438.24105164698375, 428.28177928351613, 431.0352956502943, 448.56720926757095, 443.69383129791134, 425.16114185603766, 471.1274238345564, 439.72156930038574, 436.76358589963445, 417.4898219876741, 425.0043404152809, 413.34687404225434, 425.56995151212357, 428.5775412388237, 520.4302898138246, 495.9020814078236, 477.47435761518756, 498.9664593607082, 487.32256552234617, 483.25363170252996, 413.29000115587587, 435.0272787712758, 373.9220513306374, 334.3499765871641, 306.62622295954225, 286.6851685068954, 273.70901897089203, 263.41125659684445, 255.0114576946889, 240.66451109408172, 230.02443643430883, 222.121476352911, 216.8706827573476, 210.81409394203683, 208.00209662362022, 204.04797321295413, 201.33131566013105, 197.97576217660406, 196.0014899131457, 192.94322778483854, 190.8014824287513, 189.24790477366656, 187.53439293432396, 186.43475968184615, 185.72907836573756, 186.35098543126324, 187.64573350678052, 188.65575706840167, 189.84131839794654, 190.9604009765763, 192.75333645900804, 194.0830680179892, 196.7277010280461, 195.91707125724315]"
