id,fecha,angulo,ultrasonico,infrarrojo,kalman
5,2026-05-03T16:46:49.954616,"[0, 3, 6, 9, 12, 15, 18, 21, 24, 27, 30, 33, 36, 39, 42, 45, 48, 51, 54, 57, 60, 63, 66, 69, 72, 75, 78, 81, 84, 87, 90, 93, 96, 99, 102, 105, 108, 111, 114, 117, 120, 123, 126, 129, 132, 135, 138, 141, 144, 147, 150, 153, 156, 159, 162, 165, 168, 171, 174, 177, 180]","[289.0, 293.0, 293.0, 293.0, 292.0, 287.0, 286.0, 285.0, 285.0, 289.0, 289.0, 297.0, 297.0, 293.0, 293.0, 294.0, 290.0, 300.0, 296.0, 307.0, 316.0, 556.0, 326.0, 509.0, 492.0, 487.0, 487.0, 486.0, 481.0, 432.0, 428.0, 439.0, 435.0, 438.0, 425.0, 424.0, 428.0, 427.0, 423.0, 436.0, 431.0, 427.0, 436.0, 428.0, 501.0, 521.0, 194.0, 463.0, 196.0, 173.0, 177.0, 176.0, 171.0, 165.0, 169.0, 164.0, 160.0, 163.0, 163.0, 163.0, 163.0]","[281.93, 282.93, 298.93, 305.93, 302.93, 295.93, 282.93, 290.93, 287.93, 281.93, 267.93, 268.93, 280.93, 268.93, 277.93, 279.93, 280.93, 269.93, 272.93, 275.93, 291.93, 285.93, 289.93, 296.93, 293.93, 295.93, 297.93, 284.93, 304.93, 329.93, 312.93, 302.93, 272.93, 275.93, 298.93, 298.93, 321.93, 308.93, 306.93, 313.93, 290.93, 239.93, 219.93, 239.93, 264.93, 248.93, 238.93, 232.93, 229.93, 226.93, 224.93, 220.93, 217.93, 208.93, 203.93, 203.93, 199.93, 190.93, 187.93, 187.93, 183.93]","[271.9996698113207, 280.54902716914984, 287.0822482577517, 291.8391929564849, 293.91371046345256, 293.02593076761195, 289.9438207737981, 289.2334582413974, 288.2408106900685, 287.2460143086781, 284.099704998662, 283.6931646908514, 285.58188485177067, 283.92783458368973, 284.4785379677384, 285.36933330299763, 285.4036066449717, 285.2464724497733, 284.966503996559, 287.294639492221, 293.26692244877444, 339.0157257151214, 327.89156815193695, 354.7871934167672, 368.46468161975025, 376.7047197822188, 382.35095946815665, 383.46658806045, 386.8694660360369, 384.7541463847828, 379.6349515307897, 376.5288757677209, 368.4451964767731, 364.3323291896718, 363.48421558798395, 362.7608163191452, 367.133057502326, 367.4311071995028, 366.5476056280933, 369.5632008772584, 366.482830328937, 354.65394268527444, 345.0924269464411, 341.1059420138694, 356.1022663893553, 366.44255918170336, 312.7119633503862, 325.3416305778156, 285.08185203890423, 254.58809550433116, 235.3772156401199, 222.15313498019367, 212.23365103832384, 203.1809655329019, 197.19234434931252, 192.45354811184666, 187.97943121876781, 184.03342786095578, 180.96372372109153, 178.99376432544557, 177.01304265589755]"
