id,fecha,angulo,ultrasonico,infrarrojo,kalman
50,2026-05-03T17:17:58.890439,"[0, 3, 6, 9, 12, 15, 18, 21, 24, 27, 30, 33, 36, 39, 42, 45, 48, 51, 54, 57, 60, 63, 66, 69, 72, 75, 78, 81, 84, 87, 90, 93, 96, 99, 102, 105, 108, 111, 114, 117, 120, 123, 126, 129, 132, 135, 138, 141, 144, 147, 150, 153, 156, 159, 162, 165, 168, 171, 174, 177, 180]","[519.0, 573.0, 566.0, 689.0, 692.0, 1432.0, 786.0, 745.0, 670.0, 776.0, 722.0, 1225.0, 1246.0, 1215.0, 919.0, 1208.0, 635.0, 1212.0, 672.0, 1241.0, 1322.0, 1212.0, 1603.0, 1108.0, 873.0, 1834.0, 890.0, 1098.0, 257.0, 257.0, 256.0, 256.0, 256.0, 256.0, 256.0, 256.0, 208.0, 198.0, 193.0, 187.0, 183.0, 182.0, 181.0, 176.0, 176.0, 175.0, 175.0, 175.0, 175.0, 175.0, 175.0, 175.0, 175.0, 176.0, 181.0, 182.0, 183.0, 187.0, 200.0, 196.0, 187.0]","[220.93, 220.93, 220.93, 209.93, 206.93, 221.93, 221.93, 209.93, 208.93, 219.93, 270.93, 510.93, 313.93, 223.93, 225.93, 226.93, 228.93, 211.93, 209.93, 222.93, 254.93, 250.93, 269.93, 278.93, 235.93, 239.93, 261.93, 260.93, 265.93, 268.93, 256.93, 270.93, 302.93, 235.93, 231.93, 226.93, 224.93, 224.93, 223.93, 219.93, 215.93, 213.93, 210.93, 207.93, 205.93, 199.93, 199.93, 198.93, 194.93, 191.93, 188.93, 190.93, 191.93, 190.93, 189.93, 190.93, 192.93, 195.93, 198.93, 198.93, 202.93]","[352.51382075471696, 376.317212971078, 383.58436925563075, 408.8930020774762, 423.85393467468487, 570.001804872413, 546.2272058502117, 521.5427597760664, 492.11327948195554, 494.21042191932924, 495.0182557020805, 628.6370239304807, 682.8527159149414, 695.9694732632911, 651.722881029581, 675.2755322058546, 588.1076322209418, 632.480484361871, 563.8686043922957, 624.0904134231722, 682.978854464697, 700.3493832602321, 784.9395905178529, 752.1681260029343, 681.3394845590435, 808.7450174014634, 725.3498141320075, 708.9112321436629, 548.6102325332871, 446.2756657872192, 378.27455799776226, 337.14316479457455, 316.47952566229475, 291.21716308438215, 274.2887179843611, 262.529372557475, 246.0264624046947, 233.64455688537572, 224.6237900346452, 217.0434933433658, 210.74586504277727, 206.1670233965008, 202.51207129053336, 198.73350316469023, 195.95037810228956, 192.91042716711226, 190.9595616653574, 189.52847971192622, 187.89357856188911, 186.3070067699865, 184.75144997783775, 184.11144075075217, 183.8798484585648, 183.7312258580904, 184.35236356822523, 185.10923156150068, 186.13233222131964, 188.0428008186371, 192.13489013564663, 194.04444234079432, 194.3742390903619]"
