id,fecha,angulo,ultrasonico,infrarrojo,kalman
52,2026-05-03T17:18:33.543938,"[0, 3, 6, 9, 12, 15, 18, 21, 24, 27, 30, 33, 36, 39, 42, 45, 48, 51, 54, 57, 60, 63, 66, 69, 72, 75, 78, 81, 84, 87, 90, 93, 96, 99, 102, 105, 108, 111, 114, 117, 120, 123, 126, 129, 132, 135, 138, 141, 144, 147, 150, 153, 156, 159, 162, 165, 168, 171, 174, 177, 180]","[511.0, 560.0, 1651.0, 702.0, 1666.0, 1691.0, 746.0, 1525.0, 888.0, 1214.0, 1227.0, 659.0, 800.0, 1372.0, 683.0, 647.0, 817.0, 529.0, 726.0, 654.0, 1063.0, 1489.0, 658.0, 430.0, 659.0, 647.0, 710.0, 291.0, 270.0, 145.0, 256.0, 252.0, 247.0, 256.0, 256.0, 264.0, 260.0, 198.0, 193.0, 188.0, 182.0, 182.0, 181.0, 176.0, 175.0, 175.0, 175.0, 170.0, 175.0, 179.0, 174.0, 175.0, 180.0, 176.0, 176.0, 182.0, 182.0, 187.0, 191.0, 196.0, 183.0]","[222.93, 221.93, 222.93, 222.93, 222.93, 221.93, 221.93, 223.93, 223.93, 222.93, 221.93, 221.93, 219.93, 219.93, 222.93, 221.93, 220.93, 219.93, 219.93, 222.93, 224.93, 226.93, 218.93, 237.93, 271.93, 276.93, 261.93, 240.93, 253.93, 269.93, 260.93, 252.93, 231.93, 227.93, 235.93, 226.93, 220.93, 202.93, 213.93, 209.93, 204.93, 187.93, 183.93, 193.93, 189.93, 176.93, 176.93, 184.93, 183.93, 181.93, 180.93, 172.93, 170.93, 179.93, 178.93, 173.93, 179.93, 180.93, 181.93, 190.93, 207.93]","[349.6553301886792, 371.7764592462752, 611.3008625391374, 554.124236372005, 698.0624734224252, 791.7462796026094, 680.938730339291, 750.4113237254957, 680.6914109506538, 694.228728114559, 705.062631851548, 610.2630118395473, 574.3296288803473, 653.7329618172923, 581.8060274690514, 529.0199007320386, 525.417653951258, 471.3377076859009, 471.92069754336546, 459.93494007862313, 525.865103367478, 644.8424061363527, 570.9061379664889, 486.0201816475285, 478.6561322257443, 472.676407761015, 477.43714651903224, 401.6756492880912, 351.62325164066846, 299.9774667848008, 285.10531133067053, 273.41167272575194, 261.2500202625563, 254.34101577561844, 251.34024472178848, 249.2353938275687, 246.09333385138484, 229.74663786565455, 220.33104216154203, 212.6764958270078, 205.79383202564944, 198.33174528870848, 192.64736368577027, 189.89509874372507, 187.23320962668595, 183.1962882332627, 180.605624486492, 179.48047199126304, 179.4749290332779, 179.8296294514439, 178.98248305141195, 177.18493176842782, 176.56875319337263, 177.06896918073093, 177.2108502194876, 177.4810300868896, 178.72918868015628, 180.60495771794095, 182.70436222305278, 186.55944215924427, 189.74992566627577]"
