id,fecha,angulo,ultrasonico,infrarrojo,kalman
59,2026-05-03T17:21:20.297481,"[0, 3, 6, 9, 12, 15, 18, 21, 24, 27, 30, 33, 36, 39, 42, 45, 48, 51, 54, 57, 60, 63, 66, 69, 72, 75, 78, 81, 84, 87, 90, 93, 96, 99, 102, 105, 108, 111, 114, 117, 120, 123, 126, 129, 132, 135, 138, 141, 144, 147, 150, 153, 156, 159, 162, 165, 168, 171, 174, 177, 180]","[484.0, 463.0, 858.0, 729.0, 883.0, 802.0, 1839.0, 1923.0, 893.0, 727.0, 1345.0, 988.0, 1249.0, 1160.0, 974.0, 1204.0, 813.0, 663.0, 1555.0, 1057.0, 1177.0, 1039.0, 1037.0, 1064.0, 1874.0, 902.0, 1917.0, 946.0, 266.0, 257.0, 256.0, 256.0, 251.0, 255.0, 255.0, 268.0, 199.0, 198.0, 197.0, 187.0, 183.0, 181.0, 181.0, 181.0, 175.0, 175.0, 174.0, 174.0, 170.0, 174.0, 179.0, 174.0, 179.0, 180.0, 176.0, 176.0, 182.0, 182.0, 204.0, 195.0, 188.0]","[219.93, 219.93, 286.93, 1129.93, 3245.93, 1329.93, 891.93, 2363.93, 2132.93, 2890.93, 2317.93, 2435.93, 2822.93, 2016.93, 971.93, 955.93, 716.93, 501.93, 383.93, 235.93, 347.93, 1288.93, 2059.93, 1438.93, 864.93, 1386.93, 3038.93, 3077.93, 4153.93, 1413.93, 608.93, 281.93, 231.93, 229.93, 230.93, 226.93, 221.93, 222.93, 220.93, 217.93, 214.93, 210.93, 207.93, 205.93, 201.93, 198.93, 194.93, 193.93, 193.93, 185.93, 182.93, 184.93, 186.93, 192.93, 206.93, 216.93, 204.93, 199.93, 197.93, 201.93, 209.93]","[335.36287735849055, 338.63053461875546, 437.72854661145334, 626.6334979349638, 1156.834160707751, 1123.8895569832773, 1210.8616523538774, 1545.6501711178835, 1533.9307040911544, 1632.4976284521276, 1703.7892664661813, 1706.7184553137981, 1824.676348608127, 1740.0510098715124, 1465.2355235157097, 1327.209211145876, 1125.7808277547495, 931.1337645796804, 944.86622142257, 837.9617199540883, 810.9144480221413, 937.397481715668, 1156.3170463501476, 1190.4045210144338, 1254.5542930451086, 1215.1139704820162, 1667.539910995894, 1790.9328062607215, 1941.0542615326212, 1544.9685398328502, 1146.4057255959906, 832.0559438671692, 620.4722677511144, 485.04830275490735, 398.3201270944637, 344.27513591565196, 296.3366418486361, 265.57247615134827, 245.29241933008694, 229.94917217312178, 218.84885795754647, 210.6505426249937, 204.8519494631963, 200.77248862454255, 196.36323766331938, 192.99624788051673, 189.93986375007844, 187.79932358490808, 185.70913299772815, 183.65125387110268, 182.68888308819334, 181.53390256867928, 182.0466040561356, 183.6295278480536, 186.43664505706025, 190.02937912495688, 191.26021630935813, 191.15445283189203, 194.6691556157602, 196.0290455990414, 197.0808734868787]"
