id,fecha,angulo,ultrasonico,infrarrojo,kalman
60,2026-05-03T17:21:35.383407,"[0, 3, 6, 9, 12, 15, 18, 21, 24, 27, 30, 33, 36, 39, 42, 45, 48, 51, 54, 57, 60, 63, 66, 69, 72, 75, 78, 81, 84, 87, 90, 93, 96, 99, 102, 105, 108, 111, 114, 117, 120, 123, 126, 129, 132, 135, 138, 141, 144, 147, 150, 153, 156, 159, 162, 165, 168, 171, 174, 177, 180]","[506.0, 515.0, 1051.0, 650.0, 533.0, 760.0, 1338.0, 711.0, 1855.0, 1043.0, 1517.0, 726.0, 1499.0, 742.0, 1222.0, 755.0, 1243.0, 677.0, 1203.0, 693.0, 1114.0, 990.0, 1022.0, 1494.0, 1410.0, 1125.0, 1511.0, 691.0, 261.0, 261.0, 256.0, 251.0, 247.0, 255.0, 256.0, 268.0, 265.0, 194.0, 197.0, 192.0, 182.0, 182.0, 176.0, 175.0, 175.0, 175.0, 175.0, 174.0, 174.0, 175.0, 175.0, 181.0, 179.0, 180.0, 181.0, 176.0, 182.0, 191.0, 204.0, 186.0, 188.0]","[235.93, 226.93, 328.93, 1833.93, 1813.93, 1255.93, 879.93, 545.93, 580.93, 882.93, 1046.93, 1567.93, 3138.93, 1854.93, 1799.93, 1486.93, 896.93, 396.93, 799.93, 448.93, 270.93, 322.93, 441.93, 338.93, 262.93, 255.93, 392.93, 779.93, 614.93, 314.93, 227.93, 229.93, 261.93, 344.93, 330.93, 272.93, 290.93, 262.93, 220.93, 217.93, 214.93, 210.93, 208.93, 202.93, 199.93, 197.93, 195.93, 194.93, 191.93, 189.93, 187.93, 188.93, 189.93, 190.93, 201.93, 217.93, 223.93, 211.93, 201.93, 200.93, 202.93]","[353.4666509433962, 362.8369325153374, 501.4723603676396, 785.93922281243, 928.8394330326784, 957.5263982022637, 1012.0473890524443, 874.3479263827528, 997.5539193865675, 985.1579256809914, 1091.5063301341804, 1111.375974442261, 1544.0142502847712, 1456.0435045762579, 1475.7196260046644, 1348.6258832061274, 1248.7934436614707, 993.7754431445987, 996.5302854161778, 844.0682932607142, 789.7552648126591, 742.0030181135066, 738.4068221295149, 802.1975122505584, 814.4740991313955, 770.0469006708086, 835.2204367900459, 799.4822964602498, 669.9659884976611, 533.1112428126537, 428.805897494531, 361.33134532144607, 323.04566818569094, 314.7768440991496, 307.14171463071887, 294.002003990034, 288.2566259185734, 266.83582334079597, 246.10316282601406, 231.36510459845266, 219.5783930888605, 211.29784505804932, 204.55083576086565, 198.96709212262056, 194.8463805546562, 191.84368752812753, 189.55847443772876, 187.73369866538016, 186.02527627186424, 184.74978034797337, 183.5729829241816, 184.07168357846064, 184.21259216368404, 184.6612767511398, 187.09876210579705, 190.63341651383942, 195.0512996416232, 197.34905634348823, 199.36101066829428, 197.24872021655113, 196.6096889471094]"
