id,fecha,angulo,ultrasonico,infrarrojo,kalman
64,2026-05-03T17:25:19.077417,"[0, 3, 6, 9, 12, 15, 18, 21, 24, 27, 30, 33, 36, 39, 42, 45, 48, 51, 54, 57, 60, 63, 66, 69, 72, 75, 78, 81, 84, 87, 90, 93, 96, 99, 102, 105, 108, 111, 114, 117, 120, 123, 126, 129, 132, 135, 138, 141, 144, 147, 150, 153, 156, 159, 162, 165, 168, 171, 174, 177, 180]","[196.0, 201.0, 206.0, 206.0, 206.0, 207.0, 221.0, 222.0, 535.0, 570.0, 479.0, 513.0, 769.0, 630.0, 618.0, 1200.0, 675.0, 541.0, 623.0, 537.0, 692.0, 775.0, 491.0, 888.0, 575.0, 647.0, 681.0, 591.0, 642.0, 530.0, 585.0, 672.0, 708.0, 584.0, 885.0, 699.0, 601.0, 655.0, 716.0, 753.0, 836.0, 232.0, 232.0, 643.0, 219.0, 206.0, 214.0, 219.0, 190.0, 183.0, 174.0, 164.0, 164.0, 158.0, 158.0, 157.0, 157.0, 151.0, 160.0, 120.0, 159.0]","[193.93, 194.93, 201.93, 200.93, 200.93, 204.93, 210.93, 206.93, 209.93, 206.93, 186.93, 178.93, 197.93, 209.93, 217.93, 217.93, 224.93, 225.93, 226.93, 223.93, 219.93, 221.93, 217.93, 218.93, 218.93, 227.93, 228.93, 231.93, 229.93, 221.93, 220.93, 226.93, 223.93, 222.93, 224.93, 215.93, 216.93, 219.93, 223.93, 246.93, 300.93, 309.93, 293.93, 252.93, 237.93, 226.93, 215.93, 206.93, 199.93, 193.93, 180.93, 178.93, 175.93, 173.93, 164.93, 162.93, 160.93, 157.93, 156.93, 153.93, 149.93]","[185.76853773584904, 192.29968448729184, 197.2433935966064, 199.63347927499814, 201.0463533321502, 202.82960811376054, 207.55861757595633, 210.03788976342943, 268.2771186724329, 311.3501098743964, 319.0949019504043, 328.72187807623754, 384.16110123136957, 396.9882455630901, 404.5033571653878, 513.5792278939444, 490.78893351414627, 452.3393110298281, 442.53225574713616, 420.29619048730916, 433.07481174350755, 456.50134184843904, 419.9460498946596, 467.78022450725206, 442.41013427752887, 440.6385024900159, 445.7710786678239, 433.4806663048753, 434.3706976563212, 413.44641436913224, 409.6913683323604, 423.9405729436379, 438.9961420403018, 426.2668414515384, 472.3739309316713, 467.032693572313, 446.22950280688156, 443.0895533334509, 452.717885535317, 469.64452192911403, 505.04770621918135, 421.1858048281486, 364.5020038467809, 394.40325399145246, 334.9546184301338, 292.5048157208949, 264.72558980159164, 246.1819667036155, 227.83310069544197, 213.72918062463552, 200.73726341430475, 190.25025346986143, 182.982907865147, 176.88611355547965, 171.36138289417812, 167.27854245746883, 164.3001529427577, 160.77663495386798, 159.9484742337342, 151.71447061619222, 152.69986858806138]"
