id,fecha,angulo,ultrasonico,infrarrojo,kalman
66,2026-05-03T17:26:22.729667,"[0, 3, 6, 9, 12, 15, 18, 21, 24, 27, 30, 33, 36, 39, 42, 45, 48, 51, 54, 57, 60, 63, 66, 69, 72, 75, 78, 81, 84, 87, 90, 93, 96, 99, 102, 105, 108, 111, 114, 117, 120, 123, 126, 129, 132, 135, 138, 141, 144, 147, 150, 153, 156, 159, 162, 165, 168, 171, 174, 177, 180]","[199.0, 190.0, 190.0, 199.0, 199.0, 193.0, 193.0, 187.0, 187.0, 186.0, 186.0, 186.0, 186.0, 187.0, 187.0, 187.0, 193.0, 189.0, 208.0, 199.0, 210.0, 224.0, 267.0, 267.0, 271.0, 266.0, 270.0, 270.0, 270.0, 262.0, 262.0, 223.0, 272.0, 219.0, 210.0, 228.0, 219.0, 176.0, 166.0, 165.0, 164.0, 159.0, 159.0, 158.0, 157.0, 157.0, 151.0, 163.0, 154.0, 149.0, 144.0, 149.0, 149.0, 148.0, 148.0, 149.0, 149.0, 154.0, 150.0, 160.0, 156.0]","[211.93, 203.93, 204.93, 212.93, 211.93, 207.93, 194.93, 197.93, 194.93, 192.93, 183.93, 182.93, 186.93, 184.93, 186.93, 186.93, 187.93, 183.93, 187.93, 189.93, 193.93, 205.93, 209.93, 204.93, 208.93, 211.93, 208.93, 195.93, 194.93, 217.93, 278.93, 277.93, 246.93, 233.93, 211.93, 204.93, 197.93, 198.93, 190.93, 184.93, 179.93, 174.93, 169.93, 166.93, 161.93, 159.93, 159.93, 153.93, 153.93, 149.93, 148.93, 149.93, 148.93, 147.93, 146.93, 146.93, 146.93, 144.93, 145.93, 149.93, 150.93]","[195.7732547169811, 196.41142857142856, 196.8579274820725, 200.35649074465704, 202.24025458560342, 201.59663624053192, 198.84909126387086, 196.55731259582285, 194.55215487969733, 192.72901784661303, 189.94710669430023, 187.98298619991695, 187.43914312219317, 186.91101497849078, 186.93035559968718, 186.94276723911344, 188.20463465702193, 187.5813971960663, 191.30140193411182, 192.43478494262672, 195.84905669355135, 202.69748813705954, 215.51147004707505, 222.83910198576396, 228.97458458727306, 232.5537265321286, 235.02974256708706, 234.2900329133389, 233.63620105754595, 235.90354118451108, 248.28544541800431, 249.06628734513396, 252.791704866751, 243.35996356835938, 231.75422265646003, 226.27674290807965, 219.89555118535074, 208.27706074028478, 197.59666431781562, 189.48869926567505, 183.21070135818275, 177.3905558748491, 172.7598776427463, 169.0716598002016, 165.63000120921043, 163.0630852905658, 160.34101372154754, 159.66891760532556, 157.62544594743855, 154.70190441630913, 151.7509710599548, 150.93200462407813, 150.22731032826934, 149.4168205286188, 148.71756604994425, 148.44795356600633, 148.27493179526968, 148.70128273783033, 148.43750387371367, 150.77602877080884, 151.7393730678224]"
