id,fecha,angulo,ultrasonico,infrarrojo,kalman
68,2026-05-03T17:27:02.518981,"[0, 3, 6, 9, 12, 15, 18, 21, 24, 27, 30, 33, 36, 39, 42, 45, 48, 51, 54, 57, 60, 63, 66, 69, 72, 75, 78, 81, 84, 87, 90, 93, 96, 99, 102, 105, 108, 111, 114, 117, 120, 123, 126, 129, 132, 135, 138, 141, 144, 147, 150, 153, 156, 159, 162, 165, 168, 171, 174, 177, 180]","[195.0, 195.0, 199.0, 199.0, 193.0, 193.0, 187.0, 187.0, 187.0, 186.0, 186.0, 186.0, 187.0, 187.0, 192.0, 192.0, 193.0, 194.0, 194.0, 199.0, 205.0, 201.0, 216.0, 263.0, 271.0, 266.0, 270.0, 270.0, 250.0, 266.0, 262.0, 228.0, 272.0, 223.0, 269.0, 206.0, 186.0, 206.0, 172.0, 170.0, 165.0, 168.0, 159.0, 158.0, 157.0, 151.0, 155.0, 154.0, 149.0, 144.0, 149.0, 143.0, 148.0, 148.0, 148.0, 149.0, 149.0, 150.0, 155.0, 151.0, 156.0]","[203.93, 207.93, 214.93, 213.93, 209.93, 202.93, 192.93, 189.93, 188.93, 190.93, 188.93, 181.93, 181.93, 181.93, 186.93, 186.93, 183.93, 184.93, 187.93, 196.93, 199.93, 198.93, 200.93, 204.93, 216.93, 220.93, 213.93, 201.93, 184.93, 208.93, 242.93, 268.93, 261.93, 236.93, 223.93, 209.93, 208.93, 200.93, 194.93, 182.93, 178.93, 177.93, 172.93, 167.93, 163.93, 160.93, 154.93, 153.93, 151.93, 151.93, 147.93, 146.93, 147.93, 144.93, 146.93, 144.93, 144.93, 148.93, 148.93, 146.93, 149.93]","[190.05627358490565, 196.1655915863278, 200.74233309766691, 202.94074670962607, 202.39656480624953, 200.78990149733266, 196.89271578322763, 193.8673111556845, 191.751001569265, 190.5733627331428, 189.45961092015133, 187.49101043155596, 186.40689331216996, 185.71118846860048, 187.05602532967472, 187.91906018451687, 188.11464739071948, 188.59842157181308, 189.44626630663637, 192.49816728174048, 196.06886061775467, 197.46468205465223, 201.40562923868475, 213.07027028809483, 224.13854107121827, 231.0623912756263, 234.96833337875964, 235.3253967400968, 228.92677441365788, 231.9856583600465, 239.32253752086638, 242.5978939078491, 251.32759411206825, 243.67428306735653, 244.67407853279562, 231.5227732792133, 219.32131820177054, 213.64067218165562, 202.83000920796013, 193.38454508938764, 185.71083092596254, 181.14454051722555, 175.7063552254646, 171.1416682703098, 167.316671045478, 163.24984896701164, 160.28173911245204, 158.01871951088728, 155.31254231826543, 152.6802296655577, 151.17009173070932, 148.94707064876826, 148.5952364050676, 147.83206308813706, 147.70055995832953, 147.43704003544013, 147.26792811963875, 148.05504575150405, 149.45581645740916, 149.27997774630933, 150.60016486245368]"
