id,fecha,angulo,ultrasonico,infrarrojo,kalman
69,2026-05-03T17:27:19.999437,"[0, 3, 6, 9, 12, 15, 18, 21, 24, 27, 30, 33, 36, 39, 42, 45, 48, 51, 54, 57, 60, 63, 66, 69, 72, 75, 78, 81, 84, 87, 90, 93, 96, 99, 102, 105, 108, 111, 114, 117, 120, 123, 126, 129, 132, 135, 138, 141, 144, 147, 150, 153, 156, 159, 162, 165, 168, 171, 174, 177, 180]","[195.0, 190.0, 199.0, 199.0, 193.0, 193.0, 187.0, 187.0, 187.0, 186.0, 186.0, 186.0, 187.0, 187.0, 187.0, 192.0, 193.0, 194.0, 194.0, 208.0, 210.0, 211.0, 267.0, 267.0, 271.0, 262.0, 270.0, 270.0, 270.0, 266.0, 262.0, 220.0, 272.0, 219.0, 206.0, 274.0, 211.0, 219.0, 171.0, 170.0, 164.0, 163.0, 158.0, 158.0, 157.0, 77.0, 155.0, 149.0, 149.0, 149.0, 149.0, 144.0, 149.0, 148.0, 148.0, 149.0, 149.0, 150.0, 151.0, 156.0, 161.0]","[205.93, 212.93, 205.93, 213.93, 209.93, 195.93, 192.93, 191.93, 192.93, 189.93, 188.93, 186.93, 186.93, 180.93, 181.93, 184.93, 187.93, 188.93, 192.93, 195.93, 197.93, 199.93, 204.93, 214.93, 217.93, 216.93, 220.93, 202.93, 189.93, 206.93, 253.93, 276.93, 241.93, 226.93, 226.93, 207.93, 199.93, 193.93, 194.93, 182.93, 177.93, 171.93, 172.93, 163.93, 160.93, 161.93, 154.93, 154.93, 150.93, 148.93, 150.93, 146.93, 145.93, 147.93, 144.93, 147.93, 147.93, 148.93, 148.93, 150.93, 149.93]","[191.0091037735849, 196.60818580192813, 199.09027774972225, 201.92334318164853, 201.75432903893542, 199.11158363736442, 195.81862664434357, 193.5377842493338, 192.2567407127199, 190.71866459457726, 189.55284993516244, 188.44653995627453, 187.91575433408957, 186.5003527212647, 185.77116923883662, 186.7362561152445, 188.07210775746083, 189.2876374308902, 190.7842093667635, 194.78981243692309, 198.07689289811498, 200.7237382132236, 213.3491870493717, 223.2427610904112, 230.8457888257518, 233.93368647273252, 238.06486683050258, 237.49170242826727, 234.7952043099555, 235.39342125542908, 243.47986019615973, 245.2658242658813, 249.45714252949037, 239.96613193614272, 231.5466735283045, 234.92086027877016, 224.3680753678963, 217.95416310009747, 205.41903056917195, 195.04602995035955, 186.41881868939336, 179.62846967307132, 174.5542994523724, 169.68583005941778, 165.84501153935557, 149.2290213320889, 151.28397910833326, 151.5279599977575, 150.96801774774207, 150.25042147777947, 150.14816707286835, 148.4703870198008, 148.11019950968455, 148.05818068625302, 147.4874116458287, 147.8376400735613, 148.06239651600615, 148.56488983114784, 149.06648989726688, 150.6422894360738, 152.3700620010867]"
