id,fecha,angulo,ultrasonico,infrarrojo,kalman
7,2026-05-03T16:47:22.608880,"[0, 3, 6, 9, 12, 15, 18, 21, 24, 27, 30, 33, 36, 39, 42, 45, 48, 51, 54, 57, 60, 63, 66, 69, 72, 75, 78, 81, 84, 87, 90, 93, 96, 99, 102, 105, 108, 111, 114, 117, 120, 123, 126, 129, 132, 135, 138, 141, 144, 147, 150, 153, 156, 159, 162, 165, 168, 171, 174, 177, 180]","[293.0, 292.0, 293.0, 297.0, 287.0, 287.0, 286.0, 286.0, 285.0, 285.0, 289.0, 289.0, 297.0, 293.0, 293.0, 290.0, 290.0, 301.0, 301.0, 312.0, 312.0, 331.0, 327.0, 530.0, 500.0, 495.0, 487.0, 486.0, 490.0, 411.0, 441.0, 435.0, 362.0, 437.0, 429.0, 428.0, 419.0, 432.0, 432.0, 427.0, 427.0, 436.0, 436.0, 445.0, 525.0, 434.0, 189.0, 197.0, 187.0, 177.0, 176.0, 166.0, 165.0, 169.0, 164.0, 164.0, 168.0, 163.0, 159.0, 163.0, 158.0]","[293.93, 282.93, 286.93, 303.93, 292.93, 296.93, 293.93, 292.93, 276.93, 271.93, 278.93, 267.93, 267.93, 267.93, 278.93, 266.93, 267.93, 278.93, 284.93, 274.93, 277.93, 290.93, 299.93, 283.93, 281.93, 294.93, 292.93, 291.93, 285.93, 324.93, 297.93, 270.93, 280.93, 279.93, 290.93, 305.93, 310.93, 325.93, 301.93, 277.93, 236.93, 215.93, 233.93, 257.93, 268.93, 248.93, 239.93, 220.93, 207.93, 205.93, 202.93, 191.93, 201.93, 200.93, 196.93, 194.93, 196.93, 197.93, 193.93, 173.93, 160.93]","[279.62231132075465, 283.82203330411915, 286.42539541460457, 291.8188349339437, 291.1352329199131, 291.4360648790086, 290.9064514656758, 290.38899524778657, 287.00996439712486, 283.9476159121281, 283.95384477312234, 281.9873101705421, 282.158450268564, 281.5517529042956, 283.13283850800445, 281.4605472303887, 280.5664979288069, 283.9335833935586, 287.1691571343509, 289.42469060592134, 291.4095484230543, 298.41543703260976, 303.80705690141, 340.76417092126076, 358.74899794393156, 371.7236548204336, 378.2587548094273, 382.09434818997846, 384.19755363882615, 378.38211842543427, 375.187493251425, 367.2261168310283, 350.83185033773293, 353.5664839833333, 355.8588007798431, 359.83768071879035, 361.6745816625044, 367.8690049116575, 367.545138309195, 362.14256461088553, 351.3312236600937, 342.2435820243472, 339.6359749189303, 343.8738126939766, 362.89413241986733, 355.21698352272665, 304.79152000419214, 270.4609438542703, 244.3095944260033, 225.37761846596345, 212.51165106012516, 200.49330938660827, 194.39278865314316, 191.01521200455005, 187.23551869413683, 184.45167155305538, 183.73993143107174, 182.5666624563113, 180.38069569483076, 176.1118075163517, 170.14796271568272]"
