id,fecha,angulo,ultrasonico,infrarrojo,kalman
72,2026-05-03T17:28:47.876996,"[0, 3, 6, 9, 12, 15, 18, 21, 24, 27, 30, 33, 36, 39, 42, 45, 48, 51, 54, 57, 60, 63, 66, 69, 72, 75, 78, 81, 84, 87, 90, 93, 96, 99, 102, 105, 108, 111, 114, 117, 120, 123, 126, 129, 132, 135, 138, 141, 144, 147, 150, 153, 156, 159, 162, 165, 168, 171, 174, 177, 180]","[189.0, 194.0, 198.0, 194.0, 192.0, 191.0, 186.0, 186.0, 185.0, 185.0, 185.0, 185.0, 185.0, 186.0, 186.0, 191.0, 191.0, 197.0, 197.0, 203.0, 213.0, 210.0, 219.0, 330.0, 330.0, 324.0, 324.0, 324.0, 310.0, 301.0, 318.0, 287.0, 303.0, 315.0, 315.0, 315.0, 320.0, 312.0, 237.0, 231.0, 217.0, 220.0, 215.0, 218.0, 217.0, 207.0, 207.0, 210.0, 209.0, 208.0, 209.0, 199.0, 203.0, 204.0, 203.0, 203.0, 203.0, 204.0, 208.0, 209.0, 210.0]","[203.93, 210.93, 204.93, 204.93, 202.93, 196.93, 192.93, 189.93, 186.93, 184.93, 182.93, 180.93, 180.93, 181.93, 181.93, 183.93, 185.93, 188.93, 193.93, 196.93, 200.93, 206.93, 210.93, 215.93, 219.93, 215.93, 206.93, 197.93, 192.93, 200.93, 207.93, 218.93, 216.93, 222.93, 236.93, 288.93, 295.93, 281.93, 257.93, 247.93, 252.93, 243.93, 238.93, 235.93, 232.93, 227.93, 221.93, 221.93, 218.93, 214.93, 209.93, 204.93, 203.93, 207.93, 201.93, 200.93, 206.93, 207.93, 201.93, 202.93, 209.93]","[187.1977830188679, 195.37330411919368, 197.95493788506212, 198.53504173612322, 198.14046362535555, 196.62664977000694, 194.04830952552786, 191.86450631446837, 189.7492024209372, 188.03463763695697, 186.5764531567318, 185.2825474458092, 184.45224863560347, 184.27768640106282, 184.16566367573725, 185.34767786657181, 186.46448288723374, 188.79334300961983, 191.18351490693342, 194.32954856440887, 198.85629477496178, 202.29868618299417, 206.83648900080385, 230.5275286585503, 246.44758914494847, 254.87287960068747, 258.66758691111687, 259.49065254050026, 256.6154017676774, 254.59110256370207, 257.5911147064438, 255.9337740955036, 257.3779912901368, 261.5291248682573, 266.7008864064976, 279.3345220329224, 289.59160748290464, 292.23318116501616, 276.19464139009943, 263.035969337238, 252.97933208909404, 245.45078855028214, 238.82811487404877, 234.57806417262515, 231.13411116673538, 226.2370486229758, 222.01962309532465, 219.85050854098182, 217.74198055584418, 215.49320475813641, 213.33355477306475, 209.26068397138914, 207.18433631823476, 206.7474998524663, 205.21326186395652, 204.04954746349026, 204.3775152642088, 204.94624368726468, 204.95296327827793, 205.31553309444237, 206.9812398074776]"
