id,fecha,angulo,ultrasonico,infrarrojo,kalman
73,2026-05-03T17:29:05.457222,"[0, 3, 6, 9, 12, 15, 18, 21, 24, 27, 30, 33, 36, 39, 42, 45, 48, 51, 54, 57, 60, 63, 66, 69, 72, 75, 78, 81, 84, 87, 90, 93, 96, 99, 102, 105, 108, 111, 114, 117, 120, 123, 126, 129, 132, 135, 138, 141, 144, 147, 150, 153, 156, 159, 162, 165, 168, 171, 174, 177, 180]","[194.0, 198.0, 198.0, 194.0, 192.0, 186.0, 186.0, 186.0, 186.0, 185.0, 185.0, 185.0, 185.0, 191.0, 186.0, 191.0, 192.0, 197.0, 198.0, 199.0, 210.0, 214.0, 331.0, 330.0, 325.0, 325.0, 324.0, 324.0, 319.0, 315.0, 314.0, 314.0, 291.0, 279.0, 315.0, 320.0, 316.0, 312.0, 241.0, 235.0, 174.0, 220.0, 214.0, 213.0, 213.0, 212.0, 211.0, 210.0, 210.0, 208.0, 203.0, 199.0, 76.0, 111.0, 199.0, 203.0, 204.0, 205.0, 204.0, 204.0, 210.0]","[212.93, 211.93, 211.93, 211.93, 202.93, 196.93, 192.93, 194.93, 192.93, 189.93, 182.93, 180.93, 185.93, 183.93, 183.93, 186.93, 188.93, 191.93, 189.93, 192.93, 195.93, 200.93, 210.93, 208.93, 213.93, 216.93, 208.93, 189.93, 190.93, 198.93, 208.93, 209.93, 219.93, 214.93, 223.93, 240.93, 265.93, 292.93, 271.93, 259.93, 251.93, 243.93, 228.93, 224.93, 222.93, 227.93, 217.93, 214.93, 217.93, 214.93, 205.93, 203.93, 210.93, 202.93, 201.93, 206.93, 200.93, 206.93, 201.93, 201.93, 208.93]","[193.86759433962263, 199.81020157756353, 201.99478234521766, 202.36750012439978, 200.55970219295423, 197.26241896280968, 194.45518881884564, 193.02277984495365, 191.74711622884726, 190.21248933790284, 187.97396276487996, 186.17935952734496, 185.9234286868842, 186.47571372876632, 185.93448690051946, 187.0201929750272, 188.25432201785097, 190.4793450482808, 191.7281074653751, 193.2460063601259, 196.72790946853112, 200.57455345720103, 225.79246383614202, 241.43848051758374, 251.479193274502, 258.4601310332795, 261.32793593370485, 259.7648811101685, 258.04528736974356, 257.6582662422998, 259.02205742605406, 260.07638887976225, 258.42432390769886, 254.31893437646323, 259.7451270341726, 267.16817836316744, 275.6935698444991, 285.2846373439297, 274.9597841153493, 265.10956958437845, 246.42838282268565, 241.24676644594612, 234.15979887869216, 228.71614716343768, 224.86446731137517, 223.10919606057882, 220.01234738967256, 217.3084530577096, 216.110635691532, 214.44630153992182, 210.8704247098269, 207.5008601132106, 184.55952850849255, 174.6735797936634, 183.91355131062485, 191.4553921524414, 195.39966750100726, 199.1847778430091, 200.539071045126, 201.40817845626813, 204.29459576038516]"
