id,fecha,angulo,ultrasonico,infrarrojo,kalman
74,2026-05-03T17:29:52.581416,"[0, 3, 6, 9, 12, 15, 18, 21, 24, 27, 30, 33, 36, 39, 42, 45, 48, 51, 54, 57, 60, 63, 66, 69, 72, 75, 78, 81, 84, 87, 90, 93, 96, 99, 102, 105, 108, 111, 114, 117, 120, 123, 126, 129, 132, 135, 138, 141, 144, 147, 150, 153, 156, 159, 162, 165, 168, 171, 174, 177, 180]","[283.0, 283.0, 287.0, 287.0, 281.0, 280.0, 275.0, 270.0, 270.0, 274.0, 269.0, 274.0, 274.0, 269.0, 274.0, 274.0, 274.0, 275.0, 276.0, 281.0, 282.0, 287.0, 297.0, 294.0, 304.0, 373.0, 363.0, 359.0, 363.0, 363.0, 380.0, 375.0, 363.0, 372.0, 372.0, 382.0, 377.0, 379.0, 371.0, 376.0, 385.0, 174.0, 170.0, 182.0, 173.0, 152.0, 698.0, 174.0, 140.0, 422.0, 133.0, 148.0, 125.0, 125.0, 124.0, 114.0, 119.0, 119.0, 114.0, 117.0, 114.0]","[231.93, 231.93, 227.93, 235.93, 259.93, 317.93, 315.93, 295.93, 284.93, 276.93, 271.93, 258.93, 257.93, 255.93, 255.93, 254.93, 261.93, 261.93, 268.93, 269.93, 258.93, 260.93, 273.93, 259.93, 241.93, 224.93, 206.93, 210.93, 217.93, 222.93, 223.93, 222.93, 221.93, 213.93, 215.93, 225.93, 254.93, 275.93, 250.93, 224.93, 216.93, 204.93, 190.93, 177.93, 171.93, 161.93, 155.93, 150.93, 146.93, 143.93, 138.93, 134.93, 131.93, 131.93, 131.93, 131.93, 130.93, 130.93, 131.93, 130.93, 130.93]","[245.32042452830188, 251.8237861524978, 254.21450762549236, 256.99984904087773, 261.96512623268274, 275.3794261956826, 282.61064315493866, 282.7378511513193, 280.8472382803674, 278.91834911503383, 275.88944492623614, 272.5128697408147, 270.1669896316451, 267.4076663164679, 266.5325590623576, 265.79183913813426, 266.57039100327904, 267.24914921027033, 269.11776745550816, 271.3917116694044, 271.0597101925173, 272.1005522661259, 276.88846684501635, 276.9158854271446, 275.5004508158529, 283.9068031778497, 284.2859101994379, 284.5291992608662, 286.6557448067133, 288.91608323760283, 293.5909564414624, 295.5162482251097, 294.42311545205365, 293.9007345541569, 293.9237581365872, 297.5211090412909, 304.1287725881997, 312.48915270194755, 311.9431134594077, 307.83099242904575, 305.37119866924075, 263.84692564452627, 233.9747196232568, 214.62532874189085, 199.52107183768624, 184.2750369738373, 271.2205532685635, 232.2580530854204, 200.44726969894532, 230.00987119689327, 196.31758421836903, 176.66623071574432, 159.39777495282587, 148.3158741804726, 141.02501945946605, 134.5548807828748, 131.11923340184967, 128.91443270119447, 126.783003401787, 125.7734323522325, 124.58816141888113]"
