id,fecha,angulo,ultrasonico,infrarrojo,kalman
75,2026-05-03T17:30:10.022433,"[0, 3, 6, 9, 12, 15, 18, 21, 24, 27, 30, 33, 36, 39, 42, 45, 48, 51, 54, 57, 60, 63, 66, 69, 72, 75, 78, 81, 84, 87, 90, 93, 96, 99, 102, 105, 108, 111, 114, 117, 120, 123, 126, 129, 132, 135, 138, 141, 144, 147, 150, 153, 156, 159, 162, 165, 168, 171, 174, 177, 180]","[283.0, 288.0, 288.0, 288.0, 281.0, 276.0, 275.0, 275.0, 274.0, 274.0, 269.0, 273.0, 269.0, 273.0, 274.0, 274.0, 275.0, 275.0, 281.0, 281.0, 286.0, 292.0, 297.0, 299.0, 304.0, 318.0, 368.0, 359.0, 359.0, 324.0, 380.0, 367.0, 372.0, 372.0, 377.0, 377.0, 378.0, 378.0, 380.0, 380.0, 382.0, 178.0, 187.0, 186.0, 178.0, 165.0, 138.0, 140.0, 144.0, 129.0, 137.0, 362.0, 134.0, 129.0, 124.0, 119.0, 132.0, 119.0, 118.0, 113.0, 117.0]","[220.93, 229.93, 231.93, 234.93, 274.93, 342.93, 292.93, 279.93, 280.93, 264.93, 261.93, 259.93, 270.93, 269.93, 266.93, 254.93, 266.93, 266.93, 259.93, 261.93, 271.93, 273.93, 259.93, 255.93, 240.93, 208.93, 199.93, 211.93, 212.93, 213.93, 214.93, 221.93, 220.93, 219.93, 221.93, 233.93, 255.93, 266.93, 251.93, 227.93, 206.93, 193.93, 185.93, 182.93, 174.93, 162.93, 156.93, 152.93, 147.93, 141.93, 137.93, 135.93, 133.93, 131.93, 131.93, 130.93, 131.93, 131.93, 130.93, 132.93, 132.93]","[240.07985849056604, 250.1927607361963, 254.3341925058075, 257.07355590525714, 264.7772802216355, 280.9788078684399, 282.0538980498662, 280.40656278696866, 279.35184754730847, 275.8085943281281, 272.1023998055367, 270.0826411414817, 270.0404943021667, 270.5508392873747, 270.5200865879319, 268.3508023530891, 269.28735909381385, 269.8883868179664, 270.0949628792514, 270.58578907188127, 273.5877048728034, 276.9471918609493, 277.49095811763493, 277.48165842548946, 275.68440256995893, 271.306709103529, 275.8416376345055, 279.2892800460802, 281.6809072514439, 277.12533722557953, 284.4121753755235, 288.0136758920579, 291.0414267259901, 292.8053341203707, 295.19120983205954, 298.87187292713367, 305.3538726568336, 311.4840635501258, 313.08939295172195, 309.8205101097154, 304.3192823794439, 261.91796483479027, 234.88636904184256, 216.82253191827215, 202.36414062239152, 188.60735783229438, 173.867796711979, 164.0505373645638, 157.5712567053136, 149.6515229074225, 145.28560883000705, 182.42953551735064, 165.0667488161722, 152.67041038499366, 143.81951010707488, 137.0647391420843, 135.23771899197968, 131.7365684385497, 129.1314740033341, 126.92228801454192, 126.2210747676493]"
