id,fecha,angulo,ultrasonico,infrarrojo,kalman
77,2026-05-03T17:30:45.217504,"[0, 3, 6, 9, 12, 15, 18, 21, 24, 27, 30, 33, 36, 39, 42, 45, 48, 51, 54, 57, 60, 63, 66, 69, 72, 75, 78, 81, 84, 87, 90, 93, 96, 99, 102, 105, 108, 111, 114, 117, 120, 123, 126, 129, 132, 135, 138, 141, 144, 147, 150, 153, 156, 159, 162, 165, 168, 171, 174, 177, 180]","[288.0, 288.0, 288.0, 284.0, 281.0, 281.0, 275.0, 275.0, 270.0, 269.0, 270.0, 274.0, 269.0, 269.0, 274.0, 274.0, 275.0, 275.0, 280.0, 281.0, 287.0, 292.0, 298.0, 298.0, 304.0, 368.0, 363.0, 350.0, 363.0, 363.0, 380.0, 371.0, 367.0, 372.0, 364.0, 382.0, 378.0, 370.0, 375.0, 368.0, 382.0, 174.0, 165.0, 190.0, 178.0, 174.0, 143.0, 158.0, 148.0, 129.0, 146.0, 421.0, 155.0, 125.0, 120.0, 119.0, 119.0, 114.0, 118.0, 113.0, 117.0]","[218.93, 226.93, 228.93, 229.93, 239.93, 291.93, 292.93, 274.93, 267.93, 260.93, 257.93, 256.93, 255.93, 254.93, 254.93, 252.93, 253.93, 255.93, 255.93, 255.93, 257.93, 258.93, 257.93, 255.93, 246.93, 220.93, 200.93, 212.93, 217.93, 214.93, 215.93, 215.93, 214.93, 212.93, 218.93, 225.93, 248.93, 268.93, 250.93, 225.93, 215.93, 203.93, 192.93, 183.93, 169.93, 162.93, 156.93, 153.93, 147.93, 142.93, 137.93, 136.93, 133.93, 133.93, 134.93, 131.93, 131.93, 131.93, 130.93, 130.93, 132.93]","[241.50910377358488, 250.0534092900964, 253.61820422179576, 254.90390571741347, 256.9545603804492, 267.6535668577719, 273.52601606519744, 274.04258648205655, 272.2219869466523, 269.62122444503206, 267.59455292334263, 266.8315800784398, 265.26718222744745, 264.08413877414, 264.22058574575965, 263.94989097987224, 264.1344328126517, 264.61111871456023, 265.8126722127306, 266.7628887650533, 268.8057133175849, 271.19145319848326, 273.61812762062027, 274.8171699863295, 275.04925999260576, 282.00509581924695, 281.9907311884952, 281.80238401068937, 284.9058317605443, 286.3600595081952, 290.51761728294167, 291.5735394515295, 291.35552558668223, 291.75300319341505, 291.6498238693352, 296.0618289378173, 302.29664670407084, 308.44733922811196, 310.0658253960541, 305.3723555312777, 303.07687191174807, 262.1954300300538, 232.37749845941445, 216.10812713662267, 201.01003283771286, 189.35052847411987, 175.24036476968257, 168.3348194361553, 161.03717743389439, 152.05488008446537, 148.4401041689029, 195.20163610801603, 177.02485217157633, 159.98617512701813, 148.33521796887237, 140.1417892655099, 134.88371841524946, 130.61374732429994, 128.41091205245377, 126.10161526735939, 125.69441424422365]"
