id,fecha,angulo,ultrasonico,infrarrojo,kalman
79,2026-05-03T17:31:20.192672,"[0, 3, 6, 9, 12, 15, 18, 21, 24, 27, 30, 33, 36, 39, 42, 45, 48, 51, 54, 57, 60, 63, 66, 69, 72, 75, 78, 81, 84, 87, 90, 93, 96, 99, 102, 105, 108, 111, 114, 117, 120, 123, 126, 129, 132, 135, 138, 141, 144, 147, 150, 153, 156, 159, 162, 165, 168, 171, 174, 177, 180]","[288.0, 284.0, 288.0, 288.0, 282.0, 281.0, 276.0, 275.0, 275.0, 270.0, 274.0, 269.0, 269.0, 274.0, 274.0, 275.0, 275.0, 280.0, 281.0, 282.0, 282.0, 288.0, 298.0, 304.0, 296.0, 315.0, 355.0, 318.0, 368.0, 372.0, 371.0, 367.0, 368.0, 377.0, 373.0, 382.0, 387.0, 374.0, 379.0, 380.0, 382.0, 383.0, 166.0, 177.0, 182.0, 157.0, 169.0, 170.0, 136.0, 134.0, 146.0, 131.0, 75.0, 130.0, 129.0, 119.0, 132.0, 123.0, 114.0, 127.0, 126.0]","[229.93, 229.93, 227.93, 234.93, 245.93, 302.93, 309.93, 294.93, 283.93, 265.93, 261.93, 272.93, 269.93, 268.93, 267.93, 260.93, 260.93, 267.93, 268.93, 259.93, 273.93, 261.93, 261.93, 262.93, 240.93, 202.93, 197.93, 203.93, 216.93, 221.93, 223.93, 222.93, 214.93, 215.93, 218.93, 230.93, 245.93, 271.93, 269.93, 239.93, 220.93, 201.93, 192.93, 182.93, 178.93, 171.93, 160.93, 153.93, 147.93, 143.93, 139.93, 136.93, 134.93, 132.93, 131.93, 130.93, 130.93, 132.93, 134.93, 131.93, 130.93]","[246.74966981132073, 252.21992988606485, 254.6546651853348, 257.2709161421143, 259.7393609445895, 271.422762663935, 279.1784082572607, 281.2556949012915, 280.61363034623906, 276.08060806809794, 273.1727192612361, 272.38174110472795, 271.3367714868187, 271.38271077562763, 271.23306212021885, 270.0622521684657, 269.3108951860672, 270.9782639382065, 272.40654247690316, 271.89009894793804, 274.06647827693024, 274.38838048820486, 276.3862466472211, 278.92226362195885, 275.17586977104435, 269.3682029660963, 271.9106842229121, 267.9893099965892, 276.7579112090824, 283.9972537259469, 288.8221757726858, 291.02288905020447, 291.18127864452566, 293.07421181523017, 294.10985856423247, 298.5361815057849, 304.95931644344995, 311.4099888715262, 316.08704542815104, 313.8937763127201, 309.4410731191207, 303.3592664238852, 258.9732076604257, 230.66791921379922, 212.68234339468034, 195.40811514256822, 184.50163870371753, 176.4277172971236, 164.08118796004268, 155.08312350648353, 150.74171403220345, 144.73132923890378, 130.48474077801293, 130.83592606435766, 130.70303899407833, 128.64734309038894, 129.65679000649865, 129.05069343067353, 127.40783404774857, 128.14482932185123, 128.25953289082855]"
