id,fecha,angulo,ultrasonico,infrarrojo,kalman
8,2026-05-03T16:48:00.581452,"[0, 3, 6, 9, 12, 15, 18, 21, 24, 27, 30, 33, 36, 39, 42, 45, 48, 51, 54, 57, 60, 63, 66, 69, 72, 75, 78, 81, 84, 87, 90, 93, 96, 99, 102, 105, 108, 111, 114, 117, 120, 123, 126, 129, 132, 135, 138, 141, 144, 147, 150, 153, 156, 159, 162, 165, 168, 171, 174, 177, 180]","[199.0, 199.0, 204.0, 204.0, 204.0, 209.0, 209.0, 206.0, 207.0, 212.0, 212.0, 217.0, 221.0, 224.0, 219.0, 510.0, 520.0, 478.0, 530.0, 446.0, 455.0, 444.0, 448.0, 448.0, 413.0, 417.0, 411.0, 411.0, 409.0, 408.0, 398.0, 401.0, 397.0, 397.0, 400.0, 395.0, 399.0, 399.0, 330.0, 400.0, 408.0, 404.0, 405.0, 401.0, 410.0, 403.0, 416.0, 197.0, 485.0, 182.0, 172.0, 171.0, 170.0, 165.0, 169.0, 164.0, 164.0, 163.0, 163.0, 163.0, 163.0]","[203.93, 198.93, 197.93, 202.93, 198.93, 200.93, 208.93, 206.93, 209.93, 208.93, 211.93, 207.93, 214.93, 218.93, 224.93, 226.93, 231.93, 235.93, 233.93, 246.93, 249.93, 252.93, 264.93, 270.93, 274.93, 280.93, 297.93, 346.93, 347.93, 286.93, 286.93, 305.93, 319.93, 311.93, 316.93, 314.93, 324.93, 301.93, 283.93, 247.93, 214.93, 220.93, 226.93, 256.93, 426.93, 2068.93, 2856.93, 11663.93, 366.93, 183.93, 214.93, 212.93, 200.93, 192.93, 191.93, 189.93, 189.93, 187.93, 180.93, 170.93, 165.93]","[191.96193396226414, 195.7120420683611, 197.9382224017776, 200.0613833876546, 200.5789673027904, 202.16912295083117, 204.6157775423174, 205.27961651419682, 206.42175514932032, 207.8707751999031, 209.33776946195698, 210.45818866080577, 213.14762508837185, 216.1274170138803, 218.21878380564536, 272.0457181363273, 309.2756131428149, 326.36070181901107, 346.2813648677376, 346.34715354706344, 348.5389183912991, 348.512436567875, 351.3615026239091, 354.2646419023022, 350.5747172256038, 349.99802384464834, 351.59835186521417, 361.40266071161403, 367.5153729150805, 360.33217504699513, 353.9311243408887, 353.764131767439, 355.4482533949561, 355.09599542348076, 356.30296681468417, 355.8236300755897, 358.02382233808225, 355.315817018992, 337.9937708306422, 332.96785748984576, 325.2642960283237, 320.678851341962, 318.9900784172272, 322.5636695793804, 356.9210471272645, 671.8451971632414, 1017.4275432148479, 2777.5604013234615, 1935.0835484083257, 1307.3738157874282, 908.30755080372, 651.6724096265124, 484.6500761728859, 375.1360837521154, 305.3936944360113, 259.3831425138749, 229.8562190945134, 210.37015313981124, 196.61121631983676, 185.9902349163517, 178.27865657239806]"
