id,fecha,angulo,ultrasonico,infrarrojo,kalman
81,2026-05-03T17:31:55.245318,"[0, 3, 6, 9, 12, 15, 18, 21, 24, 27, 30, 33, 36, 39, 42, 45, 48, 51, 54, 57, 60, 63, 66, 69, 72, 75, 78, 81, 84, 87, 90, 93, 96, 99, 102, 105, 108, 111, 114, 117, 120, 123, 126, 129, 132, 135, 138, 141, 144, 147, 150, 153, 156, 159, 162, 165, 168, 171, 174, 177, 180]","[283.0, 283.0, 288.0, 283.0, 276.0, 280.0, 275.0, 275.0, 275.0, 274.0, 274.0, 269.0, 269.0, 269.0, 274.0, 270.0, 275.0, 275.0, 281.0, 281.0, 287.0, 292.0, 298.0, 298.0, 309.0, 368.0, 368.0, 359.0, 363.0, 368.0, 385.0, 359.0, 363.0, 373.0, 377.0, 378.0, 378.0, 379.0, 380.0, 385.0, 377.0, 170.0, 174.0, 164.0, 178.0, 165.0, 156.0, 149.0, 135.0, 129.0, 137.0, 127.0, 432.0, 138.0, 119.0, 119.0, 118.0, 114.0, 119.0, 131.0, 126.0]","[222.93, 221.93, 224.93, 227.93, 247.93, 303.93, 318.93, 294.93, 269.93, 279.93, 267.93, 264.93, 257.93, 268.93, 266.93, 267.93, 255.93, 267.93, 267.93, 269.93, 258.93, 262.93, 263.93, 272.93, 251.93, 208.93, 198.93, 208.93, 215.93, 212.93, 215.93, 214.93, 213.93, 213.93, 215.93, 224.93, 244.93, 264.93, 251.93, 228.93, 207.93, 195.93, 191.93, 183.93, 171.93, 162.93, 155.93, 153.93, 148.93, 141.93, 138.93, 136.93, 133.93, 131.93, 132.93, 132.93, 131.93, 130.93, 130.93, 132.93, 132.93]","[241.03268867924527, 247.15463628396142, 251.10032723967277, 252.7770552708183, 256.1651117836541, 269.1443571236781, 279.16035699227143, 281.2441237291336, 278.09631548618205, 277.69087409354984, 275.2809383464211, 272.30151714084417, 269.1356921297218, 269.07453977873405, 269.5726847025733, 269.35497669362843, 267.9613621373668, 269.21656727874614, 271.0968582489459, 272.66177817123673, 272.77040968878146, 274.4522822171904, 276.78551266871716, 279.89500470879693, 280.0992098365638, 283.0963174881305, 283.2284007887612, 283.49229303188247, 285.6320605136247, 287.36349766754444, 292.05721004992375, 290.23288725407497, 289.59952826328754, 290.9843627726363, 292.9478425449988, 295.99917867383886, 301.5399262324024, 308.85736351714996, 311.40372808835394, 309.8135201517685, 303.5982814878508, 260.3804952617367, 232.64580808797, 211.62296440633708, 198.48997117546713, 186.1211389152392, 175.3174738820944, 166.77214456263835, 157.88479724550194, 149.85273517574464, 145.59386406487522, 140.71122035000732, 191.67471369897407, 171.3580295023892, 155.0956330808219, 144.659363275419, 137.6037085556043, 132.1801516231715, 129.59526893911195, 130.44424302934388, 130.09342180170566]"
