id,fecha,angulo,ultrasonico,infrarrojo,kalman
83,2026-05-03T17:35:06.610807,"[0, 3, 6, 9, 12, 15, 18, 21, 24, 27, 30, 33, 36, 39, 42, 45, 48, 51, 54, 57, 60, 63, 66, 69, 72, 75, 78, 81, 84, 87, 90, 93, 96, 99, 102, 105, 108, 111, 114, 117, 120, 123, 126, 129, 132, 135, 138, 141, 144, 147, 150, 153, 156, 159, 162, 165, 168, 171, 174, 177, 180]","[186.0, 182.0, 186.0, 186.0, 186.0, 221.0, 217.0, 209.0, 210.0, 353.0, 349.0, 348.0, 348.0, 338.0, 334.0, 343.0, 343.0, 348.0, 344.0, 353.0, 719.0, 849.0, 1494.0, 645.0, 692.0, 543.0, 426.0, 789.0, 659.0, 550.0, 740.0, 516.0, 988.0, 504.0, 545.0, 598.0, 611.0, 846.0, 537.0, 539.0, 772.0, 300.0, 507.0, 506.0, 527.0, 166.0, 165.0, 195.0, 170.0, 142.0, 174.0, 153.0, 152.0, 138.0, 137.0, 123.0, 83.0, 131.0, 117.0, 116.0, 121.0]","[182.93, 182.93, 187.93, 186.93, 186.93, 189.93, 188.93, 193.93, 204.93, 205.93, 220.93, 226.93, 241.93, 256.93, 265.93, 276.93, 275.93, 279.93, 280.93, 276.93, 261.93, 221.93, 214.93, 210.93, 215.93, 227.93, 229.93, 231.93, 231.93, 229.93, 219.93, 225.93, 217.93, 216.93, 219.93, 233.93, 270.93, 286.93, 282.93, 252.93, 239.93, 223.93, 219.93, 201.93, 196.93, 182.93, 175.93, 172.93, 165.93, 153.93, 147.93, 143.93, 140.93, 140.93, 137.93, 132.93, 130.93, 130.93, 130.93, 131.93, 133.93]","[175.76382075471696, 179.3522699386503, 182.57851126148873, 184.07154062896524, 184.95412926540823, 192.39034308241767, 196.19743563479966, 198.08840040108598, 201.45043725339386, 229.40933408801882, 249.31538397456373, 262.98356791675474, 274.4414325897788, 282.6898812883534, 288.8788484830368, 296.4331345192467, 301.1019021905206, 305.71020565610456, 308.1301621431049, 310.57879465950657, 375.02439064843423, 432.5034538724926, 583.6743723171269, 527.8903109658484, 501.40600871991177, 459.86926472129255, 412.61356343156854, 447.66958126962277, 446.87977334219926, 426.4896249760931, 445.64758286007617, 418.89198224094207, 484.8375341930508, 440.28013238103335, 419.56742357413725, 418.2768280601732, 426.4050373956336, 476.58257918191657, 452.71632717852344, 432.38473463789694, 458.7454216693641, 388.2473460777816, 379.3688830055571, 370.26774962423605, 367.2932267237269, 298.2110548875411, 252.44506375088116, 227.91156255258784, 206.43525275288272, 185.48784211384248, 176.70234830101333, 166.58610452969202, 159.37756652531797, 152.24373883953842, 146.9491437826754, 140.14793057213942, 128.25989451662403, 129.22901903232747, 127.34314436802734, 126.13289857733267, 126.61013399533908]"
