id,fecha,angulo,ultrasonico,infrarrojo,kalman
85,2026-05-03T17:35:44.527286,"[0, 3, 6, 9, 12, 15, 18, 21, 24, 27, 30, 33, 36, 39, 42, 45, 48, 51, 54, 57, 60, 63, 66, 69, 72, 75, 78, 81, 84, 87, 90, 93, 96, 99, 102, 105, 108, 111, 114, 117, 120, 123, 126, 129, 132, 135, 138, 141, 144, 147, 150, 153, 156, 159, 162, 165, 168, 171, 174, 177, 180]","[182.0, 182.0, 187.0, 187.0, 187.0, 209.0, 217.0, 204.0, 206.0, 211.0, 362.0, 348.0, 343.0, 343.0, 343.0, 343.0, 365.0, 348.0, 1845.0, 354.0, 747.0, 626.0, 815.0, 525.0, 533.0, 573.0, 616.0, 591.0, 1382.0, 465.0, 756.0, 629.0, 654.0, 543.0, 583.0, 625.0, 497.0, 508.0, 592.0, 671.0, 633.0, 508.0, 512.0, 519.0, 523.0, 506.0, 182.0, 178.0, 148.0, 143.0, 141.0, 140.0, 152.0, 139.0, 128.0, 141.0, 118.0, 131.0, 126.0, 121.0, 116.0]","[181.93, 181.93, 181.93, 180.93, 180.93, 184.93, 189.93, 200.93, 200.93, 215.93, 216.93, 225.93, 242.93, 265.93, 276.93, 280.93, 282.93, 276.93, 265.93, 278.93, 253.93, 208.93, 210.93, 214.93, 213.93, 217.93, 228.93, 225.93, 232.93, 230.93, 226.93, 219.93, 217.93, 222.93, 221.93, 241.93, 280.93, 296.93, 274.93, 251.93, 229.93, 218.93, 217.93, 199.93, 194.93, 182.93, 176.93, 172.93, 164.93, 153.93, 147.93, 143.93, 141.93, 137.93, 135.93, 133.93, 131.93, 130.93, 132.93, 132.93, 131.93]","[173.38174528301886, 177.97803680981593, 180.72718311281687, 181.9710193939243, 182.7063001534424, 187.87579013675844, 193.48822420723758, 196.71073190948945, 199.13251583991277, 204.26899846453927, 234.79542324695367, 253.48665648954915, 267.6304107867458, 280.82681141594253, 291.26583046231536, 298.6814770431473, 307.73949676957886, 309.4324445521363, 576.7042858778563, 483.4715873431254, 489.55960617972903, 463.7311675851221, 481.36956078234783, 441.4580335504628, 417.099014594148, 409.34846510539586, 414.04756301739536, 412.0475675591477, 553.7088558439161, 479.9995621101268, 484.1071420217668, 462.7398931815137, 453.1475850267962, 428.00414269417416, 418.8545515055577, 424.0888552724172, 411.5054682512062, 408.26665206842705, 417.2941509536965, 433.11869197558156, 432.5262443077154, 407.78453077569253, 392.4441097530516, 380.6290940487952, 372.86776836955005, 362.692261606529, 297.04970819804237, 253.4910661511819, 218.73074351414172, 193.55750902396522, 175.96974606059942, 163.78728838561454, 157.76057623523047, 150.84778999118006, 144.08288754364435, 141.71197923706322, 135.71224715919993, 134.01150993015014, 132.38268833288703, 130.44176047846233, 128.12141201124336]"
