id,fecha,angulo,ultrasonico,infrarrojo,kalman
9,2026-05-03T16:50:20.401070,"[0, 3, 6, 9, 12, 15, 18, 21, 24, 27, 30, 33, 36, 39, 42, 45, 48, 51, 54, 57, 60, 63, 66, 69, 72, 75, 78, 81, 84, 87, 90, 93, 96, 99, 102, 105, 108, 111, 114, 117, 120, 123, 126, 129, 132, 135, 138, 141, 144, 147, 150, 153, 156, 159, 162, 165, 168, 171, 174, 177, 180]","[311.0, 311.0, 311.0, 311.0, 300.0, 300.0, 303.0, 299.0, 302.0, 306.0, 302.0, 302.0, 298.0, 299.0, 300.0, 300.0, 306.0, 310.0, 181.0, 326.0, 333.0, 332.0, 332.0, 371.0, 375.0, 346.0, 478.0, 478.0, 432.0, 409.0, 421.0, 411.0, 406.0, 406.0, 405.0, 409.0, 404.0, 404.0, 400.0, 408.0, 404.0, 409.0, 405.0, 405.0, 414.0, 414.0, 429.0, 205.0, 178.0, 182.0, 176.0, 166.0, 170.0, 160.0, 169.0, 168.0, 159.0, 163.0, 167.0, 163.0, 163.0]","[283.93, 281.93, 301.93, 285.93, 283.93, 298.93, 280.93, 293.93, 275.93, 275.93, 290.93, 286.93, 284.93, 282.93, 280.93, 282.93, 267.93, 269.93, 285.93, 291.93, 288.93, 285.93, 270.93, 269.93, 285.93, 267.93, 273.93, 307.93, 315.93, 279.93, 276.93, 279.93, 280.93, 292.93, 314.93, 298.93, 317.93, 312.93, 289.93, 273.93, 248.93, 221.93, 229.93, 301.93, 1080.93, 3018.93, 2635.93, 2981.93, 2757.93, 2472.93, 2757.93, 892.93, 189.93, 168.93, 180.93, 172.93, 164.93, 165.93, 167.93, 165.93, 164.93]","[283.4336320754717, 290.41186678352324, 297.2151136248864, 297.6952686413057, 295.5822308986196, 296.9899283880903, 295.18085149872627, 295.64183866513474, 293.2478175264165, 292.4297002741202, 293.87558119970913, 294.0867572329355, 293.14747035227595, 292.36557611251027, 291.68467756659203, 291.6059762837885, 289.9433102542088, 289.9510807720248, 269.7145123984782, 283.776297365147, 293.5168560819882, 299.0512706204673, 299.9160074443069, 307.2778395830886, 315.58481532229376, 312.4967012347026, 335.23469969257735, 355.91701676778877, 362.3828433749639, 355.9636403568034, 353.45632447279434, 350.5933719901172, 348.0395787664762, 348.55024671310593, 352.63966848206064, 353.1144785304535, 355.9269872714062, 356.83624954290104, 352.5832845347857, 348.42094615564525, 340.55506224994787, 331.56635752978866, 326.51443945457834, 336.1696817721247, 483.5193428253561, 925.2314572848795, 1142.7774704141916, 1304.2396893655725, 1362.8955212183719, 1350.2022688007162, 1392.0334010878378, 1083.011742190417, 759.488411192373, 546.316770105622, 413.27718751969905, 326.2878833749857, 267.41796656455705, 230.53428699077872, 207.93923752364287, 192.36426285274885, 182.19001196765683]"
