id,fecha,angulo,ultrasonico,infrarrojo,kalman
90,2026-05-03T17:37:25.287222,"[0, 3, 6, 9, 12, 15, 18, 21, 24, 27, 30, 33, 36, 39, 42, 45, 48, 51, 54, 57, 60, 63, 66, 69, 72, 75, 78, 81, 84, 87, 90, 93, 96, 99, 102, 105, 108, 111, 114, 117, 120, 123, 126, 129, 132, 135, 138, 141, 144, 147, 150, 153, 156, 159, 162, 165, 168, 171, 174, 177, 180]","[187.0, 182.0, 187.0, 186.0, 187.0, 200.0, 230.0, 212.0, 205.0, 220.0, 354.0, 344.0, 348.0, 343.0, 348.0, 343.0, 343.0, 348.0, 348.0, 349.0, 626.0, 645.0, 698.0, 723.0, 612.0, 647.0, 662.0, 954.0, 785.0, 622.0, 642.0, 697.0, 540.0, 598.0, 608.0, 493.0, 718.0, 739.0, 581.0, 863.0, 526.0, 546.0, 516.0, 524.0, 510.0, 208.0, 174.0, 191.0, 540.0, 161.0, 179.0, 158.0, 130.0, 164.0, 133.0, 141.0, 123.0, 136.0, 118.0, 126.0, 121.0]","[181.93, 185.93, 183.93, 183.93, 185.93, 185.93, 184.93, 189.93, 195.93, 202.93, 216.93, 229.93, 240.93, 242.93, 258.93, 288.93, 272.93, 284.93, 270.93, 266.93, 274.93, 248.93, 221.93, 207.93, 212.93, 223.93, 220.93, 230.93, 222.93, 231.93, 220.93, 218.93, 216.93, 217.93, 233.93, 254.93, 285.93, 275.93, 255.93, 240.93, 228.93, 226.93, 209.93, 201.93, 193.93, 184.93, 178.93, 175.93, 167.93, 161.93, 151.93, 146.93, 142.93, 139.93, 135.93, 132.93, 132.93, 132.93, 132.93, 131.93, 129.93]","[175.76382075471696, 180.15551270815072, 182.40564993435007, 183.3888471251213, 184.52317913183325, 187.58376031304607, 194.74141281508378, 196.9755732867309, 198.22672847147368, 202.97106664250217, 232.5293182770581, 252.03244801528788, 267.2345952207784, 276.45279846589085, 286.13016346356636, 296.818737377041, 300.8119730858086, 306.4197900552472, 307.5107596962019, 307.6734947312427, 358.82963336779267, 390.4047958618933, 415.32526561383673, 433.2882050150567, 425.828134192999, 429.2806143153813, 433.64576271697183, 490.54395665739884, 495.3521470254929, 470.8519339472371, 456.7412667213776, 457.17967843148824, 428.9795490529835, 421.45092778521445, 421.27684047793315, 404.32701549994545, 439.306562517383, 463.7248386705222, 447.5101588726587, 484.93189637698737, 446.43106727973407, 424.9477697638879, 402.74197331767306, 388.49157153499283, 375.4056507948597, 311.2988081571352, 262.9935757609261, 234.5018615033713, 277.3004351454878, 235.801513688802, 210.60292524785893, 189.77457345304504, 170.6760152369108, 163.9726523953403, 153.40131256666513, 147.51287917506195, 140.50970349301093, 138.34414271128338, 133.73009234635222, 132.02296194392608, 129.6735224370506]"
