id,fecha,angulo,ultrasonico,infrarrojo,kalman
92,2026-05-03T17:38:05.486085,"[0, 3, 6, 9, 12, 15, 18, 21, 24, 27, 30, 33, 36, 39, 42, 45, 48, 51, 54, 57, 60, 63, 66, 69, 72, 75, 78, 81, 84, 87, 90, 93, 96, 99, 102, 105, 108, 111, 114, 117, 120, 123, 126, 129, 132, 135, 138, 141, 144, 147, 150, 153, 156, 159, 162, 165, 168, 171, 174, 177, 180]","[186.0, 182.0, 187.0, 187.0, 205.0, 209.0, 488.0, 213.0, 211.0, 211.0, 344.0, 349.0, 339.0, 343.0, 348.0, 348.0, 348.0, 344.0, 349.0, 367.0, 609.0, 622.0, 1567.0, 689.0, 538.0, 581.0, 604.0, 652.0, 674.0, 750.0, 746.0, 643.0, 836.0, 983.0, 554.0, 609.0, 799.0, 250.0, 706.0, 573.0, 764.0, 644.0, 512.0, 525.0, 515.0, 204.0, 183.0, 166.0, 153.0, 183.0, 141.0, 153.0, 144.0, 143.0, 133.0, 141.0, 136.0, 118.0, 122.0, 121.0, 121.0]","[180.93, 181.93, 180.93, 184.93, 180.93, 183.93, 191.93, 193.93, 199.93, 205.93, 216.93, 226.93, 236.93, 262.93, 267.93, 274.93, 286.93, 276.93, 288.93, 272.93, 258.93, 237.93, 210.93, 209.93, 213.93, 217.93, 223.93, 226.93, 235.93, 226.93, 225.93, 233.93, 223.93, 228.93, 225.93, 242.93, 302.93, 322.93, 293.93, 247.93, 233.93, 222.93, 211.93, 205.93, 189.93, 188.93, 175.93, 169.93, 162.93, 154.93, 150.93, 146.93, 142.93, 137.93, 134.93, 132.93, 134.93, 132.93, 130.93, 130.93, 132.93]","[174.81099056603773, 178.64192813321648, 180.89782244217756, 182.8444239668599, 186.57638846527757, 190.16150343562967, 244.0938229932259, 229.5087761956152, 220.88773390991673, 216.43566850618583, 239.37790213789737, 256.7856105235772, 267.95613047648203, 280.4984467524398, 290.33858735220144, 297.90729726743103, 304.9139971429829, 306.9026864993374, 311.2241021217894, 314.35559510161784, 357.20657063899563, 383.27282891504314, 564.4408776501612, 523.2498991155427, 470.4839691049086, 445.0408858393253, 433.9077145075293, 435.89865410113424, 442.7293168421361, 459.11447152960324, 468.73387659910634, 457.8898224373363, 483.7113003719111, 527.5096136625219, 478.2332146745738, 459.507731123387, 492.27298998382696, 418.5407197094492, 447.7115844642692, 434.3677136420881, 457.51018044868385, 448.8958125430556, 417.75219092710427, 399.01990898980836, 382.3412604470315, 315.74968315234986, 266.9246638067132, 231.47161517322004, 205.13731387941502, 192.17830862594442, 175.62204099926427, 166.4302118504193, 158.2027508699369, 151.84806735495513, 145.4413231092431, 142.40461619386642, 139.91844616301964, 134.74038966982096, 131.77566868008205, 129.69395264161173, 128.71628470095936]"
