id,fecha,angulo,ultrasonico,infrarrojo,kalman
94,2026-05-03T17:39:29.004437,"[0, 3, 6, 9, 12, 15, 18, 21, 24, 27, 30, 33, 36, 39, 42, 45, 48, 51, 54, 57, 60, 63, 66, 69, 72, 75, 78, 81, 84, 87, 90, 93, 96, 99, 102, 105, 108, 111, 114, 117, 120, 123, 126, 129, 132, 135, 138, 141, 144, 147, 150, 153, 156, 159, 162, 165, 168, 171, 174, 177, 180]","[172.0, 177.0, 176.0, 176.0, 206.0, 206.0, 189.0, 189.0, 208.0, 542.0, 330.0, 526.0, 371.0, 302.0, 297.0, 295.0, 295.0, 289.0, 289.0, 283.0, 283.0, 283.0, 283.0, 282.0, 283.0, 283.0, 282.0, 283.0, 283.0, 279.0, 289.0, 285.0, 290.0, 294.0, 288.0, 292.0, 302.0, 302.0, 253.0, 249.0, 294.0, 370.0, 362.0, 300.0, 354.0, 381.0, 165.0, 215.0, 170.0, 143.0, 142.0, 140.0, 149.0, 126.0, 138.0, 141.0, 136.0, 127.0, 118.0, 117.0, 121.0]","[171.93, 171.93, 171.93, 174.93, 176.93, 180.93, 184.93, 183.93, 189.93, 195.93, 201.93, 218.93, 227.93, 237.93, 273.93, 326.93, 288.93, 265.93, 249.93, 268.93, 273.93, 285.93, 285.93, 276.93, 281.93, 267.93, 264.93, 273.93, 273.93, 274.93, 261.93, 262.93, 276.93, 267.93, 284.93, 269.93, 278.93, 260.93, 238.93, 244.93, 229.93, 221.93, 214.93, 204.93, 199.93, 186.93, 182.93, 172.93, 166.93, 156.93, 150.93, 143.93, 141.93, 140.93, 136.93, 133.93, 133.93, 133.93, 132.93, 130.93, 130.93]","[163.8534433962264, 169.53588080631025, 171.41292192707806, 172.9695639166024, 179.78975978489794, 184.74771654618553, 185.5459838932331, 185.87589482683777, 190.56907314715357, 254.5026919356921, 258.60973074798096, 299.401616094525, 299.4243244025673, 288.87019429320094, 287.6502527041492, 296.0029513838073, 294.55632373815376, 288.4332258980745, 281.63771459573314, 279.6054215543751, 279.1968568920031, 281.08420905304115, 282.2954030047446, 281.2813897021674, 281.7054270509407, 279.469746822531, 277.3185008202466, 277.72924282983007, 277.9928334053584, 277.62460430770585, 276.8509097173528, 275.8170107162291, 278.5569607685624, 279.41965905086744, 281.9437057755716, 281.593077023164, 284.77151058559735, 283.5869281396898, 270.10858760462696, 261.8172221599852, 261.8701646897742, 274.0848975203679, 279.23667808381833, 269.6455217621914, 272.26778024564453, 276.45839776469563, 239.73936219217165, 223.34035044799367, 203.68084077127705, 184.43673421314753, 170.833073004413, 160.49086733383092, 155.10773662324956, 147.3540624033711, 143.81123094214922, 141.53764566935718, 139.1829456066976, 136.05967560264742, 132.2640528716488, 129.29085436073655, 128.0993418609628]"
