id,fecha,angulo,ultrasonico,infrarrojo,kalman
95,2026-05-03T17:39:47.131169,"[0, 3, 6, 9, 12, 15, 18, 21, 24, 27, 30, 33, 36, 39, 42, 45, 48, 51, 54, 57, 60, 63, 66, 69, 72, 75, 78, 81, 84, 87, 90, 93, 96, 99, 102, 105, 108, 111, 114, 117, 120, 123, 126, 129, 132, 135, 138, 141, 144, 147, 150, 153, 156, 159, 162, 165, 168, 171, 174, 177, 180]","[177.0, 172.0, 172.0, 176.0, 172.0, 206.0, 189.0, 189.0, 220.0, 237.0, 531.0, 535.0, 312.0, 312.0, 297.0, 301.0, 291.0, 291.0, 285.0, 289.0, 284.0, 283.0, 283.0, 283.0, 283.0, 278.0, 283.0, 283.0, 283.0, 283.0, 284.0, 285.0, 285.0, 290.0, 295.0, 296.0, 297.0, 308.0, 313.0, 310.0, 438.0, 308.0, 349.0, 346.0, 380.0, 178.0, 178.0, 173.0, 161.0, 157.0, 154.0, 166.0, 144.0, 134.0, 129.0, 128.0, 136.0, 118.0, 131.0, 118.0, 126.0]","[171.93, 172.93, 172.93, 171.93, 177.93, 180.93, 183.93, 182.93, 188.93, 195.93, 202.93, 220.93, 224.93, 243.93, 281.93, 341.93, 280.93, 240.93, 262.93, 266.93, 263.93, 285.93, 285.93, 283.93, 267.93, 265.93, 276.93, 260.93, 267.93, 270.93, 274.93, 274.93, 276.93, 277.93, 266.93, 268.93, 269.93, 242.93, 240.93, 244.93, 238.93, 230.93, 212.93, 210.93, 199.93, 190.93, 180.93, 173.93, 162.93, 157.93, 147.93, 143.93, 143.93, 139.93, 135.93, 133.93, 131.93, 131.93, 132.93, 130.93, 130.93]","[166.23551886792453, 169.57137598597723, 170.79768104231897, 172.01443491403975, 173.10245639770008, 180.4848942300203, 182.6378544931086, 183.83224235240155, 191.23024317820168, 200.27388756699497, 260.00067771999477, 302.2647480703744, 290.15544232181963, 285.7880809866765, 287.1053704091581, 299.4149883979424, 294.59642492335286, 284.3389973073038, 280.622433811537, 279.6703879872823, 277.62638951339983, 280.07637350506286, 281.6486321718505, 282.2993596961746, 279.8508986009679, 277.02571573423285, 278.07873657144506, 275.8884441667356, 275.7367420887413, 276.17677478274555, 277.3548063570365, 278.2899279874785, 279.2482927849106, 280.9380888478111, 280.94772997178666, 281.49130344436287, 282.19839517530727, 279.7861053853484, 278.7754230267026, 278.30595405814506, 299.8583876404472, 288.96972645564347, 286.10197261116764, 283.3659693651864, 285.73012204144163, 249.45112554420106, 224.3780663083228, 206.13807491713555, 190.3127364601762, 178.544786232522, 168.6641190496509, 163.75630595469232, 156.66592078622077, 149.60791678852428, 143.46633708580254, 138.9876384459979, 137.18824020387962, 132.809171877077, 132.50674091215888, 129.62572635845564, 129.20988735442586]"
