id,fecha,angulo,ultrasonico,infrarrojo,kalman
99,2026-05-03T17:40:56.152266,"[0, 3, 6, 9, 12, 15, 18, 21, 24, 27, 30, 33, 36, 39, 42, 45, 48, 51, 54, 57, 60, 63, 66, 69, 72, 75, 78, 81, 84, 87, 90, 93, 96, 99, 102, 105, 108, 111, 114, 117, 120, 123, 126, 129, 132, 135, 138, 141, 144, 147, 150, 153, 156, 159, 162, 165, 168, 171, 174, 177, 180]","[171.0, 176.0, 176.0, 176.0, 185.0, 198.0, 197.0, 189.0, 194.0, 241.0, 543.0, 400.0, 535.0, 321.0, 297.0, 297.0, 292.0, 295.0, 290.0, 284.0, 284.0, 284.0, 283.0, 283.0, 279.0, 283.0, 283.0, 283.0, 279.0, 284.0, 284.0, 285.0, 285.0, 299.0, 296.0, 338.0, 307.0, 313.0, 306.0, 303.0, 459.0, 362.0, 333.0, 342.0, 216.0, 170.0, 161.0, 195.0, 161.0, 153.0, 134.0, 137.0, 136.0, 88.0, 134.0, 128.0, 128.0, 119.0, 131.0, 126.0, 117.0]","[171.93, 171.93, 172.93, 173.93, 172.93, 179.93, 178.93, 185.93, 190.93, 196.93, 199.93, 206.93, 219.93, 229.93, 269.93, 321.93, 310.93, 274.93, 256.93, 269.93, 270.93, 273.93, 285.93, 270.93, 268.93, 279.93, 277.93, 275.93, 261.93, 272.93, 259.93, 271.93, 261.93, 263.93, 267.93, 266.93, 266.93, 239.93, 240.93, 238.93, 234.93, 216.93, 215.93, 205.93, 195.93, 183.93, 180.93, 175.93, 165.93, 158.93, 155.93, 149.93, 143.93, 141.93, 138.93, 136.93, 133.93, 131.93, 130.93, 130.93, 130.93]","[163.37702830188678, 169.0468361086766, 171.34302999697, 172.73444212922647, 175.03196162840553, 180.08338308156868, 182.92092620989442, 184.55217033654648, 187.38936356997056, 198.70545546812357, 260.6066145196013, 275.96184891621584, 312.3269924775263, 299.12077432459427, 293.5119518719325, 299.2272616861437, 300.0289489282299, 294.6321736661944, 287.0488725888992, 283.43624873016046, 281.29700363082156, 280.46154567116616, 281.89581349342427, 280.1293122331874, 277.92090071365413, 279.1906011103297, 279.647164159155, 279.58190247024436, 276.3157031498727, 277.085705015529, 275.2511736825566, 276.40255128782616, 275.35015130318044, 277.5408421351367, 279.12583017886755, 287.48726443303144, 287.3001592466196, 283.41838142982806, 279.8525071905154, 276.66849046556683, 301.852747115396, 297.4147429423083, 289.1928238152485, 283.73734066649064, 255.87481092533113, 227.60477385386594, 207.3131461362004, 199.48588240346092, 186.58112862251076, 175.6126687948459, 164.63290946169874, 157.04934566664798, 150.92874951169227, 138.0444640216854, 137.47860908017066, 135.68244567670772, 133.99238505434295, 130.93738481062107, 130.94727816124913, 130.05798322038805, 127.87512586087445]"
