id,fecha,angulo,ultrasonico,infrarrojo,kalman
1,2026-05-11T12:40:00.261753,"[0, 3, 6, 9, 12, 15, 18, 21, 24, 27, 30, 33, 36, 39, 42, 45, 48, 51, 54, 57, 60, 63, 66, 69, 72, 75, 78, 81, 84, 87, 90, 93, 96, 99, 102, 105, 108, 111, 114, 117, 120, 123, 126, 129, 132, 135, 138, 141, 144, 147, 150, 153, 156, 159, 162, 165, 168, 171, 174, 177, 180]","[640.0, 636.0, 1630.0, 723.0, 882.0, 1507.0, 614.0, 639.0, 1450.0, 805.0, 583.0, 1431.0, 568.0, 576.0, 567.0, 576.0, 906.0, 579.0, 505.0, 829.0, 406.0, 389.0, 389.0, 377.0, 373.0, 369.0, 348.0, 298.0, 339.0, 349.0, 310.0, 276.0, 275.0, 278.0, 272.0, 272.0, 272.0, 272.0, 266.0, 266.0, 271.0, 266.0, 267.0, 266.0, 267.0, 267.0, 267.0, 273.0, 269.0, 269.0, 279.0, 279.0, 280.0, 314.0, 273.0, 285.0, 290.0, 215.0, 209.0, 209.0, 204.0]","[6681.93, 6681.93, 6681.93, 6681.93, 6681.93, 6681.93, 6681.93, 6681.93, 6681.93, 6681.93, 6681.93, 6681.93, 6681.93, 6681.93, 6496.93, 6496.93, 6681.93, 6681.93, 6978.93, 7192.93, 7083.93, 7083.93, 7083.93, 7192.93, 7192.93, 7083.93, 574.93, 288.93, 303.93, 298.93, 294.93, 289.93, 285.93, 278.93, 263.93, 255.93, 263.93, 262.93, 250.93, 249.93, 247.93, 256.93, 254.93, 245.93, 245.93, 243.93, 251.93, 254.93, 269.93, 264.93, 262.93, 253.93, 244.93, 244.93, 248.93, 247.93, 244.93, 239.93, 226.93, 221.93, 217.93]","[3488.2779716981127, 3579.6800525854514, 3823.907063932936, 3777.254010213221, 3778.991188668192, 3893.366182547598, 3805.016742778133, 3753.1251599615016, 3865.295788554979, 3821.6340114640366, 3753.853206079443, 3862.2724798048926, 3777.253241691246, 3724.12733238281, 3655.2834424494076, 3612.715764800042, 3677.6497200341905, 3660.74543211873, 3689.842960505108, 3804.887367425042, 3783.4197252872546, 3766.597839392142, 3755.802521553207, 3766.2502002164924, 3772.2384037649526, 3755.8397353807286, 2575.6050495613918, 1758.0111021244215, 1243.3575871005269, 913.9782334314093, 694.8989887072772, 547.3205191202176, 451.71750943368096, 389.64848649494763, 346.0544563755155, 316.64528725320855, 299.205205859527, 287.8340368530033, 277.3123570916201, 270.3810199638131, 266.4702731830122, 264.6770961778048, 263.3472096234106, 260.7024771462206, 259.1843688830225, 257.85187682693333, 258.4297904142132, 260.4128211470658, 263.65583274155733, 264.8413669606214, 267.035204849792, 266.83092464619097, 265.26679909384575, 270.3534120416946, 266.98994236221404, 266.80187778740196, 267.03944633956587, 252.8616013798196, 240.35962978582918, 231.44094022526565, 224.10527964702513]"
