id,fecha,angulo,ultrasonico,infrarrojo,kalman
12,2026-05-11T12:44:35.235766,"[0, 3, 6, 9, 12, 15, 18, 21, 24, 27, 30, 33, 36, 39, 42, 45, 48, 51, 54, 57, 60, 63, 66, 69, 72, 75, 78, 81, 84, 87, 90, 93, 96, 99, 102, 105, 108, 111, 114, 117, 120, 123, 126, 129, 132, 135, 138, 141, 144, 147, 150, 153, 156, 159, 162, 165, 168, 171, 174, 177, 180]","[519.0, 439.0, 498.0, 713.0, 600.0, 642.0, 857.0, 802.0, 644.0, 686.0, 1391.0, 622.0, 651.0, 728.0, 604.0, 660.0, 727.0, 759.0, 633.0, 698.0, 626.0, 659.0, 323.0, 326.0, 312.0, 302.0, 304.0, 300.0, 299.0, 298.0, 298.0, 292.0, 292.0, 292.0, 292.0, 292.0, 287.0, 287.0, 292.0, 292.0, 288.0, 293.0, 297.0, 294.0, 299.0, 304.0, 310.0, 311.0, 295.0, 281.0, 267.0, 253.0, 252.0, 251.0, 91.0, 236.0, 234.0, 234.0, 229.0, 228.0, 223.0]","[225.93, 224.93, 224.93, 234.93, 233.93, 234.93, 233.93, 234.93, 235.93, 237.93, 234.93, 239.93, 240.93, 241.93, 238.93, 230.93, 225.93, 223.93, 221.93, 219.93, 229.93, 228.93, 246.93, 286.93, 309.93, 300.93, 293.93, 290.93, 285.93, 283.93, 282.93, 294.93, 291.93, 286.93, 277.93, 275.93, 280.93, 267.93, 265.93, 263.93, 260.93, 259.93, 253.93, 237.93, 206.93, 204.93, 207.93, 212.93, 222.93, 232.93, 245.93, 275.93, 280.93, 269.93, 258.93, 264.93, 248.93, 242.93, 237.93, 234.93, 240.93]","[354.89589622641506, 342.61651183172654, 350.6044177355823, 397.9944874107432, 404.98986783850387, 417.12627313921666, 463.33083703400285, 483.12305073264326, 467.6484689819493, 465.61162461168425, 590.0711825205815, 533.0668717149067, 501.8612191262803, 495.8079609938709, 469.17392423691945, 460.68000844804567, 466.335105053972, 475.3380826947234, 458.18718643916264, 458.4658440484054, 447.5386855753908, 446.2583856565549, 388.4738091411915, 359.0935324603489, 341.85112138788, 327.38248769470573, 317.2017076210449, 309.4143675795829, 303.34212834593467, 298.9079284273553, 295.88318540953736, 295.01685218212583, 293.9235030368971, 292.32621057530935, 289.68900116605363, 287.6383344205133, 286.3223345590757, 283.149127407732, 281.65013209217807, 280.32990562556415, 278.2287587908286, 277.59687885324985, 276.8331171168255, 272.93953189355824, 265.78350464556, 261.7285646809172, 260.738496715188, 261.1779008009831, 260.38511233848806, 259.15983120469946, 258.19438752710295, 260.44088191089173, 262.59906781585005, 261.83452186700487, 230.71285809968822, 237.7892124492258, 239.10609116314828, 238.87641540121368, 236.9377348720439, 234.97708617829173, 233.8979835049457]"
