id,fecha,angulo,ultrasonico,infrarrojo,kalman
13,2026-05-11T12:44:49.183543,"[0, 3, 6, 9, 12, 15, 18, 21, 24, 27, 30, 33, 36, 39, 42, 45, 48, 51, 54, 57, 60, 63, 66, 69, 72, 75, 78, 81, 84, 87, 90, 93, 96, 99, 102, 105, 108, 111, 114, 117, 120, 123, 126, 129, 132, 135, 138, 141, 144, 147, 150, 153, 156, 159, 162, 165, 168, 171, 174, 177, 180]","[567.0, 502.0, 723.0, 939.0, 706.0, 699.0, 769.0, 1506.0, 704.0, 739.0, 814.0, 705.0, 745.0, 643.0, 785.0, 1436.0, 639.0, 677.0, 714.0, 577.0, 474.0, 717.0, 607.0, 312.0, 312.0, 306.0, 300.0, 299.0, 298.0, 298.0, 293.0, 292.0, 292.0, 292.0, 287.0, 292.0, 292.0, 292.0, 287.0, 292.0, 293.0, 297.0, 298.0, 298.0, 295.0, 305.0, 309.0, 306.0, 312.0, 285.0, 328.0, 249.0, 251.0, 251.0, 228.0, 231.0, 234.0, 229.0, 223.0, 229.0, 227.0]","[232.93, 232.93, 225.93, 225.93, 224.93, 224.93, 225.93, 224.93, 224.93, 235.93, 240.93, 236.93, 248.93, 248.93, 245.93, 237.93, 232.93, 230.93, 229.93, 227.93, 228.93, 236.93, 260.93, 293.93, 306.93, 293.93, 289.93, 285.93, 295.93, 295.93, 282.93, 279.93, 275.93, 287.93, 286.93, 270.93, 268.93, 265.93, 263.93, 274.93, 261.93, 269.93, 262.93, 246.93, 216.93, 206.93, 212.93, 218.93, 216.93, 226.93, 255.93, 274.93, 276.93, 265.93, 270.93, 252.93, 247.93, 251.93, 239.93, 243.93, 224.93]","[381.0987264150943, 373.7979316389132, 416.4601898798101, 480.23242063294606, 474.78693123047617, 470.138341543057, 479.97649692755334, 618.3602216588838, 563.180153324604, 536.0453199538625, 532.9709210741028, 510.7555379839889, 505.81485497837946, 484.37297980715255, 495.5119766616422, 617.8403116426144, 552.682059629195, 517.3159157391729, 501.06860499260665, 465.74311542364063, 424.80211473363306, 443.48986337964345, 440.077508963999, 390.95591468708113, 361.7611776386629, 339.62222922851754, 323.62343882315395, 312.46069226064924, 306.90924321360643, 303.34664280940274, 297.83605284164156, 293.58315830323653, 290.1373802864936, 290.07562374402545, 288.96121924187554, 286.2756419558751, 284.19393549155416, 282.3206297713008, 279.864548512073, 281.1544375112245, 279.83266859564736, 281.1339788161732, 280.894312091447, 277.8744472290455, 270.0252219157759, 264.9880409856615, 263.54675610015727, 263.1592087889279, 263.6270183744753, 260.8820422942053, 272.01774717461734, 268.41627440508535, 266.82157165556157, 263.8277666049244, 258.68219674981185, 252.6931344734448, 248.4914415222711, 245.61590809080383, 240.54623815203706, 239.0841036911556, 234.38408548880165]"
