id,fecha,angulo,ultrasonico,infrarrojo,kalman
14,2026-05-11T12:45:04.506195,"[0, 3, 6, 9, 12, 15, 18, 21, 24, 27, 30, 33, 36, 39, 42, 45, 48, 51, 54, 57, 60, 63, 66, 69, 72, 75, 78, 81, 84, 87, 90, 93, 96, 99, 102, 105, 108, 111, 114, 117, 120, 123, 126, 129, 132, 135, 138, 141, 144, 147, 150, 153, 156, 159, 162, 165, 168, 171, 174, 177, 180]","[496.0, 573.0, 619.0, 691.0, 720.0, 645.0, 973.0, 948.0, 893.0, 646.0, 712.0, 605.0, 638.0, 698.0, 732.0, 764.0, 829.0, 1217.0, 841.0, 785.0, 706.0, 709.0, 775.0, 318.0, 316.0, 311.0, 305.0, 300.0, 299.0, 299.0, 293.0, 298.0, 297.0, 287.0, 292.0, 287.0, 287.0, 292.0, 292.0, 288.0, 293.0, 298.0, 298.0, 299.0, 304.0, 305.0, 290.0, 307.0, 716.0, 285.0, 262.0, 261.0, 251.0, 250.0, 240.0, 231.0, 234.0, 224.0, 228.0, 228.0, 227.0]","[232.93, 232.93, 226.93, 227.93, 226.93, 227.93, 230.93, 239.93, 241.93, 248.93, 256.93, 265.93, 266.93, 251.93, 257.93, 249.93, 232.93, 227.93, 232.93, 232.93, 230.93, 234.93, 245.93, 275.93, 316.93, 316.93, 307.93, 300.93, 310.93, 305.93, 286.93, 297.93, 280.93, 278.93, 274.93, 284.93, 282.93, 267.93, 265.93, 265.93, 274.93, 271.93, 263.93, 233.93, 205.93, 205.93, 213.93, 219.93, 226.93, 240.93, 270.93, 302.93, 291.93, 278.93, 267.93, 261.93, 257.93, 251.93, 246.93, 242.93, 241.93]","[347.2732547169811, 377.0959158632778, 396.5350308049692, 420.71014063394125, 440.1635058997583, 438.822613012764, 497.55720566363635, 532.1659412473557, 544.8226335936852, 509.9315576473872, 500.80668156776966, 477.3961674969368, 468.46417400218485, 470.7931671067692, 479.45294440316013, 489.3093630699539, 504.2328205989278, 582.4161729710734, 566.1329443080831, 545.6520945411213, 517.9992331060788, 501.5071205052267, 504.7163486516513, 430.2878553211965, 389.50995579751765, 362.44540353949, 342.3900002261101, 327.37005154340363, 319.3432722329089, 313.29650344542125, 304.93781572836355, 302.4397517129766, 297.61231991472687, 292.36480668245156, 289.17638357141567, 288.0258810984022, 286.9292972755736, 284.4342850603819, 282.47487228777095, 280.50091883372306, 281.74195213288885, 282.89663342812804, 282.2046111310105, 276.56577630240906, 268.8271346850902, 264.04004878953714, 259.71407115865696, 261.0578698087074, 336.4378168755808, 310.1156240777411, 294.47745758868416, 289.9947749445456, 283.35634280961256, 276.5883762501329, 268.48338046097615, 260.59512899279775, 255.35377453843117, 249.1241144357861, 244.9471484355505, 241.55009698343383, 239.01180735850835]"
