id,fecha,angulo,ultrasonico,infrarrojo,kalman
2,2026-05-11T12:40:35.081541,"[0, 3, 6, 9, 12, 15, 18, 21, 24, 27, 30, 33, 36, 39, 42, 45, 48, 51, 54, 57, 60, 63, 66, 69, 72, 75, 78, 81, 84, 87, 90, 93, 96, 99, 102, 105, 108, 111, 114, 117, 120, 123, 126, 129, 132, 135, 138, 141, 144, 147, 150, 153, 156, 159, 162, 165, 168, 171, 174, 177, 180]","[535.0, 466.0, 701.0, 627.0, 849.0, 776.0, 954.0, 761.0, 503.0, 584.0, 545.0, 698.0, 647.0, 672.0, 568.0, 810.0, 559.0, 1423.0, 531.0, 403.0, 394.0, 394.0, 389.0, 381.0, 377.0, 374.0, 361.0, 302.0, 379.0, 350.0, 306.0, 280.0, 275.0, 274.0, 272.0, 272.0, 268.0, 267.0, 267.0, 267.0, 267.0, 267.0, 261.0, 267.0, 262.0, 267.0, 268.0, 268.0, 274.0, 270.0, 284.0, 284.0, 501.0, 309.0, 277.0, 220.0, 216.0, 214.0, 209.0, 204.0, 199.0]","[229.93, 235.93, 254.93, 265.93, 261.93, 265.93, 261.93, 274.93, 279.93, 277.93, 282.93, 298.93, 300.93, 275.93, 268.93, 272.93, 267.93, 275.93, 301.93, 328.93, 332.93, 323.93, 324.93, 337.93, 317.93, 306.93, 310.93, 299.93, 283.93, 284.93, 292.93, 288.93, 273.93, 281.93, 279.93, 275.93, 264.93, 254.93, 261.93, 268.93, 267.93, 266.93, 255.93, 255.93, 263.93, 261.93, 253.93, 255.93, 267.93, 271.93, 260.93, 243.93, 244.93, 248.93, 248.93, 239.93, 240.93, 234.93, 221.93, 217.93, 222.93]","[364.42419811320747, 357.21686240140224, 408.389388950611, 423.0164750702859, 471.85689594029407, 489.6610333980006, 532.2528785687746, 527.1237765615887, 478.48249660420583, 461.45315312494074, 444.4377591123367, 463.7945533156985, 467.4382801341102, 469.7765500044805, 451.3937241040142, 483.6624944966235, 458.5136933987074, 598.5749980525223, 533.3327051419922, 473.3719549988454, 433.9969556495517, 407.1161893645336, 389.14914609505905, 378.5145760477623, 367.39083039267774, 357.7444478372807, 349.9417957893858, 332.39548796749983, 332.062133609813, 326.83260000112375, 317.02795014176655, 305.362026768358, 294.2929330536808, 288.4433274429814, 283.9728721818885, 280.38747621818254, 275.39964372689633, 270.22832334876375, 268.1635691336185, 268.0924302384315, 267.867648606183, 267.54426791042334, 264.29155145603585, 263.2789180013422, 263.16645450116044, 263.63166825545414, 262.6763141676041, 262.4214804827705, 265.48226101995124, 267.4464937611222, 269.24441160876097, 267.3530224374395, 305.18931282862457, 295.79425425294966, 284.0329254159353, 264.66268186875385, 251.69458834107974, 241.9393822036392, 232.4547343814663, 224.75587437285648, 219.815189238818]"
