id,fecha,angulo,ultrasonico,infrarrojo,kalman
22,2026-05-11T12:47:45.673906,"[0, 3, 6, 9, 12, 15, 18, 21, 24, 27, 30, 33, 36, 39, 42, 45, 48, 51, 54, 57, 60, 63, 66, 69, 72, 75, 78, 81, 84, 87, 90, 93, 96, 99, 102, 105, 108, 111, 114, 117, 120, 123, 126, 129, 132, 135, 138, 141, 144, 147, 150, 153, 156, 159, 162, 165, 168, 171, 174, 177, 180]","[518.0, 552.0, 1511.0, 607.0, 691.0, 704.0, 740.0, 771.0, 680.0, 668.0, 727.0, 780.0, 961.0, 1359.0, 467.0, 448.0, 443.0, 441.0, 436.0, 436.0, 435.0, 434.0, 434.0, 433.0, 433.0, 432.0, 432.0, 423.0, 427.0, 432.0, 432.0, 432.0, 433.0, 437.0, 439.0, 435.0, 445.0, 429.0, 455.0, 456.0, 507.0, 450.0, 469.0, 496.0, 505.0, 858.0, 489.0, 457.0, 236.0, 238.0, 229.0, 223.0, 219.0, 218.0, 212.0, 208.0, 202.0, 207.0, 207.0, 207.0, 206.0]","[271.93, 271.93, 266.93, 278.93, 272.93, 270.93, 274.93, 271.93, 291.93, 294.93, 315.93, 315.93, 320.93, 298.93, 297.93, 255.93, 253.93, 258.93, 294.93, 367.93, 406.93, 416.93, 400.93, 379.93, 368.93, 386.93, 383.93, 380.93, 352.93, 347.93, 342.93, 327.93, 314.93, 298.93, 253.93, 221.93, 224.93, 227.93, 231.93, 233.93, 232.93, 243.93, 248.93, 279.93, 291.93, 292.93, 275.93, 265.93, 266.93, 256.93, 248.93, 235.93, 230.93, 226.93, 223.93, 226.93, 221.93, 212.93, 210.93, 208.93, 212.93]","[376.3345754716981, 395.41449605609114, 604.5790162609837, 542.4935481924713, 520.1736335694911, 508.3151222448236, 508.0090608669362, 512.8395109637618, 503.2034914990527, 495.41284037233305, 504.74754243534494, 520.2314246089869, 563.4861783273265, 658.5969143009762, 559.6701637796202, 485.2580920875996, 436.2508976122265, 405.3383128766573, 391.0533950476987, 394.96256030542025, 404.27813133606963, 411.86848747081456, 413.873480453915, 411.21933624916386, 407.5456426656525, 408.2332669594109, 408.13715829054706, 405.9259358627456, 400.20780977358964, 396.538245639273, 393.2876867091016, 388.51473334954227, 383.30218124292395, 377.8075199679197, 366.5788249423451, 352.92425865431994, 346.4902182988807, 340.03254740149634, 341.26224952684504, 342.58878791180615, 352.3965231165181, 350.45063884613523, 353.5009731789264, 365.84797166287484, 377.53326895910186, 448.44380984786767, 424.8064017935593, 402.1138651385555, 348.1427688667486, 312.0741960903091, 285.8822731912189, 265.6703580201645, 251.08735539041277, 240.83317991500468, 232.64048135986738, 227.20375029195574, 221.74435265020955, 217.52431039951412, 214.45787265922593, 212.13175188128733, 211.17636783384955]"
