id,fecha,angulo,ultrasonico,infrarrojo,kalman
27,2026-05-11T12:49:06.703082,"[0, 3, 6, 9, 12, 15, 18, 21, 24, 27, 30, 33, 36, 39, 42, 45, 48, 51, 54, 57, 60, 63, 66, 69, 72, 75, 78, 81, 84, 87, 90, 93, 96, 99, 102, 105, 108, 111, 114, 117, 120, 123, 126, 129, 132, 135, 138, 141, 144, 147, 150, 153, 156, 159, 162, 165, 168, 171, 174, 177, 180]","[554.0, 621.0, 823.0, 708.0, 737.0, 648.0, 1168.0, 1442.0, 725.0, 783.0, 663.0, 688.0, 742.0, 631.0, 467.0, 458.0, 448.0, 447.0, 445.0, 441.0, 439.0, 434.0, 433.0, 433.0, 432.0, 428.0, 432.0, 432.0, 432.0, 432.0, 432.0, 433.0, 433.0, 438.0, 435.0, 444.0, 445.0, 446.0, 451.0, 448.0, 449.0, 512.0, 465.0, 483.0, 501.0, 747.0, 489.0, 486.0, 231.0, 230.0, 224.0, 220.0, 214.0, 219.0, 213.0, 208.0, 213.0, 207.0, 207.0, 207.0, 206.0]","[235.93, 235.93, 244.93, 251.93, 240.93, 244.93, 251.93, 247.93, 249.93, 261.93, 267.93, 275.93, 286.93, 282.93, 267.93, 253.93, 247.93, 234.93, 253.93, 282.93, 372.93, 371.93, 359.93, 357.93, 362.93, 339.93, 339.93, 338.93, 334.93, 346.93, 320.93, 316.93, 309.93, 281.93, 238.93, 223.93, 224.93, 220.93, 223.93, 227.93, 229.93, 231.93, 244.93, 286.93, 295.93, 289.93, 283.93, 264.93, 256.93, 255.93, 248.93, 234.93, 232.93, 227.93, 232.93, 226.93, 221.93, 218.93, 212.93, 209.93, 206.93]","[376.3345754716981, 404.25016652059594, 459.22273911726086, 467.19106392904234, 475.22020734356175, 464.79501024071334, 553.0612158826406, 657.8496404072985, 596.7571906259398, 570.1323193172904, 532.6291619773731, 514.4772863537239, 514.4728845690281, 493.87004630424246, 448.58429759954794, 415.40267761654786, 391.2426024878618, 373.2302657072676, 364.71617838119477, 363.7305478536441, 378.86136032859633, 387.496671763787, 390.70964325093667, 392.4132858043001, 394.22310065487017, 390.548058445752, 388.9061430659618, 387.6733275148146, 386.165662327691, 387.34767502312565, 383.4488743197195, 380.4094621260273, 377.2050408643099, 371.0286657262565, 358.82509963505686, 349.91878076238305, 344.56147561168183, 340.5860792290737, 339.4679289702626, 338.92949329025186, 339.1213426225348, 350.8878314879312, 352.3485079694889, 364.0336131298119, 376.3689181042877, 427.27591503909105, 412.6550958082955, 399.3314624747077, 343.67025124739206, 307.5918327000593, 282.110106491017, 262.5330834547179, 248.53664683138, 239.55453957431814, 233.6112114473721, 227.8267089776748, 224.11454830351246, 220.12013822732249, 216.48198308811024, 213.60983821227666, 211.05014583990726]"
