id,fecha,angulo,ultrasonico,infrarrojo,kalman
30,2026-05-11T12:50:01.211899,"[0, 3, 6, 9, 12, 15, 18, 21, 24, 27, 30, 33, 36, 39, 42, 45, 48, 51, 54, 57, 60, 63, 66, 69, 72, 75, 78, 81, 84, 87, 90, 93, 96, 99, 102, 105, 108, 111, 114, 117, 120, 123, 126, 129, 132, 135, 138, 141, 144, 147, 150, 153, 156, 159, 162, 165, 168, 171, 174, 177, 180]","[534.0, 574.0, 793.0, 826.0, 571.0, 737.0, 796.0, 653.0, 533.0, 622.0, 940.0, 671.0, 703.0, 753.0, 456.0, 453.0, 457.0, 442.0, 442.0, 435.0, 435.0, 434.0, 429.0, 433.0, 433.0, 428.0, 427.0, 432.0, 432.0, 432.0, 432.0, 424.0, 438.0, 434.0, 439.0, 444.0, 445.0, 442.0, 451.0, 453.0, 463.0, 460.0, 469.0, 509.0, 501.0, 502.0, 368.0, 241.0, 273.0, 235.0, 234.0, 220.0, 219.0, 218.0, 209.0, 212.0, 208.0, 207.0, 208.0, 207.0, 206.0]","[238.93, 234.93, 242.93, 253.93, 256.93, 256.93, 257.93, 256.93, 257.93, 251.93, 260.93, 280.93, 283.93, 267.93, 266.93, 255.93, 233.93, 240.93, 248.93, 269.93, 336.93, 360.93, 347.93, 367.93, 360.93, 331.93, 326.93, 344.93, 333.93, 313.93, 307.93, 317.93, 309.93, 271.93, 233.93, 225.93, 223.93, 226.93, 230.93, 223.93, 224.93, 227.93, 240.93, 267.93, 274.93, 269.93, 262.93, 258.93, 252.93, 248.93, 243.93, 237.93, 232.93, 227.93, 224.93, 220.93, 217.93, 214.93, 220.93, 216.93, 213.93]","[368.2355188679245, 387.636231375986, 442.86898697101304, 480.1692877491106, 455.75644299465546, 470.6966005797431, 490.95437405049626, 478.03480941455484, 448.4289017279429, 444.3204630666267, 500.2683288816391, 491.560970743609, 492.243119982468, 498.77131085046824, 449.5800857329447, 415.5043292627677, 390.4121920961695, 372.8764850442373, 363.0561118879378, 359.26176570202347, 368.82840170897964, 379.0876798951196, 382.44717581557427, 388.90219772442566, 391.790757672644, 387.5540904704036, 383.76046865494095, 385.44590262030476, 384.55710047738455, 380.4041427349801, 376.66424083111826, 374.6224446629895, 374.38691013594894, 366.71234867668954, 355.8760070560924, 348.3844804924715, 343.3977212425974, 340.1975062412429, 340.4724666898582, 339.75327655270627, 341.2621583583213, 342.23047183560055, 346.79271294445135, 361.7221252202945, 371.12383375544874, 376.44079390270156, 354.59575418105607, 317.110994493661, 297.7127821084407, 277.74071718550135, 263.8490229911755, 251.3515577001289, 242.25663124062132, 235.34525832075124, 228.76039164805792, 224.3554745202284, 220.27475080321, 216.93946210784242, 216.05296732727788, 214.58842208842995, 212.93204612827685]"
