id,fecha,angulo,ultrasonico,infrarrojo,kalman
31,2026-05-11T12:51:05.923462,"[0, 3, 6, 9, 12, 15, 18, 21, 24, 27, 30, 33, 36, 39, 42, 45, 48, 51, 54, 57, 60, 63, 66, 69, 72, 75, 78, 81, 84, 87, 90, 93, 96, 99, 102, 105, 108, 111, 114, 117, 120, 123, 126, 129, 132, 135, 138, 141, 144, 147, 150, 153, 156, 159, 162, 165, 168, 171, 174, 177, 180]","[275.0, 275.0, 274.0, 274.0, 289.0, 289.0, 383.0, 781.0, 525.0, 514.0, 576.0, 783.0, 498.0, 522.0, 463.0, 447.0, 428.0, 435.0, 431.0, 434.0, 428.0, 427.0, 422.0, 422.0, 422.0, 422.0, 421.0, 421.0, 421.0, 421.0, 421.0, 421.0, 426.0, 427.0, 427.0, 436.0, 437.0, 433.0, 456.0, 453.0, 453.0, 581.0, 746.0, 560.0, 543.0, 650.0, 660.0, 615.0, 607.0, 230.0, 220.0, 219.0, 213.0, 213.0, 212.0, 208.0, 207.0, 207.0, 206.0, 206.0, 206.0]","[263.93, 263.93, 264.93, 266.93, 268.93, 261.93, 273.93, 278.93, 274.93, 280.93, 285.93, 288.93, 294.93, 294.93, 304.93, 317.93, 318.93, 327.93, 294.93, 295.93, 307.93, 334.93, 337.93, 317.93, 316.93, 334.93, 330.93, 307.93, 303.93, 304.93, 299.93, 284.93, 248.93, 215.93, 212.93, 215.93, 218.93, 214.93, 216.93, 225.93, 226.93, 223.93, 232.93, 268.93, 284.93, 281.93, 264.93, 270.93, 264.93, 257.93, 250.93, 238.93, 239.93, 234.93, 221.93, 217.93, 214.93, 217.93, 216.93, 209.93, 206.93]","[256.7543867924528, 263.5608588957055, 266.0630077769922, 267.75407241310677, 271.8881042717297, 273.1849074050899, 293.08687022557126, 378.12203377600383, 385.9539622522178, 390.07929354318526, 404.7289768655926, 451.7480111553931, 431.9419793652276, 423.5310907986884, 409.35618166710265, 399.7221961576296, 390.3153503963616, 387.144644474097, 378.48210280081366, 373.6394981716159, 371.6065662082357, 374.95929598013703, 376.7526273419385, 374.3209084644059, 372.5812424992625, 374.6891431614733, 375.1462285315124, 371.31959755843343, 368.1473709582355, 366.290747334501, 364.20362925394153, 360.17730525295786, 352.04044997538756, 341.08656358096925, 333.51960354850416, 330.81310964271427, 329.79275280445853, 327.70491624911216, 330.843282562283, 333.93207809639716, 336.0934180345386, 359.87153967306176, 406.29937779231307, 409.22477375785815, 410.9229956902271, 430.6422103744118, 442.0429656402443, 442.3732914289618, 440.07747251700255, 369.8186947652917, 321.6854666259267, 288.4676576100258, 266.2547361923911, 251.1041180894956, 238.8735206180302, 229.59159699218847, 222.9184776257933, 219.17344013880012, 216.4118331100714, 213.3856912101224, 210.9063011979545]"
