id,fecha,angulo,ultrasonico,infrarrojo,kalman
32,2026-05-11T12:51:29.496118,"[0, 3, 6, 9, 12, 15, 18, 21, 24, 27, 30, 33, 36, 39, 42, 45, 48, 51, 54, 57, 60, 63, 66, 69, 72, 75, 78, 81, 84, 87, 90, 93, 96, 99, 102, 105, 108, 111, 114, 117, 120, 123, 126, 129, 132, 135, 138, 141, 144, 147, 150, 153, 156, 159, 162, 165, 168, 171, 174, 177, 180]","[270.0, 275.0, 275.0, 275.0, 275.0, 285.0, 299.0, 316.0, 407.0, 465.0, 630.0, 503.0, 397.0, 455.0, 389.0, 444.0, 437.0, 437.0, 434.0, 430.0, 428.0, 428.0, 423.0, 423.0, 422.0, 422.0, 422.0, 421.0, 421.0, 417.0, 426.0, 426.0, 427.0, 415.0, 436.0, 442.0, 437.0, 442.0, 408.0, 466.0, 556.0, 468.0, 465.0, 701.0, 581.0, 615.0, 532.0, 246.0, 228.0, 235.0, 258.0, 220.0, 223.0, 209.0, 212.0, 214.0, 212.0, 207.0, 207.0, 207.0, 206.0]","[266.93, 266.93, 256.93, 267.93, 257.93, 261.93, 276.93, 282.93, 285.93, 293.93, 300.93, 302.93, 307.93, 309.93, 311.93, 327.93, 340.93, 313.93, 325.93, 321.93, 326.93, 337.93, 341.93, 324.93, 340.93, 318.93, 316.93, 337.93, 337.93, 311.93, 303.93, 266.93, 226.93, 202.93, 206.93, 210.93, 221.93, 215.93, 226.93, 227.93, 229.93, 235.93, 236.93, 261.93, 280.93, 277.93, 285.93, 277.93, 257.93, 259.93, 250.93, 242.93, 237.93, 226.93, 221.93, 218.93, 217.93, 214.93, 218.93, 216.93, 213.93]","[255.80155660377358, 263.9215074496056, 264.78753055246943, 267.35274009155825, 267.0253857498025, 269.3600671528094, 276.05822311495103, 284.46085235938153, 306.6928168540413, 332.772947144803, 380.3175959276729, 388.431671950543, 375.5460307173517, 378.0248282971569, 368.1512710690252, 374.53318498099884, 379.70349551697154, 378.1850219836888, 378.82271265611956, 377.7989154163288, 377.6792876884857, 379.5729341497253, 380.60903863555035, 378.2287614990466, 379.3881684393675, 376.19137580132906, 373.7816007549979, 375.8177215550665, 377.12438666604345, 372.58906556773127, 369.8576863677533, 361.4770794056599, 349.1128657195437, 334.72958892642214, 329.97744953728375, 328.71908790308055, 328.9863165579803, 328.97867973972825, 324.8538168202227, 332.77531556488134, 354.33872561931315, 353.4883204482886, 352.58432179742624, 398.7568003252228, 410.29563165853693, 423.25358165074, 418.13458911700667, 362.1856516908239, 319.47395078238975, 293.6761990931637, 279.6284902090394, 262.3735552683246, 250.94207381177912, 239.12778749889466, 231.18780111629354, 225.91324617220334, 221.99095410831043, 218.04082258809729, 216.22237072449477, 214.6971354362956, 213.00181209636443]"
