id,fecha,angulo,ultrasonico,infrarrojo,kalman
36,2026-05-11T12:52:40.239757,"[0, 3, 6, 9, 12, 15, 18, 21, 24, 27, 30, 33, 36, 39, 42, 45, 48, 51, 54, 57, 60, 63, 66, 69, 72, 75, 78, 81, 84, 87, 90, 93, 96, 99, 102, 105, 108, 111, 114, 117, 120, 123, 126, 129, 132, 135, 138, 141, 144, 147, 150, 153, 156, 159, 162, 165, 168, 171, 174, 177, 180]","[276.0, 271.0, 275.0, 275.0, 280.0, 295.0, 299.0, 326.0, 743.0, 623.0, 678.0, 556.0, 439.0, 443.0, 448.0, 443.0, 437.0, 437.0, 436.0, 431.0, 430.0, 424.0, 423.0, 423.0, 422.0, 422.0, 422.0, 422.0, 422.0, 422.0, 422.0, 422.0, 426.0, 432.0, 432.0, 437.0, 437.0, 447.0, 448.0, 449.0, 471.0, 590.0, 612.0, 683.0, 590.0, 560.0, 683.0, 360.0, 235.0, 235.0, 224.0, 215.0, 219.0, 213.0, 212.0, 208.0, 202.0, 207.0, 207.0, 206.0, 207.0]","[255.93, 263.93, 257.93, 267.93, 270.93, 274.93, 265.93, 281.93, 275.93, 282.93, 302.93, 303.93, 291.93, 293.93, 298.93, 311.93, 350.93, 345.93, 306.93, 296.93, 317.93, 330.93, 336.93, 329.93, 324.93, 322.93, 301.93, 300.93, 297.93, 312.93, 310.93, 283.93, 236.93, 214.93, 205.93, 207.93, 208.93, 211.93, 212.93, 215.93, 219.93, 229.93, 244.93, 280.93, 310.93, 289.93, 275.93, 265.93, 257.93, 246.93, 248.93, 243.93, 228.93, 223.93, 228.93, 224.93, 214.93, 211.93, 215.93, 212.93, 211.93]","[253.41948113207548, 260.9407887817704, 263.28192505807493, 266.4255263976314, 269.75883415184984, 275.2718278246658, 277.86151677913045, 287.23221709256325, 366.91513391587216, 397.7537266577649, 430.97293485013086, 430.61181355013804, 407.2719152118374, 393.3689068912125, 386.2381526051248, 383.09509901542083, 386.9893260070747, 388.59277054881034, 382.45661638374605, 375.83185452309885, 375.16303974579006, 375.9877344382732, 377.41261993644787, 377.0731279207403, 375.78048878068944, 374.59268982815075, 370.0687243615357, 366.9863749830392, 364.4709142470572, 365.5435681317751, 365.87367807334203, 361.2490464413803, 350.57868635354276, 340.8650029804551, 333.01916114073055, 329.23805302238753, 326.99068429327, 327.8771266245279, 328.80425185018686, 330.1157425848744, 335.6147302399794, 362.2512771755454, 385.97284458188875, 420.36276087262365, 431.14711589877237, 428.93232608253817, 447.0360390203209, 399.00407444115314, 344.3557963787597, 307.31526095989244, 281.93261867027354, 263.1356971282402, 249.10249837962922, 238.12638267471837, 231.79905864374234, 226.30551606353245, 219.9140161400644, 216.1705770141048, 214.4847684299573, 212.68639839281013, 211.532308034225]"
