id,fecha,angulo,ultrasonico,infrarrojo,kalman
4,2026-05-11T12:41:40.465234,"[0, 3, 6, 9, 12, 15, 18, 21, 24, 27, 30, 33, 36, 39, 42, 45, 48, 51, 54, 57, 60, 63, 66, 69, 72, 75, 78, 81, 84, 87, 90, 93, 96, 99, 102, 105, 108, 111, 114, 117, 120, 123, 126, 129, 132, 135, 138, 141, 144, 147, 150, 153, 156, 159, 162, 165, 168, 171, 174, 177, 180]","[528.0, 521.0, 1639.0, 768.0, 673.0, 569.0, 790.0, 671.0, 555.0, 597.0, 846.0, 960.0, 1426.0, 650.0, 556.0, 589.0, 665.0, 564.0, 431.0, 394.0, 385.0, 381.0, 381.0, 385.0, 381.0, 382.0, 361.0, 294.0, 289.0, 358.0, 776.0, 284.0, 279.0, 274.0, 273.0, 272.0, 267.0, 267.0, 267.0, 267.0, 266.0, 267.0, 266.0, 262.0, 267.0, 267.0, 268.0, 268.0, 273.0, 270.0, 275.0, 284.0, 480.0, 301.0, 236.0, 221.0, 220.0, 206.0, 209.0, 204.0, 203.0]","[250.93, 248.93, 255.93, 259.93, 252.93, 243.93, 244.93, 238.93, 247.93, 252.93, 249.93, 257.93, 272.93, 263.93, 255.93, 249.93, 279.93, 304.93, 310.93, 322.93, 320.93, 323.93, 315.93, 308.93, 303.93, 315.93, 307.93, 303.93, 287.93, 295.93, 292.93, 289.93, 283.93, 281.93, 267.93, 274.93, 269.93, 267.93, 270.93, 268.93, 265.93, 255.93, 255.93, 263.93, 263.93, 262.93, 252.93, 263.93, 257.93, 262.93, 262.93, 238.93, 237.93, 240.93, 248.93, 245.93, 239.93, 230.93, 229.93, 220.93, 215.93]","[371.09400943396224, 378.52185801928135, 619.6374447025553, 579.0424310825268, 536.2388544433119, 489.189358496248, 499.36916716727666, 483.42883691819117, 454.0402043581076, 443.62021851861334, 481.0078079115642, 526.8521078129025, 642.4333879391668, 575.987278356497, 515.0752626026328, 480.8221049737318, 477.82810679408317, 462.2929411382334, 429.5740110938884, 404.09866838359915, 385.77964426585913, 373.844420685099, 364.75205108467145, 358.37970538575746, 352.6781417117656, 351.3478805866033, 345.2994608209775, 328.6997895027044, 314.28537160606254, 318.82794445661244, 396.0815518689857, 356.98972120461923, 329.93241814900796, 311.31469722998, 296.6799839857357, 288.36304024712683, 281.2344167104658, 276.3014189464024, 273.6730913258629, 271.62812440100043, 269.5992672173469, 266.6851044144326, 264.635833709657, 264.037244885804, 264.54874896285077, 264.6978740477199, 263.18141487940284, 264.17865531919205, 264.63949803807185, 265.29349793406163, 266.60884134060274, 264.7660212440475, 298.5135184221212, 288.64405316900775, 272.1000578190717, 258.25875590748973, 248.12230368417113, 237.49735014848756, 231.03712421199708, 224.3835201314369, 219.03884736867738]"
