id,fecha,angulo,ultrasonico,infrarrojo,kalman
41,2026-05-11T12:54:19.562383,"[0, 3, 6, 9, 12, 15, 18, 21, 24, 27, 30, 33, 36, 39, 42, 45, 48, 51, 54, 57, 60, 63, 66, 69, 72, 75, 78, 81, 84, 87, 90, 93, 96, 99, 102, 105, 108, 111, 114, 117, 120, 123, 126, 129, 132, 135, 138, 141, 144, 147, 150, 153, 156, 159, 162, 165, 168, 171, 174, 177, 180]","[275.0, 275.0, 275.0, 275.0, 276.0, 285.0, 308.0, 304.0, 530.0, 728.0, 601.0, 795.0, 835.0, 503.0, 402.0, 411.0, 443.0, 437.0, 431.0, 430.0, 430.0, 429.0, 423.0, 423.0, 423.0, 422.0, 422.0, 418.0, 422.0, 422.0, 422.0, 422.0, 427.0, 432.0, 428.0, 438.0, 460.0, 456.0, 453.0, 458.0, 565.0, 573.0, 655.0, 684.0, 574.0, 599.0, 662.0, 719.0, 232.0, 230.0, 229.0, 224.0, 214.0, 214.0, 212.0, 208.0, 207.0, 207.0, 207.0, 207.0, 207.0]","[266.93, 262.93, 266.93, 268.93, 270.93, 263.93, 277.93, 271.93, 289.93, 288.93, 297.93, 316.93, 303.93, 306.93, 315.93, 326.93, 378.93, 347.93, 334.93, 331.93, 344.93, 361.93, 348.93, 377.93, 354.93, 352.93, 346.93, 341.93, 360.93, 331.93, 338.93, 270.93, 217.93, 208.93, 211.93, 206.93, 211.93, 214.93, 225.93, 227.93, 224.93, 236.93, 261.93, 280.93, 298.93, 293.93, 273.93, 264.93, 270.93, 260.93, 249.93, 243.93, 227.93, 224.93, 220.93, 227.93, 224.93, 213.93, 209.93, 210.93, 208.93]","[258.1836320754717, 263.95700262927255, 266.92696091303907, 268.8623686338417, 270.5595898988725, 271.97549588018774, 279.53214622218275, 282.55939530117723, 328.24145025824515, 392.8300534241179, 413.1228184077554, 464.30008874790474, 501.9771170417178, 467.2214488039852, 428.4375989535591, 407.1310545397738, 408.50459546870434, 402.75828734916854, 395.6671915021173, 390.40001985471224, 389.3485267542922, 391.53979961107825, 389.5425854452717, 393.45562314209144, 391.8468234087675, 390.27700200401483, 388.1948082919516, 385.2464171757449, 387.4742715441061, 383.7092454635201, 382.5469699689091, 369.62033110522026, 352.7265767946966, 341.1686227041312, 333.5722643696472, 329.5930028328324, 331.8758190507746, 333.16167029412395, 335.41988587428045, 338.12298012252757, 358.4870640090505, 375.1381363923394, 404.9906160221099, 432.7464005241964, 434.07861693432534, 438.5161324262752, 449.06641214763516, 464.4351559664162, 388.13698551479246, 337.02366674915373, 302.07253591637226, 277.6724956346395, 257.35660607639215, 243.7816513791798, 233.99525424931664, 228.2522943235602, 223.85027812352465, 219.0549009159683, 215.26098875261442, 213.00540312453126, 211.19964055185875]"
