id,fecha,angulo,ultrasonico,infrarrojo,kalman
46,2026-05-11T12:55:45.450518,"[0, 3, 6, 9, 12, 15, 18, 21, 24, 27, 30, 33, 36, 39, 42, 45, 48, 51, 54, 57, 60, 63, 66, 69, 72, 75, 78, 81, 84, 87, 90, 93, 96, 99, 102, 105, 108, 111, 114, 117, 120, 123, 126, 129, 132, 135, 138, 141, 144, 147, 150, 153, 156, 159, 162, 165, 168, 171, 174, 177, 180]","[271.0, 275.0, 276.0, 275.0, 285.0, 290.0, 308.0, 379.0, 707.0, 648.0, 673.0, 569.0, 778.0, 507.0, 511.0, 444.0, 442.0, 441.0, 436.0, 430.0, 425.0, 429.0, 424.0, 427.0, 422.0, 422.0, 418.0, 418.0, 422.0, 422.0, 422.0, 422.0, 423.0, 427.0, 432.0, 433.0, 434.0, 443.0, 461.0, 454.0, 1337.0, 586.0, 770.0, 663.0, 549.0, 599.0, 655.0, 441.0, 226.0, 235.0, 215.0, 215.0, 218.0, 213.0, 208.0, 208.0, 207.0, 207.0, 206.0, 207.0, 201.0]","[262.93, 252.93, 252.93, 253.93, 264.93, 267.93, 259.93, 262.93, 271.93, 292.93, 297.93, 296.93, 296.93, 282.93, 282.93, 288.93, 309.93, 306.93, 296.93, 295.93, 306.93, 316.93, 302.93, 302.93, 301.93, 320.93, 319.93, 300.93, 300.93, 299.93, 315.93, 301.93, 257.93, 210.93, 205.93, 214.93, 217.93, 215.93, 216.93, 217.93, 220.93, 227.93, 243.93, 267.93, 281.93, 280.93, 288.93, 277.93, 269.93, 258.93, 240.93, 234.93, 229.93, 232.93, 229.93, 216.93, 213.93, 209.93, 218.93, 214.93, 202.93]","[254.3723113207547, 259.5091498685364, 261.6094172305828, 262.70641486079666, 267.22677065779203, 271.48246435072434, 275.97643222841367, 292.1265522162723, 362.88345367370107, 401.4385804237676, 431.5459344157483, 432.05435498330144, 469.8194213678757, 443.0019936637615, 426.5088251777598, 404.9976343027402, 394.59646613194076, 387.2050851221629, 379.7747917664998, 373.75255633455487, 370.96260527450676, 371.6799783478908, 368.7369001616189, 367.3855883754657, 365.4436215577277, 367.60082596397604, 368.08955163853824, 364.9997407304033, 363.7333931075112, 362.7415953213992, 364.9711771555484, 363.89419143432724, 355.50050625581446, 342.4113845843131, 334.0115398296777, 330.41229088845665, 328.8190152639183, 329.0504441853982, 332.60240885416573, 333.80708258527966, 493.2882761199934, 462.3623090263484, 478.34156068753146, 473.72843535215407, 452.85511861242827, 448.23713604782995, 456.7378229166563, 421.88909780056065, 359.57947324581954, 319.23448577074674, 286.5365016294072, 264.4780451054624, 249.96394003311448, 240.29136539789386, 232.65103356426968, 225.41923424177816, 220.06176662865107, 215.90713720226304, 214.67396549430995, 213.3452005309755, 209.26815754837585]"
