id,fecha,angulo,ultrasonico,infrarrojo,kalman
47,2026-05-11T12:56:48.650995,"[0, 3, 6, 9, 12, 15, 18, 21, 24, 27, 30, 33, 36, 39, 42, 45, 48, 51, 54, 57, 60, 63, 66, 69, 72, 75, 78, 81, 84, 87, 90, 93, 96, 99, 102, 105, 108, 111, 114, 117, 120, 123, 126, 129, 132, 135, 138, 141, 144, 147, 150, 153, 156, 159, 162, 165, 168, 171, 174, 177, 180]","[365.0, 599.0, 847.0, 828.0, 362.0, 366.0, 351.0, 346.0, 340.0, 340.0, 339.0, 339.0, 338.0, 338.0, 338.0, 338.0, 338.0, 338.0, 338.0, 334.0, 339.0, 340.0, 340.0, 346.0, 350.0, 347.0, 361.0, 403.0, 368.0, 384.0, 366.0, 373.0, 382.0, 364.0, 354.0, 358.0, 347.0, 347.0, 346.0, 340.0, 340.0, 339.0, 335.0, 339.0, 338.0, 338.0, 338.0, 338.0, 338.0, 334.0, 335.0, 335.0, 291.0, 336.0, 336.0, 346.0, 351.0, 241.0, 298.0, 238.0, 224.0]","[227.93, 228.93, 231.93, 226.93, 232.93, 225.93, 225.93, 234.93, 230.93, 242.93, 246.93, 268.93, 305.93, 373.93, 390.93, 340.93, 326.93, 318.93, 309.93, 296.93, 281.93, 282.93, 285.93, 284.93, 288.93, 289.93, 301.93, 295.93, 322.93, 292.93, 275.93, 293.93, 308.93, 317.93, 300.93, 320.93, 318.93, 315.93, 297.93, 308.93, 291.93, 291.93, 308.93, 294.93, 258.93, 234.93, 232.93, 244.93, 243.93, 245.93, 232.93, 228.93, 238.93, 239.93, 240.93, 241.93, 240.93, 241.93, 241.93, 240.93, 241.93]","[282.48080188679245, 352.8899561787905, 431.9596343803656, 468.64887374667234, 405.52478501572904, 365.8038976060818, 337.9603142746933, 320.91031552185893, 308.2011819208068, 302.20326092688686, 298.89311641045026, 300.710262821285, 308.3251157653467, 325.3926333274218, 339.3906613347314, 339.4172937688452, 336.9265801839696, 333.8951541726267, 330.3376008581163, 325.0093787660723, 319.7987448761971, 316.8131176676737, 315.43450038028357, 315.44542709992885, 316.8854695183401, 317.4513482697767, 322.47184507888977, 332.1423471543298, 336.91528838213134, 337.4704842997718, 331.5572696111716, 332.2407284635269, 336.9784238425356, 338.40664492731815, 334.48671780937315, 336.2702250872503, 335.0861031808562, 333.7888155563899, 329.5528441329936, 327.7300854599349, 323.5151545381508, 320.63112573924906, 321.1089962899184, 319.62437825109356, 312.04387082681905, 302.88004673396136, 296.64097441840033, 294.7866424034929, 293.4175100845363, 292.1806222129913, 289.2373133670711, 286.63195205557395, 278.8696024737667, 282.1280974851112, 284.3983407782257, 287.8256688592111, 290.74164585102983, 273.08791447554523, 271.96910672579384, 260.32426445158586, 250.52260086597377]"
