id,fecha,angulo,ultrasonico,infrarrojo,kalman
49,2026-05-11T12:58:17.482114,"[0, 3, 6, 9, 12, 15, 18, 21, 24, 27, 30, 33, 36, 39, 42, 45, 48, 51, 54, 57, 60, 63, 66, 69, 72, 75, 78, 81, 84, 87, 90, 93, 96, 99, 102, 105, 108, 111, 114, 117, 120, 123, 126, 129, 132, 135, 138, 141, 144, 147, 150, 153, 156, 159, 162, 165, 168, 171, 174, 177, 180]","[481.0, 539.0, 520.0, 713.0, 825.0, 703.0, 635.0, 1212.0, 362.0, 355.0, 341.0, 340.0, 340.0, 335.0, 330.0, 329.0, 330.0, 325.0, 330.0, 326.0, 331.0, 331.0, 332.0, 337.0, 338.0, 338.0, 349.0, 349.0, 360.0, 361.0, 375.0, 431.0, 397.0, 367.0, 370.0, 362.0, 360.0, 386.0, 345.0, 340.0, 330.0, 324.0, 325.0, 323.0, 317.0, 317.0, 316.0, 315.0, 315.0, 314.0, 320.0, 314.0, 318.0, 309.0, 318.0, 318.0, 323.0, 265.0, 332.0, 337.0, 239.0]","[211.93, 211.93, 212.93, 219.93, 221.93, 220.93, 226.93, 228.93, 230.93, 232.93, 227.93, 240.93, 238.93, 248.93, 272.93, 306.93, 324.93, 308.93, 284.93, 292.93, 294.93, 285.93, 285.93, 285.93, 273.93, 289.93, 290.93, 273.93, 259.93, 281.93, 313.93, 298.93, 260.93, 271.93, 292.93, 303.93, 308.93, 284.93, 283.93, 307.93, 305.93, 297.93, 271.93, 252.93, 274.93, 299.93, 273.93, 273.93, 297.93, 296.93, 269.93, 266.93, 288.93, 289.93, 281.93, 261.93, 239.93, 257.93, 256.93, 237.93, 226.93]","[330.12231132075465, 354.4031025416301, 359.51488132511867, 400.60072481526635, 445.906951616171, 451.7287952039543, 444.25340468336685, 543.4086040453441, 454.865471912633, 397.201882750961, 356.80733477362827, 333.0383082587672, 317.4274666902787, 308.3052552409493, 305.8546720642933, 310.19329597795695, 316.38101894709126, 316.59023463912865, 313.32104987404153, 311.9395907518007, 312.3069513840831, 310.9305432078615, 310.2263724731063, 310.6701201610162, 308.9844752469844, 310.7687859402315, 314.06339923816404, 313.1325030424831, 311.9977211010946, 315.3894454291762, 325.80598294148473, 339.8349972167206, 335.94073843343267, 330.03818042662493, 330.54934933909107, 331.4147744736187, 332.5075408571135, 333.5670729815265, 326.72361074283754, 325.73531756292414, 322.95154247862206, 318.65727290357535, 311.4232382905489, 303.0191468559286, 300.4919453484587, 303.34835252937535, 300.34495302797666, 298.23841534742553, 301.18565157030656, 302.71876053775327, 299.94091713304704, 296.54609809222006, 299.02484707327966, 299.18253519101285, 299.4628591316964, 296.0601792037634, 290.83134577587066, 280.31063011324034, 285.3815402666123, 286.1279554868377, 267.0819242669213]"
