id,fecha,angulo,ultrasonico,infrarrojo,kalman
50,2026-05-11T12:58:42.881543,"[0, 3, 6, 9, 12, 15, 18, 21, 24, 27, 30, 33, 36, 39, 42, 45, 48, 51, 54, 57, 60, 63, 66, 69, 72, 75, 78, 81, 84, 87, 90, 93, 96, 99, 102, 105, 108, 111, 114, 117, 120, 123, 126, 129, 132, 135, 138, 141, 144, 147, 150, 153, 156, 159, 162, 165, 168, 171, 174, 177, 180]","[579.0, 536.0, 1057.0, 1654.0, 359.0, 354.0, 343.0, 343.0, 341.0, 340.0, 335.0, 324.0, 324.0, 328.0, 327.0, 327.0, 327.0, 323.0, 323.0, 327.0, 327.0, 328.0, 333.0, 338.0, 343.0, 344.0, 414.0, 397.0, 401.0, 371.0, 348.0, 402.0, 398.0, 346.0, 332.0, 337.0, 319.0, 323.0, 344.0, 307.0, 305.0, 295.0, 299.0, 293.0, 292.0, 293.0, 287.0, 288.0, 287.0, 282.0, 282.0, 286.0, 286.0, 282.0, 278.0, 286.0, 282.0, 256.0, 293.0, 236.0, 225.0]","[228.93, 224.93, 223.93, 222.93, 224.93, 225.93, 226.93, 232.93, 238.93, 254.93, 274.93, 291.93, 295.93, 295.93, 290.93, 276.93, 270.93, 264.93, 252.93, 247.93, 245.93, 243.93, 242.93, 229.93, 229.93, 238.93, 238.93, 228.93, 239.93, 229.93, 259.93, 281.93, 277.93, 299.93, 309.93, 310.93, 291.93, 290.93, 304.93, 287.93, 283.93, 292.93, 290.93, 290.93, 279.93, 258.93, 243.93, 308.93, 230.93, 209.93, 231.93, 241.93, 241.93, 231.93, 228.93, 238.93, 238.93, 236.93, 235.93, 236.93, 236.93]","[384.91004716981126, 382.52974583698506, 491.8415654984344, 663.4159476152564, 526.4433341133715, 440.7081413801106, 384.637428329653, 349.9336937060401, 328.43155360742475, 317.3337451066454, 312.9019224818041, 311.13312972266743, 310.71462837951236, 311.16258789777396, 310.37528219911115, 307.3622298966927, 304.3538566497593, 300.6319690600327, 296.09393098117374, 293.002550991673, 290.6604238165019, 288.97825267851357, 288.6152472354036, 286.9492609609869, 286.7757708060032, 288.45572266024686, 302.07283397958776, 305.9750349047585, 311.16617458194077, 307.33239778544083, 306.12600203930066, 318.9655943418727, 325.77227523481724, 324.7665476322863, 323.4046144172216, 323.60537679408816, 317.10644949410397, 313.473198447184, 317.41109455587366, 310.2652551993573, 304.6046941742256, 300.7929431991912, 298.70503843349064, 296.29036864600147, 292.5912271707391, 286.63475543466865, 279.0505303058283, 286.00591103150794, 276.31829996841356, 265.44400049555935, 262.4063343862684, 262.9647381407002, 263.3230895232721, 261.0452558240293, 258.3295717963578, 259.81112025341815, 260.045377622171, 255.18010454241977, 258.50648862207305, 250.6099584802646, 243.57200340228334]"
