id,fecha,angulo,ultrasonico,infrarrojo,kalman
51,2026-05-11T12:59:00.694938,"[0, 3, 6, 9, 12, 15, 18, 21, 24, 27, 30, 33, 36, 39, 42, 45, 48, 51, 54, 57, 60, 63, 66, 69, 72, 75, 78, 81, 84, 87, 90, 93, 96, 99, 102, 105, 108, 111, 114, 117, 120, 123, 126, 129, 132, 135, 138, 141, 144, 147, 150, 153, 156, 159, 162, 165, 168, 171, 174, 177, 180]","[555.0, 561.0, 1515.0, 1041.0, 354.0, 354.0, 343.0, 338.0, 341.0, 334.0, 339.0, 329.0, 329.0, 328.0, 328.0, 327.0, 327.0, 322.0, 322.0, 327.0, 327.0, 332.0, 332.0, 338.0, 347.0, 348.0, 354.0, 406.0, 356.0, 397.0, 349.0, 343.0, 394.0, 350.0, 341.0, 323.0, 309.0, 316.0, 349.0, 310.0, 300.0, 295.0, 299.0, 293.0, 292.0, 292.0, 287.0, 282.0, 283.0, 282.0, 287.0, 287.0, 282.0, 286.0, 282.0, 287.0, 278.0, 277.0, 297.0, 289.0, 247.0]","[225.93, 226.93, 224.93, 223.93, 223.93, 224.93, 228.93, 234.93, 238.93, 256.93, 284.93, 286.93, 292.93, 294.93, 265.93, 280.93, 268.93, 245.93, 237.93, 248.93, 245.93, 242.93, 240.93, 243.93, 240.93, 239.93, 235.93, 236.93, 239.93, 240.93, 239.93, 237.93, 238.93, 230.93, 239.93, 239.93, 240.93, 240.93, 241.93, 222.93, 240.93, 232.93, 232.93, 240.93, 241.93, 241.93, 234.93, 233.93, 240.93, 240.93, 239.93, 237.93, 238.93, 236.93, 230.93, 236.93, 235.93, 237.93, 227.93, 236.93, 234.93]","[372.0468396226415, 383.78390885188435, 589.8253045146955, 606.2057244420671, 489.22314190987896, 416.8008506209403, 369.69727115110857, 339.8183211748136, 321.9431094595692, 312.4538717494186, 312.27870499959573, 310.733197611854, 310.8162445619514, 311.04866840198105, 306.00306708510584, 305.27291290265634, 302.65479598341733, 295.9590331992793, 290.2290490689891, 289.4179363132618, 288.3600245058206, 288.0393751991079, 287.4753433649045, 288.7255392710995, 290.60261573837363, 291.8072153519371, 292.93851560505203, 303.158344571047, 301.2977895674401, 307.6272014368188, 302.9117431408397, 298.4526031950615, 304.90568069519185, 299.7321975274696, 296.4121538652426, 291.0572228506041, 285.2920622043653, 282.84621549223425, 287.36699055997497, 279.8786942243387, 276.5061670115525, 272.0131989993555, 269.8463859260208, 268.8141076073858, 268.151650810228, 267.72652417511574, 265.30415695805317, 262.67484842411443, 262.42053985298094, 262.07821046769584, 262.575038314941, 262.53561625567886, 261.7938023085613, 261.6760063926516, 259.8091239077943, 260.58148283672153, 259.2858504855152, 258.63351701615966, 260.006174797514, 261.0661963231189, 253.86479058444476]"
