id,fecha,angulo,ultrasonico,infrarrojo,kalman
53,2026-05-11T12:59:33.139612,"[0, 3, 6, 9, 12, 15, 18, 21, 24, 27, 30, 33, 36, 39, 42, 45, 48, 51, 54, 57, 60, 63, 66, 69, 72, 75, 78, 81, 84, 87, 90, 93, 96, 99, 102, 105, 108, 111, 114, 117, 120, 123, 126, 129, 132, 135, 138, 141, 144, 147, 150, 153, 156, 159, 162, 165, 168, 171, 174, 177, 180]","[546.0, 536.0, 920.0, 1650.0, 360.0, 354.0, 343.0, 343.0, 341.0, 341.0, 339.0, 329.0, 324.0, 328.0, 328.0, 327.0, 327.0, 322.0, 323.0, 327.0, 327.0, 332.0, 333.0, 338.0, 343.0, 419.0, 414.0, 401.0, 352.0, 354.0, 397.0, 343.0, 402.0, 403.0, 332.0, 323.0, 323.0, 327.0, 340.0, 331.0, 309.0, 304.0, 294.0, 294.0, 288.0, 292.0, 287.0, 287.0, 282.0, 287.0, 282.0, 286.0, 287.0, 282.0, 282.0, 286.0, 286.0, 292.0, 297.0, 268.0, 218.0]","[223.93, 223.93, 221.93, 218.93, 218.93, 218.93, 223.93, 231.93, 235.93, 255.93, 274.93, 295.93, 303.93, 302.93, 293.93, 277.93, 271.93, 259.93, 252.93, 249.93, 248.93, 246.93, 245.93, 243.93, 241.93, 238.93, 237.93, 236.93, 239.93, 241.93, 240.93, 237.93, 237.93, 239.93, 241.93, 234.93, 235.93, 243.93, 241.93, 262.93, 266.93, 248.93, 259.93, 304.93, 388.93, 274.93, 241.93, 243.93, 244.93, 245.93, 244.93, 244.93, 243.93, 246.93, 263.93, 248.93, 231.93, 240.93, 251.93, 249.93, 246.93]","[366.8062735849056, 373.85270815074495, 457.3880254519745, 640.6614070236111, 511.15765954004974, 429.6953617627843, 377.04944374027303, 344.8901733497019, 324.6585840407664, 315.2713146882028, 312.2950941381932, 312.3559677409703, 312.93242954013255, 313.8397510312612, 312.8098455283043, 309.10372010952653, 305.6505732898117, 300.389354002833, 295.93823461485096, 293.26089161655847, 291.36359832007776, 290.6834110949239, 290.246906095942, 290.50416867303574, 291.20665133882545, 304.73386556152235, 312.3400801838212, 314.7135078553631, 307.99671299932163, 304.4027758822831, 309.6198029011608, 302.75744976961613, 308.92218489212956, 313.4157433473086, 303.9395643243496, 294.9922376102967, 289.4294872030513, 288.00917965338977, 289.06812466663195, 291.89724003017403, 290.48848527429067, 285.46446552406616, 282.4194676634027, 288.52615864907045, 306.41712657488006, 298.1943534934085, 286.1105572902026, 278.7141301145328, 273.25101382277836, 270.8198730040663, 268.18493407768085, 267.2104971058227, 266.5851595551291, 265.8255963459657, 268.3833417467079, 268.05433886456603, 264.79801441462484, 265.3952246188255, 268.64454030275596, 265.1767717200561, 253.4575318897344]"
