id,fecha,angulo,ultrasonico,infrarrojo,kalman
9,2026-05-11T12:43:02.288252,"[0, 3, 6, 9, 12, 15, 18, 21, 24, 27, 30, 33, 36, 39, 42, 45, 48, 51, 54, 57, 60, 63, 66, 69, 72, 75, 78, 81, 84, 87, 90, 93, 96, 99, 102, 105, 108, 111, 114, 117, 120, 123, 126, 129, 132, 135, 138, 141, 144, 147, 150, 153, 156, 159, 162, 165, 168, 171, 174, 177, 180]","[529.0, 464.0, 583.0, 1252.0, 596.0, 702.0, 1490.0, 609.0, 676.0, 576.0, 584.0, 667.0, 557.0, 586.0, 1374.0, 560.0, 602.0, 573.0, 402.0, 399.0, 385.0, 385.0, 394.0, 381.0, 361.0, 361.0, 294.0, 297.0, 358.0, 358.0, 284.0, 271.0, 274.0, 273.0, 273.0, 273.0, 267.0, 267.0, 267.0, 267.0, 268.0, 267.0, 267.0, 267.0, 267.0, 267.0, 268.0, 268.0, 274.0, 270.0, 285.0, 289.0, 323.0, 233.0, 285.0, 286.0, 212.0, 216.0, 209.0, 204.0, 198.0]","[224.93, 232.93, 224.93, 226.93, 234.93, 234.93, 233.93, 234.93, 229.93, 229.93, 234.93, 239.93, 241.93, 241.93, 241.93, 238.93, 246.93, 268.93, 296.93, 304.93, 302.93, 309.93, 317.93, 298.93, 295.93, 291.93, 286.93, 294.93, 277.93, 274.93, 286.93, 282.93, 279.93, 265.93, 274.93, 273.93, 272.93, 262.93, 256.93, 255.93, 266.93, 253.93, 251.93, 263.93, 263.93, 262.93, 262.93, 258.93, 251.93, 257.93, 255.93, 241.93, 232.93, 237.93, 246.93, 233.93, 238.93, 226.93, 221.93, 225.93, 220.93]","[359.1836320754717, 353.44385626643293, 374.8544934855065, 514.922876682507, 478.24776415415863, 474.7010241394107, 614.1239680510292, 545.142212363149, 512.091511878529, 472.98269962453736, 450.223787879913, 451.3850442192552, 432.7838496594497, 426.0417877879586, 562.8692256031825, 504.3283269124578, 475.71666579917036, 456.10146151588555, 417.89813752729617, 394.27709079026926, 376.25240307010387, 365.93909792989996, 362.3658018356059, 354.3405450041144, 345.0704351362792, 338.40489716338226, 321.2300661220992, 312.17866493969007, 314.2516632747178, 315.0446079103981, 304.44748947375706, 294.6016795911896, 288.2832056268747, 281.54144101672114, 278.8271236726438, 276.90610227834765, 274.4193998464865, 271.0322895364448, 267.78386442520537, 265.5200834142592, 266.21686450313837, 264.15621550617607, 262.47555204095346, 263.546544400895, 264.2338456410156, 264.4957872245914, 264.84301503783337, 264.3493307196508, 263.8533837606507, 263.8933711232762, 266.24770691227826, 265.96729623625805, 270.26556442618426, 257.797998797785, 260.72388879855805, 260.45201114206924, 247.9176495663966, 238.44078762602095, 230.20953779387597, 224.74806673575839, 219.27279239256677]"
